oid,spectroscopic_type,alerce_class,predicted_class_recomputed,confidence_recomputed,correct_recomputed,cv_fold,score_raw_confidence,score_raw_margin,score_raw_negative_entropy,score_raw_transient_mass,score_raw_conditional_transient_max,score_calibrated_confidence,score_calibrated_margin,score_calibrated_negative_entropy,score_calibrated_transient_mass,score_predicted_class_rate,score_learned_shape,score_learned_full
ZTF21aaewexx,SN Ia,SNIa,SNIa,0.43362,1,4,0.43362,0.09702,0.5335752966901471,0.99,0.438,0.6076610304225084,0.270514361347945,0.6828504072485972,0.9999504463937023,0.8487215993434153,0.6044547545184108,0.7024210931904903
ZTF25aairenk,SN Ia,SNIa,SNIa,0.356172,1,2,0.356172,0.134672,0.3556996953167928,0.8859999999999999,0.402,0.6050603933157755,0.40679469990935635,0.6079533467592724,0.9965047606621779,0.8515818725102239,0.7340653668961988,0.8251248355383562
ZTF22aauuxul,SN Ia,SNIa,SNIa,0.558,1,5,0.558,0.32400000000000007,0.5832602182998279,1.0,0.558,0.8570720075827253,0.7491128318642529,0.812482280149746,1.0,0.8434083693857094,0.8834393307359905,0.9882123813015794
ZTF23abhafym,SN Ia,SNIa,SNIa,0.52894,1,2,0.52894,0.24351199999999995,0.5762817197681376,0.998,0.5299999999999999,0.7883988945128446,0.6032824594660555,0.7736294033123476,0.9999997903953172,0.8515818725102239,0.8412629791036959,0.9611933529920502
ZTF24abqldco,SN Ia,SNIa,SNIa,0.3992,1,5,0.3992,0.163672,0.5089122358809417,0.9979999999999999,0.4,0.6163408345153705,0.4411397714365791,0.6153357229835021,0.9999994261188494,0.8434083693857094,0.758737247705346,0.8702472259243524
ZTF23aaqmfgs,SN Ia,SNIa,SNIa,0.626,1,4,0.626,0.39,0.6312036240167019,1.0,0.626,0.8957648103019936,0.8031288278583619,0.860771980361128,1.0,0.8487215993434153,0.9021296194787127,0.9928442991425596
ZTF19acygjgx,SN Ia,SNIa,SNIbc,0.43,0,4,0.43,0.08999999999999997,0.5503969113000116,1.0,0.43,0.5938242902236734,0.24992115100083717,0.6747523847110147,1.0,0.5038357489552927,0.5881384505120156,0.4351375116478611
ZTF22aalsbwt,SN Ia,SNIa,SNIa,0.35351999999999995,1,4,0.35351999999999995,0.08838000000000001,0.4745234401080005,0.9819999999999998,0.36000000000000004,0.49427187709884,0.2411290861506204,0.5756094299792256,0.9999440595640476,0.8487215993434153,0.6231921921358122,0.7555766964704247
ZTF19acelcan,SN Ia,SNIa,SNIa,0.34833600000000003,1,1,0.34833600000000003,0.09643199999999996,0.46774480863343093,0.9840000000000002,0.354,0.506597486057311,0.2680278613379833,0.5532097321681678,0.9999248842891474,0.8501719576719576,0.6622811585971877,0.7144516547202889
ZTF23aaaboss,SN Ia,SNIa,SNIbc,0.21217599999999995,0,4,0.21217599999999995,0.009968000000000005,0.2104904055160134,0.7119999999999999,0.298,0.3278528609443062,0.034715208940383824,0.4193570812234332,0.9083108524740403,0.5038357489552927,0.4434725595042645,0.22237672759603333
ZTF20acoyyly,SN Ia,SNIa,SNIa,0.482,1,5,0.482,0.10199999999999998,0.6027255518498986,1.0,0.482,0.6279891330214795,0.27172331461696225,0.7302388942008822,1.0,0.8434083693857094,0.5989811801328535,0.7809373849537125
ZTF21abhthvj,SN Ia,SNIa,SNIa,0.42200000000000004,1,2,0.42200000000000004,0.16799999999999998,0.5194766909306232,1.0000000000000002,0.42199999999999993,0.6597288378212123,0.45952301547803226,0.642785182135894,0.9999999999999999,0.8515818725102239,0.7554415947569928,0.8169270167992887
ZTF21aaqzkhx,SN Ia,SNIa,SNIa,0.658,1,4,0.658,0.41400000000000003,0.6670020081939452,1.0,0.658,0.9040168505464762,0.8140512384641764,0.8743928566881891,1.0,0.8487215993434153,0.9036890906990284,0.9940082551948489
ZTF18aasdted,SN Ia,SNIa,SNIbc,0.30938,0,3,0.30938,0.02594799999999997,0.49903692102934893,0.998,0.31,0.3714303932412158,0.06876963391852464,0.5426434002908466,0.9999978236786856,0.4967890951237502,0.49476437019882064,0.6057627810969101
ZTF19abimlck,SN Ia,SNIa,YSO,0.19544000000000003,0,4,0.19544000000000003,0.054008,0.10096985930201285,0.42600000000000005,0.332,0.41951062654353516,0.22180108115688968,0.33820891136663067,0.44845879101877306,0.44260507533703414,0.10520253814689168,0.0028144289981430703
ZTF20actpuan,SN Ia,SNIa,SNIa,0.546,1,1,0.546,0.30000000000000004,0.5769781297784742,1.0,0.546,0.8335491628150704,0.7027995834254208,0.7928678876404499,1.0000000000000002,0.8501719576719576,0.8697127420673502,0.9808979577740313
ZTF18aamzgzi,SN Ia,SNIa,CV/Nova,0.1606,0,1,0.1606,0.03762399999999999,0.062432920435685824,0.20400000000000001,0.37799999999999995,0.3343836160466598,0.15453557310501898,0.2329843405190023,0.11081830646832888,0.5463980463980465,0.03539870778313274,0.9999996042247793
ZTF22abnuakd,SN Ia,SNIa,SNIa,0.426,1,1,0.426,0.04199999999999998,0.5738733770854763,1.0,0.426,0.5347968984110286,0.11459860541024286,0.6859275890127308,1.0000000000000002,0.8501719576719576,0.45769273883158673,0.5539481063162913
ZTF19abuonnx,SN Ia,SNIa,SNIa,0.486,1,1,0.486,0.22799999999999998,0.5490643463932314,1.0,0.486,0.7544565517328518,0.5812103187104791,0.7234551817225838,1.0,0.8501719576719576,0.8245229854879851,0.9444390465114085
ZTF19abvalfd,SN Ia,SNIa,SNIa,0.508,1,4,0.508,0.174,0.5962589520383543,1.0,0.508,0.7080602443577261,0.44108195809447615,0.7428230052990796,1.0,0.8487215993434153,0.729955647200543,0.8904468984226405
ZTF19aavkhuy,SN Ia,SNIa,SNIa,0.536,1,1,0.536,0.258,0.5882477708144325,1.0,0.536,0.7930664302476047,0.6205363061767404,0.7729050698591546,1.0,0.8501719576719576,0.834013532336157,0.9676690138156548
ZTF21aaphvyi,SN Ia,SNIa,SNIa,0.45400000000000007,1,1,0.45400000000000007,0.174,0.5441030002518482,1.0000000000000002,0.45399999999999996,0.6836065107424825,0.46120797733065655,0.6836380731769054,0.9999999999999998,0.8501719576719576,0.7608833296420767,0.8877045872219319
ZTF22abgawlh,SN Ia,SNIa,SNIa,0.306,1,4,0.306,0.008000000000000007,0.4961800114261564,1.0,0.306,0.37491090919002085,0.022403922004926524,0.5279586691675985,1.0,0.8487215993434153,0.42928915782203364,0.5587543231803725
ZTF20acsesce,SN Ia,SNIa,SNIbc,0.47200000000000003,0,4,0.47200000000000003,0.064,0.6114330605633433,1.0000000000000002,0.4719999999999999,0.5775916583907094,0.16603371165229386,0.7279226047633038,0.9999999999999999,0.5038357489552927,0.4797620491724913,0.49224786794114533
ZTF22abatsyj,SN Ia,SNIa,SNIa,0.602,1,2,0.602,0.354,0.6208928919134831,1.0,0.602,0.8744305971706852,0.7655256133013583,0.8401434119653689,0.9999999999999999,0.8515818725102239,0.9126125745069114,0.9918466645510675
ZTF19abgrcxs,SN Ia,SNIa,SNIa,0.49900000000000005,1,5,0.49900000000000005,0.22954000000000002,0.5575357970906426,0.9980000000000002,0.49999999999999994,0.7682112984161523,0.5913988717110671,0.7443651642771787,0.9999995028175723,0.8434083693857094,0.824064968175969,0.9541137570218523
ZTF20achkgng,SN Ia,SNIa,SNIa,0.514,1,2,0.514,0.248,0.56462163275494,1.0,0.514,0.7892600120830372,0.6212886763530356,0.7600002163479596,1.0,0.8515818725102239,0.8501606562514594,0.9605272757803092
ZTF19aavlnjz,SN Ia,SNIa,SNIa,0.351016,1,2,0.351016,0.05915999999999999,0.4799095376288839,0.986,0.356,0.48506582768088696,0.17064261416062992,0.5781058503242273,0.9999804417758096,0.8515818725102239,0.5257164469030972,0.5390342797572573
ZTF20acxzkkf,SN Ia,SNIa,SNIa,0.5800000000000001,1,1,0.5800000000000001,0.28200000000000003,0.6273893908351988,1.0000000000000002,0.58,0.8157641462081585,0.642138734766289,0.8070294432748364,1.0,0.8501719576719576,0.8376613261300855,0.9763129232408723
ZTF19aaoyech,SN Ia,SNIa,SNIa,0.596,1,5,0.596,0.33599999999999997,0.6209917915324712,1.0,0.596,0.8661139890980066,0.746249189792494,0.8360981468894331,0.9999999999999999,0.8434083693857094,0.8791723742526886,0.9899935336746664
ZTF18acaezsx,SN Ia,SNIa,SNIa,0.4250400000000001,1,5,0.4250400000000001,0.17296,0.4168922297157315,0.9200000000000002,0.462,0.7082419592219188,0.5044077473091849,0.6957252232642146,0.9991034013721084,0.8434083693857094,0.7842607880526712,0.9115494616812051
ZTF18aajivpr,SN Ia,SNIa,SNIbc,0.356,0,3,0.356,0.09199999999999997,0.507996863389194,1.0,0.356,0.4937992156781742,0.24829874231074056,0.56829639350032,1.0,0.4967890951237502,0.6318971993384266,0.5147442295983319
ZTF19acrdqej,SN Ia,SNIa,SNIa,0.5700000000000001,1,1,0.5700000000000001,0.35200000000000004,0.5865417003170121,1.0,0.5700000000000001,0.8678471709565846,0.7748182341415973,0.8188315002391473,0.9999999999999999,0.8501719576719576,0.8944853035185589,0.9908243549933717
ZTF22absqvgm,SN Ia,SNIa,SLSN,0.347304,0,5,0.347304,0.01796399999999998,0.5065391872054748,0.998,0.348,0.45464792020080147,0.05406909662236542,0.5919722804666232,0.999999730124204,0.3214158156316022,0.4442572086717125,0.12708986760299978
ZTF20abnrdse,SN Ia,SNIa,SNIa,0.32934,1,2,0.32934,0.06786400000000004,0.4906306737550584,0.998,0.33,0.44887440968018155,0.18781911322858763,0.5309424086433545,0.999999037133851,0.8515818725102239,0.5602705113053673,0.41640894714724036
ZTF21aaqpykm,SN Ia,SNIa,SNIa,0.43800000000000006,1,5,0.43800000000000006,0.20000000000000004,0.5248983884175372,1.0000000000000002,0.43799999999999994,0.6981459249398188,0.5350524033456464,0.6666639813366739,1.0000000000000002,0.8434083693857094,0.8072515360656731,0.9083392672571973
ZTF20aaivvwa,SN Ia,SNIa,SNIa,0.452056,1,5,0.452056,0.23536800000000002,0.4455436964931292,0.934,0.484,0.7772591395301586,0.6426035886038108,0.7242503167855213,0.9976874158275842,0.8434083693857094,0.8527695954843291,0.9589551843017675
ZTF22abizgac,SN Ia,SNIa,SNIa,0.67864,1,5,0.67864,0.46706400000000003,0.6635067346573831,0.998,0.68,0.9359395277541179,0.8777906425274535,0.9041584222779169,0.9999998958035409,0.8434083693857094,0.9142247644024452,0.9975421737019322
ZTF19abvhduf,SN Ia,SNIa,SNIa,0.31936,1,2,0.31936,0.015967999999999982,0.4997210221651929,0.998,0.31999999999999995,0.3969791112593965,0.04506069176069877,0.5510640991034359,0.9999975905595619,0.8515818725102239,0.4266993861765259,0.42221198509991337
ZTF23aabmevr,SN Ia,SNIa,SNIa,0.463072,1,3,0.463072,0.11177599999999999,0.5658166292248057,0.998,0.46399999999999997,0.6368828704832709,0.3029700516997571,0.7131831579833845,0.9999987139950992,0.8445060947109149,0.6236923647354946,0.7652792123967702
ZTF22aaoidkm,SN Ia,SNIa,SNIa,0.40969600000000006,1,3,0.40969600000000006,0.19493600000000003,0.32820455122876513,0.8260000000000003,0.4959999999999999,0.7587205337720981,0.5910600849089828,0.7138169285725819,0.9897199009465302,0.8445060947109149,0.8300801822481121,0.9517928096391581
ZTF25aaxeojh,SN Ia,SNIa,SNIa,0.285696,1,3,0.285696,0.08140800000000001,0.2556521324428018,0.768,0.372,0.5217894749541626,0.28354039404716047,0.5220450295357981,0.962668667633159,0.8445060947109149,0.6719810326859282,0.8072690939254406
ZTF20abswjae,SN Ia,SNIa,SNIa,0.27072000000000007,1,2,0.27072000000000007,0.031960000000000044,0.3923358770502001,0.9400000000000001,0.28800000000000003,0.3413258777333072,0.087220083766467,0.4981311340519333,0.9991642981050719,0.8515818725102239,0.5127202076880433,0.4921586595800865
ZTF22aaoewrn,SN Ia,SNIa,SNIa,0.602,1,3,0.602,0.382,0.6077963783210643,1.0,0.602,0.8921740282102393,0.8073315263805656,0.84878437649103,1.0,0.8445060947109149,0.9002851445243661,0.9941358178885098
ZTF18acptgzz,SN Ia,SNIa,SNIbc,0.4020000000000001,0,5,0.4020000000000001,0.09600000000000003,0.5267508554099032,1.0000000000000002,0.40199999999999997,0.5819034796792639,0.2782779378067888,0.6355255897936412,0.9999999999999999,0.5111707620422298,0.6323986865305778,0.388299266176648
ZTF21abdlrpr,SN Ia,SNIa,SNIa,0.5740000000000001,1,3,0.5740000000000001,0.35800000000000004,0.5875466932071196,1.0,0.5740000000000001,0.874964930925772,0.7858653347116282,0.8257884609020811,1.0,0.8445060947109149,0.8950448117565086,0.9919485307038233
ZTF23aawmbkn,SN Ia,SNIa,SNIa,0.40718400000000005,1,5,0.40718400000000005,0.12175599999999998,0.5191072467967653,0.9980000000000001,0.408,0.6080766469259608,0.347386740762256,0.6353961193354375,0.9999997542313638,0.8434083693857094,0.6882886891205581,0.7570064333789723
ZTF23abfroaw,SN Ia,SNIa,SNIa,0.6940000000000001,1,3,0.6940000000000001,0.48600000000000004,0.6815798654913943,1.0000000000000002,0.694,0.9384826705743939,0.8823403222918518,0.9074315726627988,1.0,0.8445060947109149,0.9189261804053128,0.9978697110445668
ZTF20acberbd,SN Ia,SNIa,SNII,0.312,0,2,0.312,0.03199999999999997,0.5017597033697332,1.0,0.312,0.3816131467445492,0.08565400020233321,0.5391762352860863,1.0,0.87441809783826,0.4897837472504806,0.5808789934880488
ZTF21acionva,SN Ia,SNIa,SNIa,0.317364,1,3,0.317364,0.031935999999999964,0.4930083305271772,0.998,0.318,0.4045789510237932,0.08883025194618155,0.5350588814693327,0.9999996789289959,0.8445060947109149,0.5036686424995089,0.5911802311875376
ZTF22aaemgsl,SN Ia,SNIa,SNIa,0.482112,1,3,0.482112,0.273792,0.5182377318113665,0.9919999999999999,0.48600000000000004,0.7852822536521229,0.6748110263445365,0.7265923024120666,0.9999961720559329,0.8445060947109149,0.8633295506432654,0.9660490685838525
ZTF18adathpb,SN Ia,SNIa,SNIbc,0.37287600000000004,0,4,0.37287600000000004,0.11398799999999998,0.4458597638884265,0.9660000000000001,0.386,0.5748715495093313,0.328823819641893,0.5956356531110015,0.9998203240566553,0.5038357489552927,0.6945077693667363,0.3137909446812098
ZTF20aaurfcm,SN Ia,SNIa,SNIa,0.482,1,1,0.482,0.21399999999999997,0.5488916542519264,1.0,0.482,0.743091569511058,0.5530791219106466,0.7195356468368732,1.0,0.8501719576719576,0.8090945124909561,0.9301561695133799
ZTF23aagphxh,SN Ia,SNIa,SNIa,0.35816000000000003,1,1,0.35816000000000003,0.04259199999999996,0.46820863973921534,0.9680000000000002,0.36999999999999994,0.48163387878111985,0.12273878277915551,0.6068979518210348,0.9998253301237792,0.8501719576719576,0.503810908014424,0.5747749544635274
ZTF23abhshea,SN Ia,SNIa,SNIa,0.488,1,3,0.488,0.23399999999999999,0.5471380074197154,1.0,0.488,0.7652455287055863,0.5989212341905872,0.7290371198589151,1.0,0.8445060947109149,0.8252891537752692,0.9408346826107784
ZTF21aasufxv,SN Ia,SNIa,SNIbc,0.49,0,1,0.49,0.08799999999999997,0.6226496780404327,1.0,0.49,0.6074358487287552,0.2239418152604583,0.735486988772301,1.0,0.4917064865161751,0.5401801955770377,0.5048970661165779
ZTF21abimejj,SN Ia,SNIa,SNIa,0.5508960000000002,1,3,0.5508960000000002,0.3353280000000001,0.5672202630375675,0.9980000000000003,0.5519999999999999,0.8581450805654537,0.7623997679066152,0.8052357690296617,0.9999997620505064,0.8445060947109149,0.8885965800334868,0.9886607803442445
ZTF23aaoxngr,SN Ia,SNIa,SNIa,0.686,1,2,0.686,0.5,0.6637532368816801,1.0,0.686,0.9464945733380572,0.9023660637652027,0.9126386985664615,0.9999999999999997,0.8515818725102239,0.9503084649566088,0.9982642945517792
ZTF25aaugeir,SN Ia,SNIa,SNIa,0.4227160000000001,1,3,0.4227160000000001,0.17337200000000003,0.47074396177731737,0.9740000000000002,0.434,0.679304742622433,0.481505982279406,0.6580603695582967,0.999933344004438,0.8445060947109149,0.7706302947803375,0.833259465855113
ZTF20abavxpk,SN Ia,SNIa,SNIbc,0.536,0,4,0.536,0.20600000000000002,0.6132179167654634,1.0,0.536,0.7436570690589979,0.5029931894125798,0.7662917509355471,1.0,0.5038357489552927,0.768196767244642,0.6349495191474596
ZTF20aauwjmw,SN Ia,SNIa,SNIa,0.45,1,5,0.45,0.09600000000000003,0.5649642369463757,1.0,0.45,0.6169680442535421,0.2687671310134142,0.7036224535913582,1.0000000000000002,0.8434083693857094,0.6048563915113259,0.7318718406470307
ZTF22aallgci,SN Ia,SNIa,SNIa,0.49,1,1,0.49,0.188,0.5649843741152817,1.0,0.49,0.7233259031433507,0.48837186842042013,0.7296339140098999,1.0,0.8501719576719576,0.7643323749455146,0.9063698283433852
ZTF19aceuacu,SN Ia,SNIa,SNIa,0.5228440000000001,1,4,0.5228440000000001,0.3260320000000001,0.5395058227399046,0.9940000000000002,0.526,0.8388649172892745,0.7524185484083343,0.7767531539878194,0.999997751174957,0.8487215993434153,0.8981465859090673,0.9825826311441747
ZTF20abahhml,SN Ia,SNIa,SNIbc,0.32,0,2,0.32,0.04999999999999999,0.4958370377708555,1.0,0.32,0.4188263638146458,0.1378204395191922,0.5272101428941891,0.9999999999999999,0.49859770604050213,0.5195430500614215,0.13664985940458244
ZTF23aaxpfpa,SN Ia,SNIa,SNIa,0.5229520000000001,1,2,0.5229520000000001,0.281436,0.5574892940027831,0.9980000000000002,0.524,0.8177874001260574,0.6845771839185917,0.7734123317085989,0.9999997448446987,0.8515818725102239,0.8803436086153074,0.9735559624431066
ZTF19aaptzar,SN Ia,SNIa,SNIbc,0.42445200000000005,0,2,0.42445200000000005,0.07823999999999998,0.5160661642606605,0.9780000000000002,0.43399999999999994,0.5845250633701204,0.2223197978790999,0.6830991359214624,0.9999484718822148,0.49859770604050213,0.5515856589366939,0.4351231234947941
ZTF18acsofdh,SN Ia,SNIa,SNIa,0.4000000000000001,1,3,0.4000000000000001,0.11600000000000005,0.5186865346760575,1.0000000000000002,0.39999999999999997,0.5933249699234218,0.32686704711837905,0.621000960587883,1.0000000000000002,0.8445060947109149,0.6686287996424363,0.6978261831985197
ZTF22aahiyfc,SN Ia,SNIa,SNIa,0.512972,1,1,0.512972,0.241516,0.5613343784312009,0.9979999999999999,0.514,0.7802170633631631,0.6023710274314786,0.7560283159935907,0.999999776667522,0.8501719576719576,0.8279443210319967,0.956411359793601
ZTF19acctpgd,SN Ia,SNIa,SNIa,0.4761600000000001,1,3,0.4761600000000001,0.2658560000000001,0.5167095641861248,0.9920000000000001,0.48000000000000004,0.7747561457781712,0.6600410606900358,0.7182317778439058,0.9999943049963456,0.8445060947109149,0.8581100304068472,0.9632569062280147
ZTF20abxezim,SN Ia,SNIa,SNIa,0.5240000000000001,1,4,0.5240000000000001,0.3320000000000001,0.5570445340661161,1.0000000000000002,0.524,0.8310219409452789,0.7505894389349346,0.7719201781693852,0.9999999999999999,0.8487215993434153,0.898259793236991,0.985626136985205
ZTF21aaqdxzv,SN Ia,SNIa,SNIa,0.5158400000000001,1,2,0.5158400000000001,0.23411200000000004,0.5563676198505811,0.992,0.5200000000000001,0.7797263198463082,0.5913987405857205,0.7640648369203472,0.9999940076710014,0.8515818725102239,0.8345402598319884,0.9554914669528617
ZTF22abfvzqg,SN Ia,SNIa,SNIbc,0.342,0,3,0.342,0.01200000000000001,0.5124630944250524,1.0,0.342,0.4352422164822241,0.03486129828230644,0.5844855697791004,1.0,0.4967890951237502,0.43137594264116835,0.32988392078925544
ZTF19aamjvie,SN Ia,SNIa,SNIa,0.336,1,2,0.336,0.018000000000000016,0.5103511036077113,1.0,0.336,0.42656865915125175,0.05175017692337819,0.5725430753717673,1.0,0.8515818725102239,0.41825637479611977,0.706941997567699
ZTF23aaajtan,SN Ia,SNIa,SNIa,0.31936,1,4,0.31936,0.015967999999999982,0.49723337928458633,0.998,0.31999999999999995,0.39865094815667174,0.04483354987681404,0.5481206168457816,0.9999996196218424,0.8487215993434153,0.4421736095359852,0.4239954599379324
ZTF22abaiyyz,SN Ia,SNIa,SNIa,0.512,1,2,0.512,0.29800000000000004,0.5504765271545161,1.0,0.512,0.8201715439697768,0.7144901260524247,0.7620481647445917,0.9999999999999999,0.8515818725102239,0.8934755372558052,0.9772872775170447
ZTF21abtgbwr,SN Ia,SNIa,SNIa,0.5357,1,1,0.5357,0.28051199999999993,0.5315661111598573,0.9740000000000001,0.5499999999999999,0.8249510665546133,0.6776674951559845,0.7934611598733756,0.9999271933980244,0.8501719576719576,0.8581392267830461,0.9780079794500122
ZTF18ablqlzp,SN Ia,SNIa,SNIa,0.467064,1,5,0.467064,0.23752399999999999,0.5289797794719273,0.998,0.46799999999999997,0.7558475484246787,0.6168735834105659,0.7082504773199958,0.9999994030792543,0.8434083693857094,0.8427649943764582,0.9475419384896042
ZTF25aceilra,SN Ia,SNIa,SNII,0.343924,0,1,0.343924,0.08945999999999998,0.48344478131050883,0.994,0.34600000000000003,0.4869805760610492,0.24514041847763698,0.5448799135227578,0.9999959161644245,0.8811660561660561,0.6469417376148218,0.7860758732030569
ZTF21aaskyvp,SN Ia,SNIa,SNIa,0.5700000000000001,1,5,0.5700000000000001,0.31,0.5983388507243499,1.0,0.5700000000000001,0.8502209567751661,0.7193541657047802,0.8186741391508647,1.0,0.8434083693857094,0.8711347020515404,0.9859905612256081
ZTF19abfvovo,SN Ia,SNIa,SNIa,0.438,1,3,0.438,0.05399999999999999,0.5748240332333054,1.0,0.438,0.5585298512694044,0.14786982426588546,0.6998222554692943,1.0,0.8445060947109149,0.4937710593722887,0.6158621795700558
ZTF19aboxjlj,SN Ia,SNIa,SNIbc,0.432,0,5,0.432,0.08999999999999997,0.5537159922177328,1.0,0.432,0.5985293015239795,0.255593807389731,0.6804559101320281,1.0,0.5111707620422298,0.6001484050829333,0.4464515979903786
ZTF24abamger,SN Ia,SNIa,SNIa,0.407184,1,1,0.407184,0.201596,0.5050157633667667,0.998,0.408,0.641791558243337,0.5106233555303467,0.6151078966485037,0.9999996256231021,0.8501719576719576,0.8164410860828256,0.8895693010049788
ZTF18aavvnzu,SN Ia,SNIa,SNIa,0.38400000000000006,1,3,0.38400000000000006,0.07400000000000001,0.5195976128468243,1.0000000000000002,0.38399999999999995,0.5408945968855301,0.21294384562961077,0.6136337331500986,1.0000000000000002,0.8445060947109149,0.5753931182113723,0.5584166572339787
ZTF18aaxkjmm,SN Ia,SNIa,SNIa,0.35200000000000004,1,3,0.35200000000000004,0.05199999999999999,0.5134643995345799,1.0000000000000002,0.352,0.4672202399817852,0.1456630215428365,0.5777600167322527,1.0,0.8445060947109149,0.5361169333989836,0.5974768654755643
ZTF23abcsrwv,SN Ia,SNIa,SNIa,0.43616,1,1,0.43616,0.16543999999999998,0.45093834821193957,0.94,0.464,0.6946174828268783,0.4652601464390318,0.6944889312756984,0.9990651133940301,0.8501719576719576,0.7599894950463859,0.8884108204853711
ZTF20aanaibf,SN Ia,SNIa,SNIa,0.36503199999999997,1,4,0.36503199999999997,0.17720000000000002,0.3484979424414264,0.8859999999999999,0.41200000000000003,0.6484991710182966,0.5102278027138482,0.6116192483530535,0.9964761896741262,0.8487215993434153,0.8214197474970497,0.8665761405881439
ZTF22abamnmb,SN Ia,SNIa,SNIa,0.558,1,5,0.558,0.29200000000000004,0.5928375531543923,1.0,0.558,0.8355686719494014,0.6927021414940527,0.8065410035994375,1.0,0.8434083693857094,0.8618639690579315,0.9820503196120492
ZTF21aaogifb,SN Ia,SNIa,SNIa,0.31416000000000005,1,5,0.31416000000000005,0.04950399999999999,0.4272872279756358,0.9520000000000001,0.33,0.4164328604149904,0.13973102014832572,0.5589253630251868,0.9995561607352141,0.8434083693857094,0.5239648117362009,0.7280183267330198
ZTF19abvgwvp,SN Ia,SNIa,SNIa,0.5780000000000001,1,2,0.5780000000000001,0.36200000000000004,0.5878880368965309,1.0,0.5780000000000001,0.8819143235682342,0.7945527668244801,0.8330863237408139,0.9999999999999999,0.8515818725102239,0.9213770699436403,0.9923252525071478
ZTF19abauzma,SN Ia,SNIa,SNIa,0.556,1,1,0.556,0.26600000000000007,0.6022024412181725,1.0,0.556,0.8052631654096767,0.6277748752802845,0.7926159743312945,1.0,0.8501719576719576,0.8331937477674106,0.9708448797017208
ZTF18aakiwbs,SN Ia,SNIa,SNII,0.156832,0,2,0.156832,0.019488000000000005,0.08927405353825968,0.46399999999999997,0.338,0.2885802035396791,0.07727530720993278,0.2475843883842579,0.6398823042091457,0.87441809783826,0.3091573349848855,0.025409377863549545
ZTF20aazdsjr,SN Ia,SNIa,SNIa,0.42400000000000004,1,1,0.42400000000000004,0.18600000000000003,0.5187599568114585,1.0,0.42400000000000004,0.6648445293923179,0.49104845968628297,0.6403594163882935,0.9999999999999999,0.8501719576719576,0.7951250678784724,0.8786306793872929
ZTF21achxlkq,SN Ia,SNIa,SNIa,0.34389999999999993,1,3,0.34389999999999993,0.0665,0.42988391408587223,0.9499999999999997,0.36200000000000004,0.5084224264518553,0.2007503077927496,0.5753558387615281,0.9987211975532406,0.8445060947109149,0.5798263393346348,0.4918096025831215
ZTF22aaudeny,SN Ia,SNIa,SNIa,0.443112,1,2,0.443112,0.13373200000000002,0.538707904647347,0.998,0.444,0.6531285906244801,0.3722517796523893,0.6836490388194175,0.9999982251023771,0.8515818725102239,0.6810836722431027,0.7797344055217819
ZTF23abfmlft,SN Ia,SNIa,SNIbc,0.424,0,5,0.424,0.035999999999999976,0.5666380487655229,1.0,0.424,0.5357654632053047,0.10214464999828188,0.6961708490151812,1.0,0.5111707620422298,0.45649941750510087,0.4245149903056612
ZTF22absiyyk,SN Ia,SNIa,SNIa,0.5780000000000001,1,5,0.5780000000000001,0.28200000000000003,0.6250655654180337,1.0,0.5780000000000001,0.8226387523162209,0.6557840425708927,0.8112719137741774,1.0,0.8434083693857094,0.844351198206287,0.979358910576674
ZTF21aaxvrva,SN Ia,SNIa,SNIa,0.4546080000000001,1,5,0.4546080000000001,0.19680000000000009,0.5079090098210756,0.9840000000000002,0.462,0.7212715708277263,0.5347076897665337,0.6992819171107063,0.9999625282681971,0.8434083693857094,0.801279174324081,0.9217534775667393
ZTF22abyjewt,SN Ia,SNIa,SNIa,0.5189600000000001,1,1,0.5189600000000001,0.17165600000000003,0.6112385704908144,0.9980000000000001,0.52,0.7046643502554456,0.427506437997674,0.7496257537356561,0.9999983609587892,0.8501719576719576,0.7133354423819148,0.8937030062482755
ZTF19aamhhgu,SN Ia,SNIa,SNIa,0.43824,1,3,0.43824,0.13545600000000002,0.5342041715385792,0.996,0.44,0.6436943322301953,0.37245838966372147,0.6734884620777437,0.9999979398634238,0.8445060947109149,0.6901075868907393,0.8107757564573298
ZTF18abfgygp,SN Ia,SNIa,SNIa,0.518,1,4,0.518,0.31000000000000005,0.5525830396251611,1.0,0.518,0.8258930254669465,0.7269851625958579,0.7662535031142221,0.9999999999999999,0.8487215993434153,0.8904074861674873,0.9786206833670751
ZTF20abghgix,SN Ia,SNIa,SNII,0.20596400000000004,0,2,0.20596400000000004,0.02728,0.18457769399107382,0.6820000000000002,0.302,0.3385821442872182,0.0960764770074122,0.40218051283240286,0.9010893948547148,0.87441809783826,0.5071889680431682,0.4017708541247466
ZTF19aavoiyc,SN Ia,SNIa,SNIbc,0.5,0,4,0.5,0.126,0.6161252724076278,1.0,0.5,0.6520241488199339,0.32015565180199684,0.736266579266119,1.0,0.5038357489552927,0.6275568496622326,0.5398392529858581
ZTF20acexvcz,SN Ia,SNIa,SNIa,0.4333839999999999,1,5,0.4333839999999999,0.10536399999999996,0.53074175463186,0.9939999999999997,0.43600000000000005,0.6242459395821426,0.3029097818527242,0.6843362090365862,0.9999976346224166,0.8434083693857094,0.6399927440381245,0.7173608362561481
ZTF21aaasxel,SN Ia,SNIa,SNIa,0.46,1,1,0.46,0.22200000000000003,0.5324107442950644,1.0,0.46,0.7288645386882583,0.5711987927241606,0.6896025836204706,1.0,0.8501719576719576,0.8280699620540055,0.9096816851360183
ZTF21aagkhwf,SN Ia,SNIa,SNIa,0.401576,1,4,0.401576,0.174944,0.4982683211326525,0.9940000000000001,0.40399999999999997,0.6233176831388177,0.45856325595401015,0.613303096824884,0.9999925716468554,0.8487215993434153,0.7867659076351384,0.8804469532501303
ZTF21abprzfg,SN Ia,SNIa,SNIa,0.5660000000000001,1,5,0.5660000000000001,0.32400000000000007,0.5883511289212253,1.0,0.5660000000000001,0.8610561127777272,0.7474660548634265,0.8204838858482659,0.9999999999999999,0.8434083693857094,0.8818237820306358,0.9880968880938873
ZTF19aanuhox,SN Ia,SNIa,SNIa,0.624,1,2,0.624,0.356,0.6446141725046329,1.0,0.624,0.8743351600803891,0.7542458783855785,0.8505398215153385,1.0,0.8515818725102239,0.9092964497770524,0.991711036344864
ZTF20aaxxhib,SN Ia,SNIa,SNIbc,0.34800000000000003,0,5,0.34800000000000003,0.043999999999999984,0.5065129126393632,1.0000000000000002,0.348,0.47325666525214644,0.1303755050389943,0.5732905075437091,1.0,0.5111707620422298,0.5185624354249984,0.2745682006067835
ZTF20abmbycd,SN Ia,SNIa,SNIa,0.4920240000000001,1,5,0.4920240000000001,0.18525600000000003,0.560335838351542,0.9960000000000002,0.49399999999999994,0.7291688681916807,0.49274457562774365,0.7391673108257399,0.9999986192144931,0.8434083693857094,0.767654929540479,0.91514773772448
ZTF19acbkyma,SN Ia,SNIa,SNIa,0.51,1,2,0.51,0.256,0.5612600354778337,1.0,0.51,0.7903233818721566,0.6366146435616691,0.7543600328464461,0.9999999999999999,0.8515818725102239,0.8586293769238771,0.9659029076110264
ZTF22abfvxlz,SN Ia,SNIa,SNIa,0.49999200000000005,1,2,0.49999200000000005,0.26493600000000006,0.5413208273394701,0.996,0.502,0.7941351456978902,0.6592590008774281,0.747198090871795,0.9999983565454074,0.8515818725102239,0.8697090922504824,0.9605164175455181
ZTF22aalyumh,SN Ia,SNIa,SNIa,0.538,1,3,0.538,0.24000000000000005,0.5968960467912513,1.0,0.538,0.7801257384212721,0.5840267286176672,0.7743275728213337,0.9999999999999999,0.8445060947109149,0.8104173496642828,0.9601320349542988
ZTF18acsohut,SN Ia,SNIa,SNIa,0.404,1,3,0.404,0.14800000000000002,0.5135420136095289,1.0,0.404,0.6215339817673566,0.40757255019758376,0.6173713781944321,1.0,0.8445060947109149,0.7311729937121818,0.7355899900106291
ZTF20aadfyjl,SN Ia,SNIa,SNIbc,0.40753999999999985,0,2,0.40753999999999985,0.10933999999999994,0.5299221300790009,0.9939999999999996,0.41000000000000003,0.5719910930689656,0.2973740257721993,0.6350699975783405,0.9999944827779061,0.49859770604050213,0.6382580222556529,0.5215927128868731
ZTF21aapowty,SN Ia,SNIa,SNIa,0.538,1,3,0.538,0.32200000000000006,0.5643261790677312,1.0,0.538,0.8458922440471651,0.7456733973875261,0.7907625382311365,0.9999999999999999,0.8445060947109149,0.8838267529705288,0.985248362810601
ZTF21abtuutw,SN Ia,SNIa,SNIa,0.4413359999999999,1,3,0.4413359999999999,0.07951999999999992,0.5551609246089514,0.9939999999999999,0.44399999999999995,0.590324942916235,0.21928615918063216,0.6964222888642777,0.9999931341665076,0.8445060947109149,0.5569620687533189,0.6834223783519062
ZTF22abfjlue,SN Ia,SNIa,SNIbc,0.26265600000000006,0,4,0.26265600000000006,0.031008000000000036,0.35411570814785986,0.9120000000000001,0.28800000000000003,0.33927802721574035,0.08596637876444463,0.49631137167795025,0.9980321297215724,0.5038357489552927,0.5072285693979686,0.46193685156757963
ZTF20acmfacr,SN Ia,SNIa,SNIa,0.49000000000000005,1,1,0.49000000000000005,0.28600000000000003,0.5423832532656343,1.0000000000000002,0.48999999999999994,0.7834515151938787,0.6811670914208197,0.7284424470754096,0.9999999999999999,0.8501719576719576,0.8738972164589979,0.9780483428007561
ZTF24abnbcpd,SN Ia,SNIa,SNIbc,0.3921960000000001,0,1,0.3921960000000001,0.09853200000000006,0.47464264120342914,0.9660000000000002,0.406,0.5678738894170243,0.2779310475265386,0.6314403328627006,0.9997571785126295,0.4917064865161751,0.6361839332861853,0.48559826633626585
ZTF19abnktws,SN Ia,SNIa,SNIa,0.485108,1,2,0.485108,0.24353599999999997,0.5121254906936794,0.9820000000000001,0.49399999999999994,0.7779793408738135,0.6267166916816981,0.736828915692513,0.9999369526271468,0.8515818725102239,0.8538284894105304,0.9582025084311125
ZTF19aalzmio,SN Ia,SNIa,SNIa,0.438,1,1,0.438,0.21,0.5220634038523174,1.0,0.438,0.6961412345272581,0.5434108736564953,0.6586757230955534,1.0,0.8501719576719576,0.8212174991726047,0.9119554106296078
ZTF23aapksof,SN Ia,SNIa,SNIa,0.538,1,3,0.538,0.24400000000000005,0.5905634840447538,1.0,0.538,0.787414153780664,0.5956373161909824,0.7786617209107819,1.0,0.8445060947109149,0.8159560654098927,0.9600177802386541
ZTF21aarhnwn,SN Ia,SNIa,SNIa,0.41,1,2,0.41,0.17799999999999996,0.5170263057036781,1.0,0.41,0.6332656078413025,0.46703706369026765,0.6249879505714555,1.0,0.8515818725102239,0.7745704971459094,0.8843664741752029
ZTF20abyskia,SN Ia,SNIa,SNIa,0.5660000000000001,1,3,0.5660000000000001,0.34800000000000003,0.5849180167335671,1.0,0.5660000000000001,0.8653501659742564,0.7723079191245599,0.8161284460523561,0.9999999999999999,0.8445060947109149,0.8912795685533118,0.9908957316721146
ZTF21abcpazz,SN Ia,SNIa,SNIa,0.546,1,3,0.546,0.34400000000000003,0.5666716367517289,1.0,0.546,0.8587775430152405,0.7747331642546555,0.8007093563047563,0.9999999999999999,0.8445060947109149,0.8936932531102277,0.9878419681960177
ZTF19accmboe,SN Ia,SNIa,SNIa,0.3168480000000001,1,5,0.3168480000000001,0.04443600000000003,0.44766027718984724,0.9660000000000002,0.328,0.4069032858511902,0.12308318836401011,0.5618850966787288,0.9998524194420589,0.8434083693857094,0.5073655701395728,0.7279083679134966
ZTF23abbczlg,SN Ia,SNIa,SNIa,0.32339200000000007,1,2,0.32339200000000007,0.061504,0.47633963908629307,0.9920000000000001,0.326,0.4380976341999022,0.17118019634397225,0.5279501061731622,0.9999906818807492,0.8515818725102239,0.5467279062461997,0.5770945990107685
ZTF18abimsyv,SN Ia,SNIa,SNIa,0.458,1,3,0.458,0.186,0.5401619940263503,1.0,0.458,0.7040305030524163,0.4957478565670492,0.6910418910801507,0.9999999999999998,0.8445060947109149,0.7725774654320332,0.8949575183533177
ZTF21aarskup,SN Ia,SNIa,SNIa,0.528,1,5,0.528,0.31000000000000005,0.5596554869641022,1.0,0.528,0.8409343967394691,0.7388661071725687,0.785745716184828,1.0,0.8434083693857094,0.8831357488832362,0.9821199043780242
ZTF21aaxyecd,SN Ia,SNIa,SNIa,0.551552,1,5,0.551552,0.21427200000000002,0.6147817951334471,0.9920000000000001,0.5559999999999999,0.7580895700208994,0.5233900271428518,0.7829317171630277,0.9999962591280124,0.8434083693857094,0.7770319356038801,0.9486890958608234
ZTF20abywpkl,SN Ia,SNIa,SNIa,0.436,1,4,0.436,0.216,0.5197747557291927,1.0,0.436,0.6974624455215138,0.5553711596032797,0.6554261133588822,1.0,0.8487215993434153,0.8341837003013883,0.9029764178062147
ZTF22aakethm,SN Ia,SNIa,SNIa,0.52,1,1,0.52,0.186,0.5999211840427991,1.0,0.52,0.724326952695772,0.46535832831011964,0.7560084097118199,0.9999999999999999,0.8501719576719576,0.7398018917526703,0.9116009974883899
ZTF21abbliav,SN Ia,SNIa,SNIa,0.556,1,2,0.556,0.26400000000000007,0.6094455339847954,1.0,0.556,0.8023616845841498,0.6255976788179967,0.789855528152352,1.0,0.8515818725102239,0.853999619769735,0.9718873204473103
ZTF20acqelhh,SN Ia,SNIa,SNIa,0.632,1,1,0.632,0.338,0.6722301813731875,1.0,0.632,0.8529625472153836,0.708848679144855,0.8401236548890605,1.0000000000000002,0.8501719576719576,0.8636228650220671,0.9875520842365243
ZTF20abzetdf,SN Ia,SNIa,SNIbc,0.39632800000000007,0,4,0.39632800000000007,0.14816000000000004,0.40652277392666725,0.9260000000000002,0.428,0.6574861108893828,0.4361758420645149,0.6475223702220169,0.9986954782355474,0.5038357489552927,0.761225804328956,0.44507222443437205
ZTF23abaactr,SN Ia,SNIa,SNIa,0.58,1,2,0.58,0.30399999999999994,0.612734272902562,1.0,0.58,0.8402720273460791,0.6934314547578635,0.8182139582614345,1.0,0.8515818725102239,0.8853056425168289,0.9841151277457465
ZTF21abaevgu,SN Ia,SNIa,SNIa,0.618,1,4,0.618,0.382,0.628248276674181,1.0,0.618,0.8894255027064148,0.7946518371895082,0.852850732618831,1.0000000000000002,0.8487215993434153,0.9004450386436508,0.9922137783146332
ZTF21aajvtsq,SN Ia,SNIa,SNIa,0.448,1,1,0.448,0.20400000000000001,0.5276374682325256,1.0,0.448,0.7079165811242604,0.5353855589873999,0.6740961025921055,0.9999999999999999,0.8501719576719576,0.8115499119348244,0.8869930395735577
ZTF24aadlwsg,SN Ia,SNIa,SNIa,0.423152,1,5,0.423152,0.07185599999999998,0.5612897433147293,0.998,0.424,0.5621507851005201,0.2014293489654791,0.6678510355544222,0.9999990091793961,0.8434083693857094,0.5550083930181202,0.6708624499378312
ZTF22abyivov,SN Ia,SNIa,SNIbc,0.4188200000000001,0,4,0.4188200000000001,0.17337200000000005,0.47136020194446915,0.9740000000000002,0.43,0.6682148577352286,0.47540045749944126,0.6505292821762718,0.9999239373508996,0.5038357489552927,0.7867520138226634,0.5002256863767965
ZTF25aaqsnsq,SN Ia,SNIa,SNIa,0.4665279999999999,1,1,0.4665279999999999,0.23423999999999995,0.49131966433548546,0.9759999999999999,0.4779999999999999,0.753903162266685,0.6047353742245969,0.7124575645283912,0.9999465313945123,0.8501719576719576,0.8404161016290431,0.9529012950958216
ZTF22abnoofs,SN Ia,SNIa,SNIa,0.40950800000000004,1,5,0.40950800000000004,0.08117999999999997,0.43237084582205465,0.9020000000000002,0.4539999999999999,0.6026648515847749,0.24676948434859913,0.6964235284019347,0.9981338413800196,0.8434083693857094,0.5878812083764419,0.727221829866419
ZTF24aahicbz,SN Ia,SNIa,SNIbc,0.3569320000000001,0,5,0.3569320000000001,0.04732800000000004,0.4830604193764162,0.9860000000000001,0.36200000000000004,0.49572919666956067,0.1425746622476078,0.5949092183215694,0.9999766396425422,0.5111707620422298,0.5238204167731186,0.32790760752087506
ZTF20acwomqh,SN Ia,SNIa,SNIa,0.518,1,4,0.518,0.184,0.6033803592719509,1.0,0.518,0.7195011639106359,0.4602350905426494,0.7509500060201652,1.0000000000000002,0.8487215993434153,0.7418872287224328,0.904099659662047
ZTF23aafwvek,SN Ia,SNIa,SNIa,0.6160000000000001,1,1,0.6160000000000001,0.33000000000000007,0.6525946893767611,1.0000000000000002,0.616,0.8505869654929811,0.7075226133986718,0.833898471156916,1.0,0.8501719576719576,0.8641566086597597,0.9868561791608295
ZTF21abdcauj,SN Ia,SNIa,SNIa,0.3479999999999999,1,5,0.3479999999999999,0.08549999999999996,0.37207169135422935,0.7499999999999998,0.464,0.5743146732006538,0.2810689263075437,0.610956134989389,0.8964388316293181,0.8434083693857094,0.6044535894316964,0.7461088684334557
ZTF21aciouwz,SN Ia,SNIa,SNIbc,0.4320000000000001,0,4,0.4320000000000001,0.08256000000000008,0.4973367655481935,0.9600000000000002,0.45,0.5988742993366734,0.23320334171172835,0.7001885774347036,0.9997254033159625,0.5038357489552927,0.5604169776732224,0.4622450314038755
ZTF21acjgqjl,SN Ia,SNIa,SNIbc,0.47800000000000004,0,4,0.47800000000000004,0.05399999999999999,0.6340520049010099,1.0000000000000002,0.4779999999999999,0.5640797725737675,0.13725736919352416,0.7303042549745881,1.0,0.5038357489552927,0.44988677945307004,0.49770042117827684
ZTF19abnkrcd,SN Ia,SNIa,SNIa,0.47232,1,3,0.47232,0.15350400000000003,0.5352777888966067,0.984,0.48000000000000004,0.6877224679660225,0.41329138450241576,0.7210052859848222,0.9999715744340663,0.8445060947109149,0.7090501000383794,0.8642166018528151
ZTF23abfxxod,SN Ia,SNIa,SNIa,0.4196799999999999,1,3,0.4196799999999999,0.009759999999999991,0.5421896438017686,0.9759999999999998,0.43,0.5049045059108767,0.02701961923719054,0.7117483924010116,0.9998377732944306,0.8445060947109149,0.38821031160239455,0.5087526576774458
ZTF20abeolsw,SN Ia,SNIa,SNIa,0.526,1,2,0.526,0.19,0.6122851056336465,1.0,0.526,0.7275729231220871,0.4736710464607465,0.7574445300502528,0.9999999999999999,0.8515818725102239,0.7624098265042317,0.9193658992736062
ZTF20acuosvy,SN Ia,SNIa,SNIa,0.297984,1,2,0.297984,0.09777600000000003,0.2654246871655629,0.776,0.384,0.5499910498295908,0.3338841524262064,0.5449120529677008,0.9709410703743492,0.8515818725102239,0.6928323371603718,0.6659385509994192
ZTF20abjbiqf,SN Ia,SNIa,SNIa,0.464,1,3,0.464,0.15200000000000002,0.5575012968408191,1.0,0.464,0.6760207189042268,0.40866878578641735,0.702320323535203,1.0,0.8445060947109149,0.7098675931783929,0.8506172050430704
ZTF19aanejfr,SN Ia,SNIa,SNIa,0.516,1,3,0.516,0.29200000000000004,0.5568728219449468,1.0,0.516,0.8139523856509706,0.698199220905485,0.7624421234408834,1.0000000000000002,0.8445060947109149,0.8683714193602263,0.9787845324624076
ZTF19abhzdjp,SN Ia,SNIa,SNIa,0.5856480000000001,1,2,0.5856480000000001,0.350592,0.6001647570995062,0.9960000000000001,0.588,0.8687671722486923,0.7669936658397171,0.8283782629908203,0.99999911473662,0.8515818725102239,0.913169336703393,0.9916037821389749
ZTF22abfspdz,SN Ia,SNIa,SNIa,0.38922,1,4,0.38922,0.12974000000000002,0.5048044704957009,0.998,0.39,0.5868326421938487,0.35830639257450014,0.5991927918943178,0.9999996487402325,0.8487215993434153,0.7173812076672557,0.6599986948271912
ZTF21aazsgyr,SN Ia,SNIa,SNIa,0.516,1,4,0.516,0.12,0.6430262623411591,1.0,0.516,0.6450411460938629,0.29653550928520334,0.747487567467247,1.0,0.8487215993434153,0.6000402676534331,0.8002857567432062
ZTF23abankea,SN Ia,SNIa,SNIa,0.482,1,3,0.482,0.184,0.5589114234440867,1.0,0.482,0.7186250138964794,0.4850706725886048,0.7224538191280403,0.9999999999999999,0.8445060947109149,0.7586959844791841,0.8848017216142221
ZTF25aaklxxk,SN Ia,SNIa,SNIa,0.45379199999999986,1,1,0.45379199999999986,0.21320399999999992,0.48967944087238613,0.9779999999999998,0.46399999999999997,0.7331838112936685,0.5653317517424985,0.6956347506051869,0.9999247567287178,0.8501719576719576,0.8228541906049176,0.9235955120377867
ZTF21acasrer,SN Ia,SNIa,SNIa,0.528,1,1,0.528,0.28,0.5738871887313662,1.0,0.528,0.8055565154527973,0.6663687595448203,0.7679077929279916,1.0,0.8501719576719576,0.8584561963997916,0.9763970736259032
ZTF19abfibel,SN Ia,SNIa,SNIa,0.56,1,1,0.56,0.2760000000000001,0.6023522920972886,1.0,0.56,0.8141141469005497,0.6460061628408469,0.79716248490036,1.0,0.8501719576719576,0.8417555129598645,0.9746491176546797
ZTF24abrfsap,SN Ia,SNIa,SNIa,0.25847599999999993,1,4,0.25847599999999993,0.09241599999999994,0.19374628611192635,0.7219999999999999,0.358,0.5015761494247379,0.32235266248712074,0.4847753972378128,0.9614634674911295,0.8487215993434153,0.7266430404602011,0.7135212289225716
ZTF18aavrwhu,SN Ia,SNIa,SNIa,0.42800000000000005,1,2,0.42800000000000005,0.174,0.5233703276040604,1.0000000000000002,0.42799999999999994,0.6670049107934345,0.47119339048219205,0.6509542535991816,0.9999999999999999,0.8515818725102239,0.7647591554000834,0.8568303213100275
ZTF20actoakx,SN Ia,SNIa,SNIa,0.374,1,2,0.374,0.10999999999999999,0.5069343421637926,1.0,0.374,0.5512127662485385,0.30799106270628984,0.5823498941733216,1.0,0.8515818725102239,0.6464454803849905,0.642818925041854
ZTF22aadedjt,SN Ia,SNIa,SNIbc,0.409528,0,3,0.409528,0.01789200000000002,0.5583077286506732,0.994,0.41200000000000003,0.5020730243875196,0.04978027736897922,0.6826717624048839,0.999981310516584,0.4967890951237502,0.4142056227670791,0.4531961092132482
ZTF20aafrjqw,SN Ia,SNIa,SNIa,0.40295200000000003,1,5,0.40295200000000003,0.171592,0.44963254200380154,0.9640000000000002,0.4179999999999999,0.6622202201057381,0.48580070739480896,0.638089876676949,0.9998113388457525,0.8434083693857094,0.7839535402529391,0.8547338966431097
ZTF22aadfcnz,SN Ia,SNIa,SNIa,0.58,1,4,0.58,0.39399999999999996,0.5833228846088392,1.0,0.58,0.8921735874785454,0.8288404095993779,0.8362523270493017,0.9999999999999999,0.8487215993434153,0.9145220331679669,0.9930338645250604
ZTF18abxhaop,SN Ia,SNIa,Periodic-Other,0.23680800000000002,0,3,0.23680800000000002,0.12266400000000001,0.10743097853673789,0.32800000000000007,0.348,0.5875815830253859,0.48085931067075577,0.43558035770177206,0.21607432299892299,0.5901401004493788,0.039798288139682274,0.04080790916471077
ZTF20acoqlrd,SN Ia,SNIa,SNIa,0.53,1,4,0.53,0.28400000000000003,0.5674735849224786,1.0,0.53,0.8183384666689413,0.6810603009634263,0.776567373103892,1.0,0.8487215993434153,0.8689934925874244,0.9712065471378433
ZTF18abqyaix,SN Ia,SNIa,SNIa,0.46948000000000006,1,4,0.46948000000000006,0.22892000000000004,0.4901440611200395,0.9700000000000002,0.484,0.7569070105155002,0.597097184579821,0.7198463074262185,0.9997722105389413,0.8487215993434153,0.8407803070013743,0.9477016895741975
ZTF22abiyeae,SN Ia,SNIa,SNIa,0.64,1,3,0.64,0.396,0.6456958558757933,1.0,0.64,0.8989446226713789,0.8045676123809311,0.8683812335687227,1.0,0.8445060947109149,0.8977280454823938,0.9948160014797954
ZTF20aabcouv,SN Ia,SNIa,SNIa,0.372,1,4,0.372,0.122,0.5057737040548247,1.0,0.372,0.5463787341332064,0.32959371486818734,0.5758541431463102,1.0,0.8487215993434153,0.7023556961728394,0.7447641609525258
ZTF21aagogqe,SN Ia,SNIa,SNIa,0.62,1,3,0.62,0.364,0.637945546515873,1.0,0.62,0.8788529363256317,0.7676766328431156,0.8495269464963497,1.0,0.8445060947109149,0.8862666176925134,0.9924429159696264
ZTF20acpkled,SN Ia,SNIa,SNIa,0.504,1,4,0.504,0.124,0.6199472318505099,1.0,0.504,0.6509347232781652,0.3134394536660026,0.7411902629367593,1.0000000000000002,0.8487215993434153,0.6190391149806547,0.8060406009340639
ZTF19abdyawn,SN Ia,SNIa,SNIa,0.494,1,4,0.494,0.064,0.6496583750849229,1.0,0.494,0.5775400871763008,0.15930127351109558,0.7394089047536954,1.0,0.8487215993434153,0.46755980827034016,0.6673150752909763
ZTF19abotfag,SN Ia,SNIa,SNIa,0.323352,1,1,0.323352,0.06586799999999998,0.489647465478956,0.998,0.32399999999999995,0.4320884956194625,0.17756331853689594,0.5238649749663077,0.9999984549532128,0.8501719576719576,0.5982924339239282,0.44672448038152246
ZTF22abkisoc,SN Ia,SNIa,SNIa,0.522,1,1,0.522,0.244,0.5733535977930431,1.0,0.522,0.7845618297860322,0.6030569769707624,0.7643716917370209,1.0,0.8501719576719576,0.8262599378782077,0.9560065710420944
ZTF20acumcrz,SN Ia,SNIa,SNIa,0.39936,1,5,0.39936,0.17971199999999998,0.34752388686594093,0.8320000000000001,0.4799999999999999,0.7347828228899816,0.558102225863472,0.6948482316806719,0.9877404322846123,0.8434083693857094,0.8161116372580338,0.9323093185190079
ZTF20aamaqak,SN Ia,SNIa,SNIa,0.544,1,1,0.544,0.29200000000000004,0.5822704701125176,1.0,0.544,0.8223348457117847,0.6847483112670014,0.7858923044421944,1.0,0.8501719576719576,0.8631337276549669,0.9798642181639723
ZTF20abuojuw,SN Ia,SNIa,SNIa,0.604,1,1,0.604,0.364,0.616886438722726,1.0,0.604,0.8796226190613761,0.776578690389266,0.8428352092334073,0.9999999999999999,0.8501719576719576,0.8912229210346011,0.9920222237859155
ZTF18abdcudb,SN Ia,SNIa,SNIa,0.546,1,3,0.546,0.35200000000000004,0.5692501451531331,1.0,0.546,0.8552632416181423,0.7791065916353175,0.7982383049318571,1.0,0.8445060947109149,0.8960178503752894,0.9910169345615117
ZTF23abaalvd,SN Ia,SNIa,SNIa,0.6020000000000001,1,4,0.6020000000000001,0.32000000000000006,0.639417638251612,1.0,0.6020000000000001,0.8448856625679799,0.7000902463204839,0.8257421525494878,0.9999999999999999,0.8487215993434153,0.8670471533772136,0.9832463016254255
ZTF19aarfnto,SN Ia,SNIa,SNIa,0.516,1,4,0.516,0.22400000000000003,0.5776788616515105,1.0,0.516,0.7630514920498296,0.5600845392169777,0.7553005053622742,1.0,0.8487215993434153,0.8096647394093339,0.9422731843149831
ZTF22abfwbgr,SN Ia,SNIa,SNIa,0.4000000000000001,1,5,0.4000000000000001,0.09000000000000002,0.5273231426337834,1.0000000000000002,0.39999999999999997,0.5741436651610305,0.26145073801152247,0.6348579268388131,1.0000000000000002,0.8434083693857094,0.6182267888176233,0.6547178957240714
ZTF22abeioig,SN Ia,SNIa,SNIa,0.5720000000000001,1,3,0.5720000000000001,0.36000000000000004,0.5831769900517455,1.0,0.5720000000000001,0.8778839012248725,0.7916077410751803,0.826601197614053,1.0,0.8445060947109149,0.8968628847773399,0.991759407961258
ZTF18abdiwpt,SN Ia,SNIa,SNIa,0.554,1,1,0.554,0.22400000000000003,0.6273201739326428,1.0,0.554,0.7607904876318435,0.53248714560522,0.7793502765895919,0.9999999999999999,0.8501719576719576,0.7798134645053358,0.9474858033369551
ZTF25abacyxb,SN Ia,SNIa,SNIa,0.47600000000000003,1,5,0.47600000000000003,0.21799999999999997,0.5465689492325236,1.0000000000000002,0.4759999999999999,0.7454555556972525,0.5723490068405973,0.7169187377534683,0.9999999999999999,0.8434083693857094,0.8188595832740957,0.9412608722231972
ZTF22aarwpcf,SN Ia,SNIa,SNIa,0.5924240000000001,1,3,0.5924240000000001,0.30814,0.6226950584521405,0.994,0.5960000000000001,0.8381534500125885,0.6874986150921372,0.8206605223852295,0.9999955102711241,0.8445060947109149,0.8564550528339466,0.9845733517164412
ZTF25aanxipy,SN Ia,SNIa,SNIa,0.35600000000000004,1,1,0.35600000000000004,0.068,0.5068215562676595,1.0,0.35600000000000004,0.49306269791686747,0.19175047520580069,0.5705469674031807,1.0,0.8501719576719576,0.5846429514378599,0.7609504117624385
ZTF22abiymsf,SN Ia,SNIa,SNIa,0.47,1,1,0.47,0.23199999999999998,0.5358236609827598,1.0,0.47,0.7463377006554623,0.5927609779489837,0.7033284146004636,0.9999999999999999,0.8501719576719576,0.8360671614012388,0.9397861509191722
ZTF21abwxext,SN Ia,SNIa,SNIa,0.484,1,5,0.484,0.03999999999999998,0.6488412414135758,1.0,0.484,0.5499872434365947,0.10222958065776072,0.7400796190655311,1.0,0.8434083693857094,0.44191214965993486,0.6533606483144998
ZTF20aamknxn,SN Ia,SNIa,SNIa,0.39481600000000006,1,5,0.39481600000000006,0.17260800000000004,0.4917588335910277,0.9920000000000001,0.398,0.6245461443413615,0.4658963279296413,0.6089132714470535,0.9999884521622961,0.8434083693857094,0.7763169936776771,0.7612291773726146
ZTF22aaylnhq,SN Ia,SNIa,SNIbc,0.34461600000000003,0,5,0.34461600000000003,0.017928,0.5055920260582218,0.9960000000000002,0.346,0.44353570769786665,0.05304124589135184,0.5900330916496016,0.9999984210211368,0.5111707620422298,0.442573549221838,0.36081592185880956
ZTF23abvzhwa,SN Ia,SNIa,SNIa,0.35800000000000004,1,5,0.35800000000000004,0.138,0.4987818975533663,1.0,0.35800000000000004,0.5316663828279656,0.3651250712417145,0.5551562158401311,1.0,0.8434083693857094,0.717474462874033,0.6944779613028019
ZTF19aaobwpx,SN Ia,SNIa,SNIa,0.516,1,2,0.516,0.186,0.6078319222421393,1.0,0.516,0.7194691472731483,0.467700777901369,0.7456270360752105,1.0,0.8515818725102239,0.7580148616368622,0.912658387039779
ZTF20aawoojh,SN Ia,SNIa,SNIa,0.55836,1,3,0.55836,0.28313999999999995,0.5872298539861542,0.99,0.564,0.8206659094780685,0.6636127316547044,0.7989822853390225,0.9999754441195204,0.8445060947109149,0.8480192104310776,0.9791609478400571
ZTF21abbsbov,SN Ia,SNIa,SNIa,0.5539999999999999,1,3,0.5539999999999999,0.242,0.611903034648027,0.9999999999999998,0.554,0.783537748434867,0.5787871840091264,0.7875795682998484,0.9999999999999998,0.8445060947109149,0.8055321172645276,0.9603817744541141
ZTF19aaupkev,SN Ia,SNIa,SNIa,0.508,1,2,0.508,0.264,0.555450801923848,1.0,0.508,0.7978343314667582,0.6553259659250448,0.7545328694444351,1.0,0.8515818725102239,0.8672738636145348,0.9627159316987585
ZTF22aadpgmo,SN Ia,SNIa,SNIa,0.443112,1,2,0.443112,0.18163600000000002,0.523726593307406,0.998,0.444,0.6950469985388077,0.49371272745955724,0.6742078759717047,0.9999995053177704,0.8515818725102239,0.7754026984124377,0.8559495913983323
ZTF20abgevcw,SN Ia,SNIa,SNIa,0.5,1,3,0.5,0.22599999999999998,0.5658730442752073,1.0,0.5,0.7562660535666165,0.570866526411264,0.7373944440529575,1.0,0.8445060947109149,0.8092840045979026,0.9489761981216798
ZTF23abiearq,SN Ia,SNIa,SNIa,0.381016,1,2,0.381016,0.13748000000000002,0.47968442838811043,0.982,0.388,0.5826656776209932,0.379039023521235,0.5974316155251773,0.9997726356087221,0.8515818725102239,0.7110541887647825,0.8335236059750363
ZTF19aamaeve,SN Ia,SNIa,SNIa,0.39983999999999986,1,1,0.39983999999999986,0.1842399999999999,0.4708900915731207,0.9799999999999998,0.408,0.6399058308949,0.4875370210705319,0.6154901098619201,0.9999086112266633,0.8501719576719576,0.8016276443138108,0.8324082696101321
ZTF23aahxsrk,SN Ia,SNIa,SNIa,0.35096,1,2,0.35096,0.121552,0.33381294821154694,0.8559999999999999,0.41000000000000003,0.6226493309381591,0.39329016802033023,0.6102724169039877,0.9910056562535726,0.8515818725102239,0.7135465063973528,0.7621877474601041
ZTF18aaxcfbt,SN Ia,SNIa,SNIbc,0.179712,0,3,0.179712,0.0012479999999999991,0.12075903898011753,0.624,0.28800000000000003,0.2997652087698366,0.0048431288511444626,0.3855669185323317,0.909740828388147,0.4967890951237502,0.4514305217613596,0.17013164279300805
ZTF21aaqqlfw,SN Ia,SNIa,SNIa,0.5640000000000001,1,5,0.5640000000000001,0.314,0.5905075945368145,1.0,0.5640000000000001,0.8531341743119929,0.7304851697829253,0.8160755039841101,1.0,0.8434083693857094,0.875930525415652,0.9866118561590387
ZTF19aaxyukr,SN Ia,SNIa,SNIa,0.40918,1,4,0.40918,0.153692,0.5113102140169971,0.998,0.41,0.6301482502626472,0.4194381408365705,0.624626502472108,0.9999984601733986,0.8487215993434153,0.7556951914175366,0.8022914218046862
ZTF19abpbvsk,SN Ia,SNIa,SNIa,0.337004,1,5,0.337004,0.07207600000000003,0.4614050119615887,0.974,0.34600000000000003,0.4617982013772025,0.20159706894470147,0.5677528243665843,0.9998620420540534,0.8434083693857094,0.5788668740503282,0.7535516774284102
ZTF20achatyv,SN Ia,SNIa,SNIa,0.37125600000000003,1,5,0.37125600000000003,0.11177599999999999,0.5005233750505421,0.9980000000000001,0.372,0.554007780893665,0.3181549574509722,0.580593418417795,0.9999987433299987,0.8434083693857094,0.678360809320854,0.7722633645442766
ZTF21acojncf,SN Ia,SNIa,SNIa,0.279756,1,1,0.279756,0.047444000000000014,0.27538046656585713,0.818,0.342,0.4396854719563149,0.15417201185873136,0.541194954766417,0.9892820112583088,0.8501719576719576,0.5649451941789743,0.7831786097610255
ZTF19aauhwbp,SN Ia,SNIa,SNIa,0.454,1,2,0.454,0.11000000000000004,0.5637460006911268,1.0,0.454,0.6303746181129878,0.3018568023371399,0.7011723902942635,0.9999999999999999,0.8515818725102239,0.621829128998853,0.7478774101305738
ZTF23aalsied,SN Ia,SNIa,SNIa,0.5720000000000001,1,3,0.5720000000000001,0.36400000000000005,0.5860301976004829,1.0,0.5720000000000001,0.8750981963569591,0.7928408729860981,0.8238286934337128,1.0,0.8445060947109149,0.8978196366578781,0.9925587363869214
ZTF19acwrqtv,SN Ia,SNIa,SNIa,0.29259999999999997,1,5,0.29259999999999997,0.019000000000000017,0.41042158705367315,0.9499999999999998,0.308,0.38117732827844036,0.056378518116091736,0.5288419316818561,0.9994567433751754,0.8434083693857094,0.45984659843675363,0.5207487602137023
ZTF20acxvvnf,SN Ia,SNIa,SNIbc,0.518,0,3,0.518,0.194,0.6013013228973645,1.0,0.518,0.7293712886345276,0.485798541292624,0.750034148857916,1.0,0.4967890951237502,0.7546451357555786,0.5966993508758573
ZTF20acbovrt,SN Ia,SNIa,SNIa,0.658,1,4,0.658,0.44400000000000006,0.6519364376977301,1.0,0.658,0.9215013162669273,0.8539127955573966,0.8855536900519946,0.9999999999999999,0.8487215993434153,0.915068804944416,0.9957612641913265
ZTF21aarwlht,SN Ia,SNIa,SNIa,0.644,1,4,0.644,0.41400000000000003,0.6436109555069123,1.0,0.644,0.9081286165274461,0.8253184949762268,0.8740176087112573,1.0,0.8487215993434153,0.9076047196855591,0.9943537657079766
ZTF19acxphhl,SN Ia,SNIa,SNIa,0.374,1,2,0.374,0.144,0.5025307783078183,1.0,0.374,0.5655544349382438,0.38503963285504345,0.5733311497536184,1.0,0.8515818725102239,0.7208141227195527,0.7610142696002858
ZTF20acoyfpk,SN Ia,SNIa,SNIa,0.371256,1,2,0.371256,0.14770399999999997,0.4975556608298065,0.998,0.372,0.5611107385302736,0.39066286847875675,0.5704897542911873,0.9999974905700528,0.8515818725102239,0.7291407617281912,0.7173973023497465
ZTF21abmqpja,SN Ia,SNIa,SNIa,0.4674839999999999,1,2,0.4674839999999999,0.18190799999999996,0.5086396060258414,0.9779999999999998,0.47800000000000004,0.719858450422994,0.49366989979307835,0.7183595337522148,0.9999470891800212,0.8515818725102239,0.7738267705700325,0.900289341764229
ZTF21acgxwlz,SN Ia,SNIa,SNIa,0.38,1,2,0.38,0.154,0.5039779945801863,1.0,0.38,0.5798537251228071,0.40876410550832537,0.5809565608192768,1.0,0.8515818725102239,0.7383193173823492,0.7904614932685634
ZTF19acgjojy,SN Ia,SNIa,SNII,0.28791200000000006,0,4,0.28791200000000006,0.00985999999999998,0.46271894802785274,0.9860000000000002,0.292,0.3468186680228361,0.027001150946588726,0.5091663140445508,0.9999394979090619,0.8738761732007377,0.44205675069690425,0.5172718164602331
ZTF20achptde,SN Ia,SNIa,SNIa,0.5780000000000001,1,1,0.5780000000000001,0.32,0.6027494901612308,1.0,0.5780000000000001,0.8509079211585456,0.720296686289981,0.8192998897991316,0.9999999999999999,0.8501719576719576,0.872411291249443,0.985920008694394
ZTF19abjslyw,SN Ia,SNIa,SNIa,0.401196,1,1,0.401196,0.11377199999999998,0.5140131954049194,0.998,0.402,0.5943896604278309,0.3205057334110015,0.6237269082842893,0.9999994239086016,0.8501719576719576,0.6732883326378698,0.6822419016089698
ZTF21aaahzpr,SN Ia,SNIa,SNIa,0.411008,1,4,0.411008,0.04544799999999999,0.5254602309108064,0.9879999999999999,0.41600000000000004,0.5410142929177971,0.1290706737162854,0.6778542261712768,0.9999884722956486,0.8487215993434153,0.466465503725674,0.5229381999378964
ZTF25abyobbm,SN Ia,SNIa,SNIa,0.32143600000000006,1,1,0.32143600000000006,0.025635999999999992,0.4822352997221546,0.9860000000000002,0.326,0.39726723819143983,0.06976301653559996,0.5618725880998598,0.9999508728662593,0.8501719576719576,0.4818915240975352,0.6343192829733026
ZTF22abolsys,SN Ia,SNIa,SNIa,0.62874,1,1,0.62874,0.3992,0.6275243638921424,0.998,0.63,0.9010047269853843,0.8143120242121284,0.8647541918535029,0.9999987878526262,0.8501719576719576,0.9015659040598167,0.9946767531757158
ZTF18abrfccm,SN Ia,SNIa,SNII,0.213312,0,3,0.213312,0.065448,0.1452344297838244,0.606,0.35200000000000004,0.42604970898307615,0.24514015138540554,0.37975287472663155,0.8396276844995376,0.8705407679595135,0.640725029245958,0.7962499314085818
ZTF20abgfekk,SN Ia,SNIa,SNIa,0.28652800000000006,1,2,0.28652800000000006,0.0,0.4429008731784626,0.9680000000000002,0.296,0.3390622891306048,0.0,0.5350120169372174,0.9996903561640436,0.8515818725102239,0.41407045827166,0.3537478476296108
ZTF24abkgfqo,SN Ia,SNIa,SNIa,0.418,1,5,0.418,0.19599999999999998,0.5140912979362322,1.0,0.418,0.6711066365212632,0.5226436184934797,0.6365266347323153,1.0,0.8434083693857094,0.8054935054912545,0.8943487435237185
ZTF22aafffpq,SN Ia,SNIa,SNIbc,0.496,0,2,0.496,0.16399999999999998,0.5856704846189771,1.0,0.496,0.6992261083620092,0.42689514880172164,0.7355074580065378,1.0000000000000002,0.49859770604050213,0.7268067093748446,0.5622613688351916
ZTF20abpuyau,SN Ia,SNIa,SNIa,0.534,1,1,0.534,0.25200000000000006,0.589706858698658,1.0,0.534,0.7866612475928736,0.6082056180935502,0.7695444933947103,1.0,0.8501719576719576,0.8281462113917705,0.9648348796947679
ZTF20abccojn,SN Ia,SNIa,SNIa,0.528,1,5,0.528,0.34,0.5555922015718637,1.0,0.528,0.8510934455029591,0.7785130569900288,0.7882191117346974,1.0,0.8434083693857094,0.8965067006858916,0.9884169286641399
ZTF20acwozwz,SN Ia,SNIa,SNIa,0.48400000000000004,1,1,0.48400000000000004,0.24800000000000003,0.5439070311897674,1.0000000000000002,0.48399999999999993,0.7636450073302582,0.6197157747998774,0.7203456299476756,0.9999999999999999,0.8501719576719576,0.846216806364739,0.958419652780619
ZTF24abrezqh,SN Ia,SNIa,SNIa,0.37587600000000004,1,4,0.37587600000000004,0.141192,0.42904935034694747,0.9540000000000002,0.39399999999999996,0.6024008780713741,0.40098756478601005,0.5991546723176722,0.999534855947252,0.8487215993434153,0.7510959096822142,0.7284343218585947
ZTF19aawyepw,SN Ia,SNIa,SNIa,0.4790400000000001,1,4,0.4790400000000001,0.13173600000000002,0.5757052971238343,0.9980000000000002,0.48,0.660007726419613,0.3476133324314128,0.72297714651535,0.9999997016406995,0.8487215993434153,0.6586304915823246,0.8118486826783897
ZTF22aaolexr,SN Ia,SNIa,SNIa,0.5358479999999999,1,1,0.5358479999999999,0.29879999999999995,0.5597318241009599,0.9959999999999998,0.538,0.8307284850975319,0.705845752741209,0.785418376999733,0.9999982813900827,0.8501719576719576,0.8725176155279217,0.9807864422534229
ZTF21acjjxww,SN Ia,SNIa,SNIa,0.512604,1,1,0.512604,0.3103119999999999,0.5156338899803762,0.982,0.5219999999999999,0.8306077750495569,0.7348434124787262,0.7706250456942987,0.9999683844375487,0.8501719576719576,0.8874440716268865,0.9809694885099668
ZTF20acgpqqr,SN Ia,SNIa,SNIa,0.55,1,5,0.55,0.3440000000000001,0.5742998006150144,1.0,0.55,0.8604548352507224,0.7776660631713262,0.8069814349915309,1.0,0.8434083693857094,0.8940384047696878,0.9906784956778601
ZTF23aazskaz,SN Ia,SNIa,SNIa,0.634,1,2,0.634,0.396,0.6419030228570224,1.0,0.634,0.8992499325889654,0.8092209218584923,0.8654574367686021,1.0000000000000002,0.8515818725102239,0.926657076312493,0.9950074713684561
ZTF19abcejoa,SN Ia,SNIa,SNIa,0.464136,1,5,0.464136,0.23704799999999998,0.522487173619423,0.996,0.46599999999999997,0.7558636093183762,0.6183535979839248,0.7059234205865765,0.9999970203726655,0.8434083693857094,0.8439026250870001,0.9364328774177378
ZTF23aasovdv,SN Ia,SNIa,SNIa,0.594808,1,3,0.594808,0.33932,0.6132616597333218,0.998,0.596,0.864687737048744,0.7447293819249272,0.8333562393892441,0.9999986476079823,0.8445060947109149,0.8790069814096961,0.9899881848908971
ZTF19aaraxhh,SN Ia,SNIa,SNIa,0.38400000000000006,1,5,0.38400000000000006,0.08000000000000002,0.5196566161246639,1.0000000000000002,0.38399999999999995,0.5473386246760532,0.23373352425053612,0.6139491205194239,1.0,0.8434083693857094,0.5998396290825332,0.6032541293491107
ZTF20aafcgca,SN Ia,SNIa,SNIa,0.54,1,4,0.54,0.338,0.5645093601709679,1.0,0.54,0.8494187537561767,0.7631515475328983,0.7913625353325952,1.0000000000000002,0.8487215993434153,0.8995419424847427,0.9865320013829049
ZTF19aaklqod,SN Ia,SNIa,SNIa,0.369408,1,1,0.369408,0.153088,0.30791138973082344,0.8320000000000001,0.444,0.686788530002668,0.48870649271588956,0.6510131442030446,0.9918535731182503,0.8501719576719576,0.788926444169724,0.8496174103333374
ZTF23aavugvk,SN Ia,SNIa,SNIa,0.548,1,4,0.548,0.21400000000000002,0.6207759128103649,1.0,0.548,0.7529189877848617,0.5149111366043794,0.7772575018146808,1.0,0.8487215993434153,0.7729680799666607,0.9355162542789149
ZTF22abbiqoi,SN Ia,SNIa,SNIa,0.392,1,1,0.392,0.07200000000000001,0.5251812683393879,1.0,0.392,0.5471609636579092,0.20570028870211288,0.6268129098346246,1.0,0.8501719576719576,0.5692070622826394,0.5603049979243844
ZTF25aatzejc,SN Ia,SNIa,SNIa,0.42459200000000014,1,1,0.42459200000000014,0.20753600000000008,0.4463110871930206,0.9520000000000003,0.446,0.6931918055028171,0.5473715470338474,0.6680285207555294,0.9996094969459509,0.8501719576719576,0.8224749590095545,0.946418026386297
ZTF21aakbgpf,SN Ia,SNIa,SNIa,0.43736,1,2,0.43736,0.161028,0.5185540125149983,0.994,0.44,0.6758949607067783,0.44602386238725034,0.67165851365879,0.9999890646838553,0.8515818725102239,0.7405819440550907,0.8255274876319777
ZTF20aaifkyj,SN Ia,SNIa,SNIa,0.503976,1,2,0.503976,0.26294399999999996,0.5432582901730618,0.996,0.506,0.7974859194470936,0.6564665772784156,0.752669391253272,0.9999987205928073,0.8515818725102239,0.8677313399705673,0.9663550228461665
ZTF20aaurucm,SN Ia,SNIa,SNIa,0.392,1,3,0.392,0.14200000000000002,0.5110225762742722,1.0,0.392,0.5936185480608398,0.38616932102505025,0.6013151175150402,0.9999999999999999,0.8445060947109149,0.7227846764875937,0.7856274580884818
ZTF21abljmmv,SN Ia,SNIa,SNIa,0.549504,1,1,0.549504,0.249948,0.5509148646281934,0.954,0.5760000000000001,0.7953971496657827,0.6011352201458524,0.7964747270693713,0.9997392664407968,0.8501719576719576,0.8177524422494984,0.9682995389427432
ZTF18aafdigb,SN Ia,SNIa,SNIa,0.438464,1,3,0.438464,0.15673600000000004,0.5185789249845816,0.992,0.442,0.6692896447300363,0.4312789274188247,0.6732257360965161,0.9999821233001996,0.8445060947109149,0.7329985268148361,0.8407097314068492
ZTF18aawmeiw,SN Ia,SNIa,SNIa,0.652,1,3,0.652,0.42200000000000004,0.6490337115533393,1.0,0.652,0.9133077592297738,0.8333405563633118,0.8807264783821734,1.0000000000000002,0.8445060947109149,0.9061790637036496,0.9961387952158125
ZTF21abbzqvv,SN Ia,SNIa,SNIa,0.436,1,2,0.436,0.20199999999999999,0.5231725865538813,1.0,0.436,0.6916245553930357,0.531291142886478,0.6595069769416082,0.9999999999999999,0.8515818725102239,0.8064407506101455,0.9036576544034879
ZTF21aciuhyy,SN Ia,SNIa,SNIa,0.49276,1,3,0.49276,0.30069999999999997,0.4878603106403403,0.97,0.508,0.818163509285621,0.7277168476273491,0.7553361623841733,0.9998878722022541,0.8445060947109149,0.8816675746493502,0.9806122702960366
ZTF23abhzlbh,SN Ia,SNIa,SNIa,0.466,1,3,0.466,0.258,0.529737823450299,1.0,0.466,0.7553206454583196,0.6406905813497809,0.6990391018372548,1.0,0.8445060947109149,0.8524301518225844,0.9519222362235141
ZTF24abqkitr,SN Ia,SNIa,SNIa,0.526824,1,5,0.526824,0.36158399999999996,0.5058862309260377,0.972,0.5419999999999999,0.8681537611994763,0.8134341897624068,0.8051249330370236,0.9999226025302348,0.8434083693857094,0.9056431717902156,0.9923034940046173
ZTF19abgafkt,SN Ia,SNIa,SNIa,0.533696,1,4,0.533696,0.36505599999999994,0.5391163175862322,0.992,0.5379999999999999,0.8559849625905548,0.7972739670812027,0.7918424284932575,0.9999968546457644,0.8487215993434153,0.9111050665621225,0.9897537669770841
ZTF23aakidwn,SN Ia,SNIa,SNIa,0.522,1,3,0.522,0.14400000000000002,0.6301954368316951,1.0,0.522,0.6757126594435418,0.35794270684776835,0.7544367787566093,1.0000000000000002,0.8445060947109149,0.6603488589628217,0.8647147306062275
ZTF21aatyplr,SN Ia,SNIa,SNIbc,0.538,0,2,0.538,0.17600000000000005,0.6397547806970608,1.0,0.538,0.7105818755863474,0.4304095017080405,0.7623861772237535,0.9999999999999999,0.49859770604050213,0.7321555512948507,0.6155497286880666
ZTF21aarigsr,SN Ia,SNIa,SNIa,0.5740000000000001,1,5,0.5740000000000001,0.3340000000000001,0.5927260118273379,1.0,0.5740000000000001,0.8686696639925143,0.760017118627355,0.8282729975803902,1.0,0.8434083693857094,0.885420370931378,0.9894460950113438
ZTF19adbsfpf,SN Ia,SNIa,SNIa,0.4100239999999999,1,5,0.4100239999999999,0.10154799999999997,0.4674556103257983,0.9579999999999997,0.428,0.6109408038387659,0.30093625583228245,0.6681005236458359,0.9997694987441633,0.8434083693857094,0.6425304597822228,0.7411514895966526
ZTF20abmzfql,SN Ia,SNIa,SNIa,0.618488,1,4,0.618488,0.39717600000000003,0.5983790086039971,0.9880000000000001,0.626,0.9039999620965442,0.821198310783006,0.8657083406566208,0.9999722236481271,0.8487215993434153,0.9075705544262666,0.9937443087611539
ZTF24aalndou,SN Ia,SNIa,SNIa,0.38192,1,2,0.38192,0.16368,0.3602096707663419,0.88,0.434,0.6775426260037385,0.4955483857683074,0.6466582452159138,0.9953667769823948,0.8515818725102239,0.7869071389711867,0.8785205176452126
ZTF20absvwdh,SN Ia,SNIa,SNIa,0.394,1,1,0.394,0.02400000000000002,0.5470035080840094,1.0,0.394,0.49876801446900637,0.0677624656846576,0.6570328029381607,1.0,0.8501719576719576,0.4263050289646372,0.4558486375231419
ZTF21aaxsnvk,SN Ia,SNIa,SNIa,0.43120000000000014,1,3,0.43120000000000014,0.1548400000000001,0.5039937149710549,0.9800000000000003,0.44,0.6477581274637221,0.41876364536946076,0.6648748759365649,0.9999595698336784,0.8445060947109149,0.7297154054919615,0.8778473571993676
ZTF22abbkxor,SN Ia,SNIa,SNIa,0.538,1,1,0.538,0.29600000000000004,0.573030526481537,1.0,0.538,0.8260385265688338,0.696957850235709,0.7834311633792168,1.0,0.8501719576719576,0.8690723174463192,0.9804169719732834
ZTF21abybnni,SN Ia,SNIa,SNIa,0.4989999999999999,1,1,0.4989999999999999,0.29141599999999995,0.5405614330610631,0.9979999999999999,0.49999999999999994,0.7985475641549473,0.6944821404449204,0.7417944785011367,0.9999997448396393,0.8501719576719576,0.876639791534759,0.9773739245626425
ZTF21absvlrr,SN Ia,SNIa,SNIa,0.361276,1,3,0.361276,0.135728,0.4944320554374323,0.998,0.362,0.5345277700758576,0.35680443413631624,0.5579535098406869,0.9999995825924094,0.8445060947109149,0.7189227271143539,0.7494929253567318
ZTF20aahqcup,SN Ia,SNIa,SNIa,0.34,1,4,0.34,0.07800000000000001,0.49770984279562236,1.0,0.34,0.471468321544725,0.21430569667328514,0.5400345903280526,0.9999999999999999,0.8487215993434153,0.6137013580327217,0.4897889799332194
ZTF20aciugdl,SN Ia,SNIa,SNIa,0.588,1,1,0.588,0.354,0.6037395344181777,1.0,0.588,0.8722214997777611,0.7696808493375352,0.8311607025770308,1.0,0.8501719576719576,0.8905077678644107,0.9910816987796338
ZTF20abtfnpl,SN Ia,SNIa,SNIa,0.436248,1,3,0.436248,0.17928000000000005,0.516152184700094,0.996,0.438,0.6854847521217359,0.4865349779331585,0.66412686189816,0.9999977330028761,0.8445060947109149,0.772237689378144,0.8459810720936821
ZTF22abhvfio,SN Ia,SNIa,SNIa,0.518,1,2,0.518,0.118,0.6492646414016623,1.0,0.518,0.6436852699605513,0.2929657635317046,0.7486414740096039,1.0,0.8515818725102239,0.6198782050234047,0.8096774987430246
ZTF20abfqeef,SN Ia,SNIa,SNIa,0.47800000000000004,1,5,0.47800000000000004,0.278,0.5365167596045186,1.0000000000000002,0.4779999999999999,0.7774078521789699,0.680008532848013,0.7214690872182359,1.0,0.8434083693857094,0.8682061606294108,0.9721390895532034
ZTF21abmspkq,SN Ia,SNIa,SNIa,0.4627199999999999,1,5,0.4627199999999999,0.17930399999999996,0.4877049949876232,0.9639999999999999,0.48,0.7255789661285422,0.5000772334368849,0.724248952095898,0.9998600336629556,0.8434083693857094,0.775770217882778,0.9085513795136897
ZTF18abbvsiv,SN Ia,SNIa,SNIa,0.52,1,4,0.52,0.194,0.5984387314050654,1.0,0.52,0.7315615083341623,0.48462640286916303,0.7546116038144779,1.0000000000000002,0.8487215993434153,0.7589048789090107,0.9157432118639133
ZTF22abspgzy,SN Ia,SNIa,SNIa,0.44,1,2,0.44,0.035999999999999976,0.585661023977512,1.0,0.44,0.53909100111193,0.09794309162875736,0.7107704542230588,1.0000000000000002,0.8515818725102239,0.4397236910685218,0.5533308684139279
ZTF20aavqfli,SN Ia,SNIa,SNIa,0.5800000000000001,1,3,0.5800000000000001,0.278,0.6380767574598349,1.0,0.5800000000000001,0.8101972350895914,0.6339462959308967,0.8020805927894077,1.0,0.8445060947109149,0.8332286974664561,0.9758841636089564
ZTF21aakvrgb,SN Ia,SNIa,SNIa,0.422,1,4,0.422,0.014000000000000012,0.5833569979690681,1.0,0.422,0.5025505738837313,0.03792897832128789,0.6960135099613467,0.9999999999999999,0.8487215993434153,0.369344985547255,0.4778698672974229
ZTF25abwhfuq,SN Ia,SNIa,SNIa,0.2995360000000001,1,1,0.2995360000000001,0.11116800000000004,0.263076358471365,0.7720000000000001,0.388,0.5661947246552492,0.3734697739174322,0.5364790271424411,0.9661109962221355,0.8501719576719576,0.7434441923624748,0.7788901913634598
ZTF22aaffaah,SN Ia,SNIa,SNIa,0.5412,1,4,0.5412,0.316848,0.5420175433161627,0.984,0.55,0.8434489381607971,0.7346678085994786,0.7962143265407304,0.9999848296333494,0.8487215993434153,0.887888783093891,0.9845853807173751
ZTF18acrdmmw,SN Ia,SNIa,SNIa,0.52894,1,5,0.52894,0.265468,0.5689807242091325,0.9979999999999999,0.53,0.8122223474488639,0.658012858494171,0.7810374757626842,0.9999987624148351,0.8434083693857094,0.8505575866523682,0.9728106218752004
ZTF19acyfkbf,SN Ia,SNIa,SNIa,0.42800000000000005,1,3,0.42800000000000005,0.18000000000000002,0.5306394275009028,1.0000000000000002,0.42799999999999994,0.6497137038295236,0.4682522922700695,0.648787200110732,1.0,0.8445060947109149,0.7692134032365502,0.9112706559408047
ZTF22abmicob,SN Ia,SNIa,SNIa,0.452,1,2,0.452,0.14400000000000002,0.5471110745074907,1.0,0.452,0.6668317701849068,0.3959912388083324,0.6917417394288508,1.0,0.8515818725102239,0.7007070772105227,0.8136418973855982
ZTF19abhpvfq,SN Ia,SNIa,SNIa,0.39732000000000006,1,3,0.39732000000000006,0.022704000000000002,0.478063740525973,0.9460000000000002,0.42,0.5145179691759226,0.06611219266944346,0.6895957354763389,0.9995645125286501,0.8445060947109149,0.4266136275645866,0.5273012423941622
ZTF21acjcrzd,SN Ia,SNIa,SNIa,0.4004720000000001,1,5,0.4004720000000001,0.23744800000000005,0.3584192157150451,0.8860000000000002,0.452,0.7408760144220353,0.653934133723401,0.6775361713693373,0.9972296808616794,0.8434083693857094,0.8636535985086098,0.9501742214962638
ZTF20abeqsrm,SN Ia,SNIa,SNIa,0.53,1,1,0.53,0.26,0.5789959289936216,1.0,0.53,0.7957288078014225,0.6296874244799682,0.7701117841906282,1.0000000000000002,0.8501719576719576,0.8394366632210309,0.9682045209740543
ZTF19acojuzv,SN Ia,SNIa,SNIa,0.522,1,5,0.522,0.266,0.5660790239080375,1.0,0.522,0.8105945307132372,0.6622991996690325,0.7740740665809331,0.9999999999999999,0.8434083693857094,0.8536192920184816,0.9717219347619666
ZTF21ackrvob,SN Ia,SNIa,SNIa,0.45978,1,4,0.45978,0.19206,0.4874263753578766,0.9700000000000001,0.474,0.7258646836563105,0.5195342755523512,0.710331015891403,0.9999074913634128,0.8487215993434153,0.7975225292563362,0.9074093066945861
ZTF23abgqzhi,SN Ia,SNIa,SNIa,0.614,1,3,0.614,0.354,0.6340797397826545,1.0,0.614,0.8728703220152849,0.7557437068837164,0.8447567618457468,0.9999999999999999,0.8445060947109149,0.8822009473680199,0.9914850932458487
ZTF20abgakbv,SN Ia,SNIa,SNIa,0.36951200000000006,1,4,0.36951200000000006,0.03952,0.4970996222633107,0.9880000000000002,0.374,0.4981030799789261,0.11522810689621332,0.6165830759865953,0.9999736262955733,0.8487215993434153,0.4812522925989966,0.462735161090942
ZTF23aamzucf,SN Ia,SNIa,SNIa,0.468,1,4,0.468,0.23600000000000002,0.5338057502786133,1.0,0.468,0.746996733464823,0.6009575562920426,0.7007945099684489,1.0,0.8487215993434153,0.8473165179293659,0.9378128342560395
ZTF21aciialn,SN Ia,SNIa,SNII,0.171296,0,3,0.171296,0.013511999999999996,0.09955504597173925,0.424,0.404,0.3246233606284755,0.056723480578551144,0.2988386991911288,0.5263666621179436,0.8705407679595135,0.3499252292798606,0.5737389476986812
ZTF24abmpzmg,SN Ia,SNIa,SNIa,0.38958000000000004,1,3,0.38958000000000004,0.177576,0.3870117723781884,0.9060000000000001,0.43,0.6806128400306741,0.5164614555829242,0.641154571336692,0.9966259459408142,0.8445060947109149,0.7991011801372088,0.868969418692879
ZTF23abjtozz,SN Ia,SNIa,SNIbc,0.494,0,3,0.494,0.07800000000000001,0.6389917909519855,1.0,0.494,0.5951891716223936,0.19689056757577833,0.7379756309499843,0.9999999999999999,0.4967890951237502,0.5284306292175787,0.5393047657994972
ZTF22abyaood,SN Ia,SNIa,SNIa,0.322,1,2,0.322,0.026000000000000023,0.5033613118353568,1.0,0.322,0.4051698153960748,0.07270132801920731,0.5482635306362202,1.0,0.8515818725102239,0.45456707761366283,0.6510402595232971
ZTF19aaurxsa,SN Ia,SNIa,SNIa,0.37200000000000005,1,1,0.37200000000000005,0.08600000000000002,0.5122355295214611,1.0000000000000002,0.372,0.5269132364797737,0.24085019668126423,0.588226143275262,1.0,0.8501719576719576,0.621290110894265,0.6375352713002934
ZTF23abgspvs,SN Ia,SNIa,SNIa,0.622,1,4,0.622,0.388,0.6280532242741086,1.0,0.622,0.8943830968077265,0.8023407720922335,0.858086424679932,1.0000000000000002,0.8487215993434153,0.9022999694460747,0.9927300346461149
ZTF21aamjgfp,SN Ia,SNIa,SNIa,0.5,1,5,0.5,0.242,0.5545854494662994,1.0,0.5,0.7840826776779329,0.6221537218516148,0.7491567472855265,1.0,0.8434083693857094,0.8389148626283982,0.9572631413429166
ZTF21aaampui,SN Ia,SNIa,SNIa,0.388,1,2,0.388,0.07,0.5227727320392682,1.0,0.388,0.5441007014872252,0.2031268680676026,0.6233022404848221,1.0,0.8515818725102239,0.5352928138135622,0.5208270651636232
ZTF21accfbyj,SN Ia,SNIa,SNIa,0.23597200000000002,1,3,0.23597200000000002,0.04773999999999998,0.1603678272429826,0.682,0.346,0.4508228618215166,0.18502377769074002,0.47391517109087344,0.9537399587588915,0.8445060947109149,0.6025306650619867,0.5291415892997561
ZTF22abszapf,SN Ia,SNIa,SNIa,0.3995880000000001,1,3,0.3995880000000001,0.14711200000000008,0.4984192497446931,0.9940000000000002,0.402,0.6162569465718922,0.4055355940880116,0.6145688392643345,0.9999956442741785,0.8445060947109149,0.7312708855728306,0.7790604138274596
ZTF21aawyyha,SN Ia,SNIa,SNIa,0.54,1,5,0.54,0.374,0.5596239693600886,1.0,0.54,0.8680621483921732,0.8159100172769066,0.8039371418323659,1.0,0.8434083693857094,0.9064851768775694,0.9905970473214838
ZTF20acnyxln,SN Ia,SNIa,SNIa,0.185256,1,5,0.185256,0.021204,0.15148369670535133,0.5579999999999999,0.332,0.30185153813747384,0.07593849957503096,0.37758459953673995,0.7287790756760705,0.8434083693857094,0.3171190202183545,0.7935026232595354
ZTF23abijnsm,SN Ia,SNIa,SNIa,0.684,1,5,0.684,0.4660000000000001,0.6729191848779352,1.0,0.684,0.9350875226735273,0.8738568876505955,0.9052306689087826,1.0,0.8434083693857094,0.9130030972387829,0.9974771295202921
ZTF19aamooex,SN Ia,SNIa,SNIa,0.43,1,2,0.43,0.14400000000000002,0.5292523920608248,1.0,0.43,0.6524750741948288,0.4021161871153234,0.6608855403374849,1.0,0.8515818725102239,0.7066932503391066,0.7720615672489265
ZTF21acjotip,SN Ia,SNIa,SNIa,0.516,1,1,0.516,0.31000000000000005,0.5516256169888523,1.0,0.516,0.8232680668090877,0.7257658534411784,0.7632847867809542,1.0,0.8501719576719576,0.8851999486475465,0.9813015580477871
ZTF21aaugbus,SN Ia,SNIa,SNIa,0.608,1,2,0.608,0.418,0.6115559351090568,1.0,0.608,0.9030319316918484,0.8442637887064881,0.8551970129331857,1.0000000000000002,0.8515818725102239,0.9365548798962874,0.9961891559353029
ZTF22aayfpso,SN Ia,SNIa,SNIa,0.55974,1,4,0.55974,0.339772,0.555625726347766,0.9820000000000001,0.57,0.862332823906027,0.764110511560493,0.8155644552152741,0.9999078666919414,0.8487215993434153,0.8957797804817397,0.9885989822977711
ZTF22abhfwmr,SN Ia,SNIa,SNIa,0.588,1,5,0.588,0.32399999999999995,0.6160135424574344,1.0,0.588,0.8580608301051676,0.7308765975858666,0.8293908277306522,1.0,0.8434083693857094,0.8741492684071869,0.9883734190515975
ZTF24abxxfzd,SN Ia,SNIa,SNIa,0.425148,1,1,0.425148,0.21157600000000001,0.5108082010033911,0.9980000000000001,0.426,0.679216096241786,0.5420254875979051,0.6404607624090569,0.9999989825242351,0.8501719576719576,0.8260325536127264,0.8961291622804396
ZTF22aamtomc,SN Ia,SNIa,SNIa,0.3942,1,4,0.3942,0.199728,0.36427198443235376,0.876,0.45,0.7107186650768303,0.5733271131384259,0.6613070977523526,0.994061446616714,0.8487215993434153,0.8446367798353889,0.9499199636070195
ZTF21aabhqng,SN Ia,SNIa,SNIa,0.528,1,4,0.528,0.338,0.555551514561292,1.0,0.528,0.8423408883407909,0.7641695210370631,0.7792649626858572,1.0,0.8487215993434153,0.9019299434038224,0.9853033589734703
ZTF19abkrlew,SN Ia,SNIa,SNIa,0.484,1,4,0.484,0.22599999999999998,0.5479200286816092,1.0,0.484,0.752364529258932,0.5782154811395774,0.7214544440290525,1.0,0.8487215993434153,0.8297872551718442,0.9384605441132113
ZTF22abghgca,SN Ia,SNIa,SNIa,0.506,1,5,0.506,0.248,0.5580149718282257,1.0,0.506,0.7909121408069416,0.6321522979253511,0.7558868998129324,0.9999999999999999,0.8434083693857094,0.8425956230197084,0.9576654104605197
ZTF21abfxjik,SN Ia,SNIa,SNIbc,0.388,0,1,0.388,0.057999999999999996,0.5254668901184328,1.0,0.388,0.5324658573545359,0.16694160155283305,0.6285507844447519,0.9999999999999999,0.4917064865161751,0.531584561149663,0.31335356468374537
ZTF19aaphmto,SN Ia,SNIa,SNIa,0.408,1,2,0.408,0.07399999999999995,0.5360932390325975,1.0,0.408,0.5664222708563025,0.21243612133278,0.6530197999342419,1.0,0.8515818725102239,0.5408899455988654,0.5755532740704343
ZTF19abyjjxp,SN Ia,SNIa,SNII,0.21638,0,4,0.21638,0.04188,0.22452810863216033,0.698,0.31,0.34778981203588905,0.1369156482816819,0.3994311685487282,0.876767070513889,0.8738761732007377,0.5292771200886045,0.819453278736896
ZTF23aavujng,SN Ia,SNIa,SNIa,0.604788,1,5,0.604788,0.323352,0.631699563550131,0.998,0.606,0.8556994404532359,0.717563383749408,0.8368144180546275,0.9999998744621674,0.8434083693857094,0.8676396488913749,0.988057649114576
ZTF20acwqlpq,SN Ia,SNIa,SNIa,0.502992,1,3,0.502992,0.16367199999999998,0.5868422906345683,0.998,0.504,0.7006772956517608,0.4214607263677962,0.7436512293751347,0.999999582717036,0.8445060947109149,0.7105333984133866,0.886460200842899
ZTF22abgawhn,SN Ia,SNIa,SNIa,0.36,1,2,0.36,0.11599999999999999,0.5029794262967491,1.0,0.36,0.520613485453284,0.31180332254731186,0.5632873445567995,0.9999999999999999,0.8515818725102239,0.6688700706808033,0.7445719283990176
ZTF21abrxoir,SN Ia,SNIa,SNIa,0.52,1,2,0.52,0.31200000000000006,0.5541339935666479,1.0,0.52,0.8307225893144485,0.7341790036164948,0.7717511667627123,0.9999999999999999,0.8515818725102239,0.9012978689501194,0.9801753393741881
ZTF19aanydko,SN Ia,SNIa,SNIa,0.462,1,3,0.462,0.194,0.538365141607767,1.0,0.462,0.717861687439193,0.5168429973467554,0.6971456052123562,0.9999999999999999,0.8445060947109149,0.7839427774679988,0.8869251187875609
ZTF23abgvtxr,SN Ia,SNIa,SNIa,0.3872960000000001,1,1,0.3872960000000001,0.13436800000000004,0.4896198506601801,0.9880000000000002,0.392,0.5879627672641697,0.3694807162179744,0.6014470224185492,0.999899519043685,0.8501719576719576,0.7240162905597006,0.7840017455464848
ZTF18acrlmvt,SN Ia,SNIa,SNIa,0.327184,1,2,0.327184,0.03484799999999999,0.4415421140203971,0.968,0.33799999999999997,0.4483666563391431,0.10421664433124378,0.5596582246890882,0.9998732615600715,0.8515818725102239,0.4623380353883225,0.35578949856426545
ZTF24aaiowju,SN Ia,SNIa,SNII,0.353292,0,1,0.353292,0.0499,0.5031111162558768,0.998,0.354,0.4805125154314971,0.14317880587598114,0.5765877285635808,0.9999996205837326,0.8811660561660561,0.5351532925682665,0.8042883087106613
ZTF19abuhlxk,SN Ia,SNIa,SNIa,0.46530000000000005,1,1,0.46530000000000005,0.19206,0.5227260978129762,0.9900000000000001,0.47,0.7212729514629556,0.5118818567935928,0.7061236242524614,0.9999722915728397,0.8501719576719576,0.7871405796202876,0.893079324554644
ZTF18acbxmvy,SN Ia,SNIa,SNIa,0.48804,1,3,0.48804,0.24302399999999996,0.5377039642641617,0.9959999999999999,0.49000000000000005,0.7700258019415983,0.6162024637494804,0.7302087035246472,0.9999987870338966,0.8445060947109149,0.8345085893300522,0.9554551865975558
ZTF19achejoc,SN Ia,SNIa,SNIa,0.676,1,2,0.676,0.48800000000000004,0.661529789857583,1.0,0.676,0.9398374029239712,0.8933275990706736,0.9033994957570002,1.0,0.8515818725102239,0.9483243148375062,0.9980361711058763
ZTF19aabyuze,SN Ia,SNIa,SNIa,0.36234000000000005,1,3,0.36234000000000005,0.023760000000000003,0.5047727567538247,0.9900000000000002,0.366,0.4717087193420817,0.06915228231196074,0.6149418144923438,0.9999695108512788,0.8445060947109149,0.4509575246047461,0.4514563974786179
ZTF22abevcjl,SN Ia,SNIa,SNIa,0.43,1,1,0.43,0.128,0.5339519387186255,1.0,0.43,0.6349799790327486,0.3555910099356774,0.6629922662765919,1.0,0.8501719576719576,0.6863981473845817,0.7495639864996745
ZTF25aciguje,SN Ia,SNIa,SNIa,0.433504,1,3,0.433504,0.221996,0.3767616160022337,0.8740000000000001,0.49599999999999994,0.7772715807532583,0.6320290180578145,0.7255187085891055,0.9950472685808422,0.8445060947109149,0.8457095884022983,0.9584975585993255
ZTF20acgnrqu,SN Ia,SNIa,SNIa,0.582,1,3,0.582,0.32199999999999995,0.6121706727572853,1.0,0.582,0.8499092631224889,0.7206649472098159,0.8190553593204217,1.0,0.8445060947109149,0.870858677985753,0.9872802071405169
ZTF21abvyxfs,SN Ia,SNIa,SNIa,0.64,1,3,0.64,0.454,0.6224493734162672,1.0,0.64,0.9303757149556652,0.8785828445483019,0.8876946864568613,1.0,0.8445060947109149,0.9191274007710977,0.9973236742906486
ZTF18aawjywv,SN Ia,SNIa,SNIa,0.43226399999999987,1,5,0.43226399999999987,0.1035839999999999,0.5446714790512954,0.9959999999999999,0.43399999999999994,0.6085452891215978,0.2918387647129371,0.674718716437406,0.9999991762963419,0.8434083693857094,0.6326455089904818,0.751066389354558
ZTF19abxjimu,SN Ia,SNIa,YSO,0.232368,0,5,0.232368,0.11806399999999999,0.10958346821612641,0.234,0.408,0.5811603187830182,0.47406851435851105,0.43141636453331655,0.10812115422699979,0.4440919904837431,0.03400698745635718,0.0008882397939581045
ZTF23aavxosl,SN Ia,SNIa,SNIa,0.47000000000000003,1,2,0.47000000000000003,0.24,0.5362045249687282,1.0000000000000002,0.4699999999999999,0.7507295143656173,0.6106268077709471,0.7057090317212141,1.0,0.8515818725102239,0.8481965098073287,0.9499423600190431
ZTF18aajpjdi,SN Ia,SNIa,SLSN,0.166804,0,1,0.166804,0.023924,0.08321432098600823,0.446,0.374,0.3270753208882649,0.09881276406627854,0.2727492314839124,0.5894774674362491,0.3341521793902746,0.40607331146792786,0.2914551404373533
ZTF20aaeujsk,SN Ia,SNIa,SNIa,0.424296,1,3,0.424296,0.123504,0.5246915277318864,0.996,0.426,0.6244763887861184,0.3450245169683441,0.6580681691369619,0.9999988561239598,0.8445060947109149,0.6724159513905978,0.7645677611886872
ZTF24abifqbz,SN Ia,SNIa,SNIa,0.359328,1,5,0.359328,0.14227199999999998,0.37911035562595785,0.912,0.39399999999999996,0.6077208511752477,0.4249928918351338,0.6007868241265235,0.9981970902216106,0.8434083693857094,0.7519867470215654,0.8156639860197168
ZTF24aaoniol,SN Ia,SNIa,SNIa,0.37228000000000006,1,3,0.37228000000000006,0.17712000000000003,0.2924084759927238,0.8200000000000001,0.454,0.7173372374271816,0.5587964694098853,0.6627877312561546,0.991590039444561,0.8445060947109149,0.8199854747939175,0.9108321065528712
ZTF21acgupte,SN Ia,SNIa,SNIa,0.348,1,1,0.348,0.08799999999999997,0.4998814008238127,1.0,0.348,0.48939370027956547,0.24079226047125635,0.5490964791365928,1.0,0.8501719576719576,0.6409824175136142,0.716396672327645
ZTF20abzpxxu,SN Ia,SNIa,SNIa,0.528,1,2,0.528,0.326,0.558523107403819,1.0,0.528,0.8395918997409091,0.7517096042241381,0.7807682373466923,1.0000000000000002,0.8515818725102239,0.9080528007821862,0.986784139666141
ZTF23abhxbjo,SN Ia,SNIa,SNIa,0.46530000000000005,1,5,0.46530000000000005,0.19998,0.5192636090797619,0.99,0.47000000000000003,0.7353772609454337,0.5426659752438718,0.7122436353235676,0.9999906750756153,0.8434083693857094,0.8036684484287404,0.9042197253948567
ZTF23abjpcza,SN Ia,SNIa,SNIa,0.6060000000000001,1,3,0.6060000000000001,0.31200000000000006,0.649635545916315,1.0000000000000002,0.606,0.8384055422812496,0.6837990575587762,0.8254328171016776,1.0,0.8445060947109149,0.8542828750093501,0.984762647965283
ZTF21abvvuhm,SN Ia,SNIa,SNII,0.270912,0,5,0.270912,0.0039839999999999876,0.48227882605682737,0.996,0.27199999999999996,0.29759021263279894,0.010327104865705206,0.5035648256417469,0.9999944661742143,0.8645489503688297,0.41921666545975517,0.40325781237517216
ZTF22aadephk,SN Ia,SNIa,SNIa,0.4274199999999999,1,3,0.4274199999999999,0.21470399999999998,0.5056819672443379,0.9939999999999998,0.43,0.6834831744270465,0.549707395915284,0.6486655160420844,0.9999939061503317,0.8445060947109149,0.8169794480579005,0.9242791012042141
ZTF21accuexh,SN Ia,SNIa,SNIa,0.5700000000000001,1,4,0.5700000000000001,0.256,0.6332581594619264,1.0,0.5700000000000001,0.790592298816777,0.5930496487356802,0.7929048253272797,1.0000000000000002,0.8487215993434153,0.81885402492131,0.9621425340741971
ZTF18acbxsge,SN Ia,SNIa,SNIa,0.466128,1,1,0.466128,0.1992,0.5355699530621905,0.996,0.46799999999999997,0.7171594253198312,0.5207792875920559,0.7002525171252874,0.9999973851517766,0.8501719576719576,0.795198667846494,0.9202509025877103
ZTF21aalimtr,SN Ia,SNIa,SNIa,0.58882,1,1,0.58882,0.33932,0.6057522716695384,0.998,0.59,0.8628842184377832,0.7455207561508361,0.8283887061996056,0.999999794792332,0.8501719576719576,0.8814455474567089,0.9892761753735435
ZTF21abcgxwy,SN Ia,SNIa,SNIa,0.644,1,3,0.644,0.376,0.6677858329272597,1.0,0.644,0.8817705405702745,0.7681648254245899,0.8581674997487329,1.0,0.8445060947109149,0.8857520592316717,0.9930325307730236
ZTF25abidcdj,SN Ia,SNIa,SNIbc,0.367536,0,5,0.367536,0.09089599999999998,0.48839530746647053,0.988,0.372,0.5300299158605943,0.26078145016223586,0.5914881577183938,0.9999837140375205,0.5111707620422298,0.6274387103534134,0.4267990595812363
ZTF21abdthxn,SN Ia,SNIa,SNIa,0.634,1,4,0.634,0.34800000000000003,0.6673709430273368,1.0,0.634,0.8615703995764856,0.7263138282408836,0.8453613666025366,1.0,0.8487215993434153,0.8746619892583716,0.9873393986221908
ZTF20aauowam,SN Ia,SNIa,SNIa,0.456,1,5,0.456,0.26,0.5251823977579875,1.0,0.456,0.748984171060346,0.6489274448674859,0.6911540547028945,0.9999999999999999,0.8434083693857094,0.8593674229904108,0.9553224817203895
ZTF19aayjqpa,SN Ia,SNIa,SNIa,0.622,1,1,0.622,0.436,0.6102569828642346,1.0,0.622,0.919399708583055,0.86375755004593,0.8723658242668446,0.9999999999999999,0.8501719576719576,0.916569091967685,0.9964259640850804
ZTF18acwutbr,SN Ia,SNIa,SNIa,0.444,1,1,0.444,0.045999999999999985,0.5908106462869684,1.0,0.444,0.5478422699914967,0.12293437388708128,0.7050379931589392,1.0,0.8501719576719576,0.4573681876084321,0.5825181242598714
ZTF23aaejvzv,SN Ia,SNIa,SNIa,0.3968559999999999,1,5,0.3968559999999999,0.17033199999999993,0.3587472555663437,0.8779999999999998,0.45199999999999996,0.7011113479176704,0.5169310230882262,0.6778743795424518,0.9975327465125796,0.8434083693857094,0.7953505701407965,0.916560298603296
ZTF20acoqpbg,SN Ia,SNIa,SNIa,0.534,1,5,0.534,0.276,0.5786209307515845,1.0,0.534,0.8157214245014046,0.6717118948003497,0.7818429112311047,0.9999999999999999,0.8434083693857094,0.8564631166671043,0.9772284578109977
ZTF23aaqqeri,SN Ia,SNIa,SNIa,0.42400000000000004,1,1,0.42400000000000004,0.20600000000000002,0.5168992101655616,1.0,0.42400000000000004,0.6707026098002803,0.5277206697589054,0.6385652733166112,1.0,0.8501719576719576,0.8187254630019616,0.8952086556935972
ZTF19acjjwsy,SN Ia,SNIa,SNIbc,0.37400000000000005,0,4,0.37400000000000005,0.05199999999999999,0.5218821911623451,1.0000000000000002,0.374,0.5054182587529107,0.14861561281440666,0.6090765274571288,0.9999999999999998,0.5038357489552927,0.5181022765600741,0.37742705757994
ZTF19aaqhelq,SN Ia,SNIa,Periodic-Other,0.23426,0,4,0.23426,0.13894800000000002,0.09223427251475924,0.322,0.296,0.6038395048917368,0.5292765132820455,0.4265454435734026,0.20555137689528213,0.544744708107119,0.01646408710322941,4.955518022667365e-05
ZTF22abmjdfo,SN Ia,SNIa,SNIa,0.4910360000000001,1,4,0.4910360000000001,0.12524400000000002,0.584845402369276,0.9940000000000002,0.494,0.6553852052855578,0.32497221796663883,0.7371370495423675,0.9999972421457325,0.8487215993434153,0.631706930356102,0.8057943292438692
ZTF18aatgdph,SN Ia,SNIa,SNIa,0.436,1,4,0.436,0.118,0.5415982391209055,1.0,0.436,0.6305712222938179,0.32792036159843374,0.6754388142684697,1.0,0.8487215993434153,0.6610709117716901,0.7283749397326679
ZTF23aarvrvd,SN Ia,SNIa,SNIa,0.4406479999999999,1,4,0.4406479999999999,0.22526399999999994,0.49914285996205265,0.9879999999999997,0.446,0.7064560717404988,0.5727965472112977,0.669635142969789,0.9999873821282239,0.8487215993434153,0.8399952320963909,0.9444091109117615
ZTF24aaakprs,SN Ia,SNIa,SNIa,0.306552,1,4,0.306552,0.048199999999999965,0.42612312270203556,0.964,0.318,0.41311282080678713,0.13560898956620465,0.5230478866098551,0.9998227060124987,0.8487215993434153,0.5444982470660771,0.5715006874378777
ZTF20ackdkva,SN Ia,SNIa,SNIa,0.628,1,4,0.628,0.46199999999999997,0.6091621496265507,1.0,0.628,0.9300861435363584,0.8879675760224836,0.8819809317734933,1.0,0.8487215993434153,0.9255308880559706,0.9963644243321447
ZTF23aaizjbj,SN Ia,SNIa,SNIa,0.512,1,3,0.512,0.23399999999999999,0.5678407045748035,1.0,0.512,0.7749594606592809,0.5890291694029304,0.7552960492238271,0.9999999999999998,0.8445060947109149,0.8157316176832164,0.952185370586594
ZTF20aaactgu,SN Ia,SNIa,SNIa,0.63,1,2,0.63,0.404,0.6295004720592827,1.0,0.63,0.906637928657168,0.8250519501372369,0.8697752708252566,1.0,0.8515818725102239,0.9310095673774653,0.9955707949528457
ZTF22ablhldn,SN Ia,SNIa,SNIa,0.634,1,1,0.634,0.402,0.6373678902538553,1.0,0.634,0.9013145345562157,0.8141214949850385,0.8660535346419129,0.9999999999999999,0.8501719576719576,0.9013211443184609,0.9947483105899138
ZTF23aaznywn,SN Ia,SNIa,SNIa,0.562,1,4,0.562,0.31800000000000006,0.5864877214726139,1.0,0.562,0.8491356353477562,0.7271861669195231,0.8089762442298722,1.0,0.8487215993434153,0.8824086584623441,0.9824854733643941
ZTF20accsfkt,SN Ia,SNIa,SNIa,0.676,1,3,0.676,0.49800000000000005,0.6488469994920241,1.0,0.676,0.947028882248077,0.9051691902111275,0.9110411117450891,0.9999999999999999,0.8445060947109149,0.9248411038044067,0.9982260589656209
ZTF21abrotmc,SN Ia,SNIa,SNIa,0.499,1,1,0.499,0.187624,0.5761066753774753,0.998,0.5,0.7197953030873174,0.47916896888392013,0.7345337424337093,0.9999995946252642,0.8501719576719576,0.7567232809192144,0.9125640897032999
ZTF23abaxkwq,SN Ia,SNIa,SNIbc,0.444216,0,3,0.444216,0.13147199999999998,0.5412011515279544,0.9960000000000001,0.44599999999999995,0.6432536359724733,0.36001325156814407,0.6818346917221474,0.9999985749009306,0.4967890951237502,0.6783344567390688,0.4696193111560854
ZTF19aaomkvl,SN Ia,SNIa,SNIa,0.45,1,2,0.45,0.09400000000000003,0.5672129913606148,1.0,0.45,0.6105782565041132,0.25844384373537727,0.7007358008906892,0.9999999999999999,0.8515818725102239,0.5833473883755803,0.705958523557943
ZTF19acuymeu,SN Ia,SNIa,SNIbc,0.4382400000000001,0,3,0.4382400000000001,0.14740800000000004,0.5334679701093252,0.9960000000000002,0.44,0.648713028599421,0.39992017854869744,0.669113697720479,0.9999988966646325,0.4967890951237502,0.7130576247248012,0.4932600423162396
ZTF20accxzmn,SN Ia,SNIa,SNIa,0.628928,1,1,0.628928,0.44441600000000003,0.6002320779705062,0.992,0.634,0.924811019391498,0.8712719160517719,0.8803745285994453,0.9999939050417168,0.8501719576719576,0.9178237143173187,0.9968505587671352
ZTF19ablusdf,SN Ia,SNIa,SNIbc,0.338,0,5,0.338,0.01200000000000001,0.5100915014895938,1.0,0.338,0.43243037839670717,0.03570511614443228,0.5801809546252754,1.0,0.5111707620422298,0.43026595968845577,0.30770380400833774
ZTF19aajxwnz,SN Ia,SNIa,SNIbc,0.325376,0,3,0.325376,0.013888000000000011,0.49174806778402635,0.992,0.328,0.405600301074893,0.03931565818299593,0.5652327087256698,0.9999867535469464,0.4967890951237502,0.4488443532091563,0.4466423165436012
ZTF20acnrphs,SN Ia,SNIa,SNIbc,0.45908,0,2,0.45908,0.097804,0.5754642352706864,0.998,0.45999999999999996,0.6150161501146568,0.26468217742884,0.7070782992823706,0.9999989789562475,0.49859770604050213,0.5903827031250046,0.4791008642760252
ZTF21abvicne,SN Ia,SNIa,SNIa,0.5900000000000001,1,2,0.5900000000000001,0.37400000000000005,0.5965362849809741,1.0,0.5900000000000001,0.8894627258667716,0.8055052299240182,0.8429257170461593,1.0000000000000002,0.8515818725102239,0.9248793107793869,0.9936547894891395
ZTF22aboixdd,SN Ia,SNIa,SNIa,0.4482,1,2,0.4482,0.09760799999999997,0.552927501261739,0.9959999999999999,0.45000000000000007,0.6169917893309024,0.27047878186645513,0.7012158272125466,0.9999982892293048,0.8515818725102239,0.5934740231470338,0.7085617961828646
ZTF19aaphntn,SN Ia,SNIa,SNIa,0.628,1,5,0.628,0.41200000000000003,0.6267224942781515,1.0,0.628,0.9129811367010137,0.8412887465324178,0.8735704666212303,1.0,0.8434083693857094,0.9068973101797496,0.9959576483435844
ZTF20acwkvgj,SN Ia,SNIa,SNIa,0.6,1,2,0.6,0.348,0.6246899430682935,1.0,0.6,0.868258412222213,0.7550995554625404,0.8348444623378974,1.0,0.8515818725102239,0.9091130715602461,0.9910591106484486
ZTF24aahdfsy,SN Ia,SNIa,SNIa,0.34486,1,5,0.34486,0.126716,0.28411534819670026,0.802,0.43,0.6586137945700361,0.43758020129719466,0.6304674310359121,0.9851257395188073,0.8434083693857094,0.7556840452705826,0.7908548486841294
ZTF19acmbhvv,SN Ia,SNIa,AGN,0.3127,0,5,0.3127,0.17278,0.15543267287490903,0.188,0.42,0.7620502100843732,0.6500076140757516,0.6432857066625082,0.04869884454110535,0.4440919904837431,0.011320477255818704,0.0007698587565586407
ZTF19aalveag,SN Ia,SNIa,SNIa,0.419904,1,4,0.419904,0.13607999999999998,0.4751127778713823,0.9720000000000001,0.43199999999999994,0.6478084929495209,0.3873121029956889,0.6624120721523487,0.99992129326896,0.8487215993434153,0.7173025056575122,0.7745007816251465
ZTF18aaxqyki,SN Ia,SNIa,SNIa,0.454336,1,2,0.454336,0.253952,0.5064267338083099,0.992,0.458,0.7455131380714809,0.6365252822610254,0.6892010897733511,0.9999960932689944,0.8515818725102239,0.8639942527026688,0.9434883004799383
ZTF22aalwnzj,SN Ia,SNIa,SNIa,0.562872,1,5,0.562872,0.31936000000000003,0.5839864913254724,0.998,0.5640000000000001,0.8561238672947663,0.7399704824064889,0.816345184807582,0.9999998492790907,0.8434083693857094,0.8795231560108236,0.9876994105623736
ZTF22aajhkvu,SN Ia,SNIa,SNIa,0.5980000000000001,1,3,0.5980000000000001,0.37400000000000005,0.6038031452536734,1.0,0.5980000000000001,0.889555838865709,0.7999378491848244,0.8466902498773266,0.9999999999999999,0.8445060947109149,0.897874895381986,0.9933965326254633
ZTF22abgiayt,SN Ia,SNIa,SNIa,0.61132,1,5,0.61132,0.392428,0.5866008012755461,0.9859999999999999,0.6200000000000001,0.9078752360364457,0.829409721704188,0.8688552802333623,0.999991403830464,0.8434083693857094,0.9038178933642148,0.9952956103885943
ZTF21acigjrl,SN Ia,SNIa,SNIa,0.32143599999999994,1,5,0.32143599999999994,0.07888,0.46356088360481307,0.9859999999999998,0.326,0.44554485422694606,0.21783992960353216,0.5238996576029349,0.9999755164161619,0.8434083693857094,0.6061521989024541,0.4307631368022166
ZTF21acbfyew,SN Ia,SNIa,SNII,0.252928,0,1,0.252928,0.09119999999999998,0.14795733509194375,0.6080000000000001,0.4159999999999999,0.5643456391987991,0.3646742327894428,0.476175215582872,0.8854225210378228,0.8811660561660561,0.7329045187250558,0.894014206710265
ZTF23abetodb,SN Ia,SNIa,SNIa,0.688,1,1,0.688,0.46799999999999997,0.6806991335403683,1.0,0.688,0.9297772654090011,0.8640241564684625,0.8994360716103346,1.0,0.8501719576719576,0.9132211216041709,0.9971034372552985
ZTF24abnoldv,SN Ia,SNIa,SNIa,0.39043200000000006,1,4,0.39043200000000006,0.019919999999999993,0.5369384785193714,0.9960000000000001,0.392,0.4921879901568065,0.05644360188133679,0.6562266845740614,0.9999990864467007,0.8487215993434153,0.40476204323777154,0.452824547437999
ZTF18abpamut,SN Ia,SNIa,SNIa,0.412,1,2,0.412,0.18999999999999997,0.5122032207638252,1.0,0.412,0.6529979516113122,0.5001989142455565,0.6240520824882101,1.0,0.8515818725102239,0.7920586736418516,0.8263349810994557
ZTF21aardybv,SN Ia,SNIa,SNIa,0.41000000000000003,1,3,0.41000000000000003,0.15999999999999998,0.5192147606349908,1.0000000000000002,0.4099999999999999,0.6252585067501905,0.4285195081771674,0.6258267966207787,1.0,0.8445060947109149,0.7466478745073184,0.855890561012381
ZTF20abeimho,SN Ia,SNIa,SNIa,0.480192,1,2,0.480192,0.281088,0.4977087482203134,0.9760000000000001,0.49199999999999994,0.7882676639960109,0.6885903523359338,0.7337690487522819,0.9998852075967694,0.8515818725102239,0.8864949362940335,0.9788026374060123
ZTF22aatnyqk,SN Ia,SNIa,SNIa,0.548,1,3,0.548,0.26600000000000007,0.592700703242937,1.0,0.548,0.8073976259990218,0.6365207614904032,0.7890889708217721,1.0,0.8445060947109149,0.8358778125231209,0.9721091382448646
ZTF21acjxsrf,SN Ia,SNIa,SNIa,0.491016,1,2,0.491016,0.25748400000000005,0.5396358811893572,0.9979999999999999,0.49200000000000005,0.7835620605201182,0.6468022390862379,0.7353363110981933,0.9999997651178425,0.8515818725102239,0.8639415096075308,0.9618807929161514
ZTF21abukrln,SN Ia,SNIa,SNIa,0.56,1,4,0.56,0.31600000000000006,0.5883328768282221,1.0,0.56,0.8442223506813351,0.7219689578419263,0.8043360624767567,1.0,0.8487215993434153,0.8811348444654601,0.983355557442817
ZTF20aaetvkh,SN Ia,SNIa,SNIa,0.512,1,2,0.512,0.29200000000000004,0.5531131014039766,1.0,0.512,0.8145486050771072,0.7025483523669961,0.7603830480191722,1.0,0.8515818725102239,0.8889697416523833,0.9783126881773511
ZTF21aaabviz,SN Ia,SNIa,SNIa,0.323352,1,4,0.323352,0.005987999999999993,0.4988749320224716,0.998,0.32399999999999995,0.40573701758853714,0.01726218749938868,0.5574660411076362,0.9999977145552666,0.8487215993434153,0.4112156428281878,0.634179019218057
ZTF21aalekwo,SN Ia,SNIa,SNIa,0.622,1,3,0.622,0.33,0.6622355894071753,1.0,0.622,0.8502803324441893,0.705084935563203,0.8361449514924219,0.9999999999999999,0.8445060947109149,0.8625829440537465,0.987694021795576
ZTF21abceehu,SN Ia,SNIa,SNIa,0.592,1,2,0.592,0.33599999999999997,0.6192836351254588,1.0,0.592,0.860568025076485,0.7404568940781641,0.8283071803446311,0.9999999999999999,0.8515818725102239,0.9038144914009465,0.9896224037147291
ZTF23abmewfr,SN Ia,SNIa,SNIa,0.461076,1,3,0.461076,0.18562799999999996,0.5358932331063688,0.998,0.46199999999999997,0.7113204916478678,0.49795744884984405,0.6979642343762403,0.9999983453482468,0.8445060947109149,0.7718633812669085,0.8743185612777442
ZTF18abiczpm,SN Ia,SNIa,SNIa,0.410432,1,4,0.410432,0.060016000000000014,0.49751855923663213,0.968,0.42400000000000004,0.5579486722573166,0.17166945904742642,0.6761438016818269,0.9998396990497677,0.8487215993434153,0.5101195744720864,0.6014754941600275
ZTF21aarjczf,SN Ia,SNIa,SNIa,0.478,1,1,0.478,0.188,0.5528034176273886,1.0,0.478,0.7203536936197265,0.4947735198125951,0.7168733961593365,1.0,0.8501719576719576,0.7725234867503843,0.8972743573631464
ZTF23aaaymxr,SN Ia,SNIa,SNIbc,0.426,0,1,0.426,0.09599999999999997,0.5502550749506232,1.0,0.426,0.5900246866074683,0.264025559083645,0.6632946848285006,1.0,0.4917064865161751,0.6078760264210392,0.4430502429672451
ZTF24abszjmr,SN Ia,SNIa,SNIa,0.27494399999999997,1,4,0.27494399999999997,0.09062399999999998,0.23400622061472243,0.768,0.35799999999999993,0.5072796119717293,0.3071567084677842,0.504697002454916,0.9731899489034208,0.8487215993434153,0.7102179922134615,0.6993474056998008
ZTF21aagojfe,SN Ia,SNIa,SNIa,0.40718400000000005,1,1,0.40718400000000005,0.03792400000000001,0.5447425222647113,0.9980000000000001,0.408,0.5274184071640625,0.10716831598955046,0.6711532461827705,0.9999981377662464,0.8501719576719576,0.45628458362724644,0.4834795988392487
ZTF24aaejwkz,SN Ia,SNIa,SNIa,0.38016,1,5,0.38016,0.13464,0.48501427660843743,0.9900000000000001,0.38399999999999995,0.5840896283538558,0.3781165433238307,0.5939202166554517,0.9999907171126559,0.8434083693857094,0.720395649307445,0.7531489801515423
ZTF25aaytfvv,SN Ia,SNIa,SNIa,0.408096,1,5,0.408096,0.183456,0.4134618298521857,0.9359999999999999,0.43600000000000005,0.6971924566184993,0.5292170530094686,0.6624535666277361,0.9994732393967424,0.8434083693857094,0.805222936958578,0.8911349807285239
ZTF20aaodkvl,SN Ia,SNIa,SNIa,0.468,1,1,0.468,0.18600000000000005,0.5471658279397469,1.0,0.468,0.710231029882213,0.4913230239080287,0.7030666994133322,1.0,0.8501719576719576,0.7747049281002835,0.8980542856081937
ZTF25aaaqkbi,SN Ia,SNIa,SNIbc,0.303552,0,5,0.303552,0.01190399999999997,0.4787780383323974,0.992,0.306,0.37926572826540467,0.034499987328707904,0.5271740263427025,0.9999734055872569,0.5111707620422298,0.4418305407211891,0.31404094132557786
ZTF22abvciba,SN Ia,SNIa,SNIa,0.57,1,5,0.57,0.37199999999999994,0.5824599526678137,1.0,0.57,0.8836214860139695,0.8125787560068802,0.8302842434848439,0.9999999999999998,0.8434083693857094,0.9027873946996587,0.9934453282701694
ZTF21accibae,SN Ia,SNIa,SNIa,0.642712,1,4,0.642712,0.46107599999999993,0.6228484038176197,0.998,0.6439999999999999,0.929266250484254,0.8801042941493252,0.8864215631458879,0.9999998394064641,0.8487215993434153,0.9227368208653489,0.9965540746490784
ZTF21abyakea,SN Ia,SNIa,SNIa,0.59,1,5,0.59,0.26199999999999996,0.6574740227327373,1.0,0.59,0.7989490584532581,0.6018628409344972,0.8071376252278897,0.9999999999999999,0.8434083693857094,0.8177012958445282,0.9717042337508378
ZTF19abzfmak,SN Ia,SNIa,SNIa,0.570856,1,2,0.570856,0.33932000000000007,0.5845173986977132,0.998,0.5720000000000001,0.8669367732195263,0.7628433039475375,0.8229488759853101,0.99999950917336,0.8515818725102239,0.9111010531487193,0.9901732685911447
ZTF22abobhmn,SN Ia,SNIa,SNIa,0.518,1,5,0.518,0.16600000000000004,0.610316616023721,1.0,0.518,0.7066022644051114,0.42529952918333663,0.7560562693253596,1.0,0.8434083693857094,0.7165674159006452,0.8996908117326103
ZTF24aahaajg,SN Ia,SNIa,SNIbc,0.33046400000000004,0,5,0.33046400000000004,0.052083999999999964,0.37582462438748776,0.8980000000000002,0.36799999999999994,0.5072134237930166,0.17022319197663727,0.588906208961075,0.9953503591444837,0.5111707620422298,0.5504331246336974,0.42094139977287465
ZTF19abuclhk,SN Ia,SNIa,SNIbc,0.4701120000000001,0,1,0.4701120000000001,0.071712,0.596707320666678,0.9960000000000001,0.47200000000000003,0.5872273841970715,0.18747004934089628,0.7260541119035859,0.9999964070631414,0.4917064865161751,0.5094967334138482,0.48186541669374344
ZTF21ackcrao,SN Ia,SNIa,SNIa,0.31556799999999996,1,4,0.31556799999999996,0.060016000000000014,0.437073156283738,0.9679999999999997,0.32600000000000007,0.42909135692365663,0.1663904232210397,0.5331240932621877,0.9997969624153179,0.8487215993434153,0.5702302972441293,0.515342151711337
ZTF21aaxstzy,SN Ia,SNIa,SNIa,0.518,1,3,0.518,0.29600000000000004,0.5568473827073287,1.0,0.518,0.8183587071862964,0.7054190369365194,0.7655029023940021,1.0,0.8445060947109149,0.8709509081190544,0.9796510545558564
ZTF18abobkii,SN Ia,SNIa,SNIa,0.382568,1,4,0.382568,0.03549600000000003,0.5126280811872915,0.986,0.388,0.4993293958375693,0.10119912389150415,0.6381269887175269,0.9999606979325646,0.8487215993434153,0.45706613186395517,0.5189306473369082
ZTF21aapomdb,SN Ia,SNIa,SNIa,0.402,1,1,0.402,0.17200000000000001,0.5099310742443939,1.0,0.402,0.6253039607072421,0.45443093463877193,0.6084369993972423,1.0,0.8501719576719576,0.7822913790287876,0.8703480334449306
ZTF21aaxuywf,SN Ia,SNIa,SNII,0.258996,0,2,0.258996,0.10848,0.20727171851941995,0.6779999999999999,0.38200000000000006,0.5204594454189064,0.375007322407596,0.45930863072111094,0.8895553073630154,0.87441809783826,0.7347099518254672,0.9641104065023628
ZTF19abuxhqc,SN Ia,SNIa,SNIa,0.614,1,4,0.614,0.296,0.6736692841226205,1.0,0.614,0.8197548511325199,0.6423088442385707,0.8202247358595017,1.0,0.8487215993434153,0.8394385338983044,0.9757437997749502
ZTF18aaovwbp,SN Ia,SNIa,SNIa,0.29172,1,1,0.29172,0.02828799999999998,0.34267666353781867,0.8839999999999999,0.33,0.42384054209863953,0.08942860802418678,0.5378488225814476,0.9934588103849421,0.8501719576719576,0.50329348739224,0.41188352873494377
ZTF18abmrhom,SN Ia,SNIa,AGN,0.22497600000000004,0,4,0.22497600000000004,0.04616000000000001,0.16529231747874995,0.508,0.35200000000000004,0.43231426014019797,0.17889843604253414,0.4196586691628804,0.5071495455904202,0.37272006344171293,0.12433308075204762,0.06830455046974329
ZTF22abnfgcn,SN Ia,SNIa,SNIbc,0.375248,0,5,0.375248,0.10578800000000005,0.5198726695610217,0.998,0.376,0.5181722234715069,0.28288388270402376,0.5997449893138693,0.9999997028897504,0.5111707620422298,0.6403356903699127,0.6091995064078739
ZTF19aacivvy,SN Ia,SNIa,SNIbc,0.36505599999999994,0,2,0.36505599999999994,0.02182400000000001,0.5105881846197636,0.9919999999999998,0.368,0.4711054869688146,0.06350630019132031,0.619965038008985,0.9999937119552695,0.49859770604050213,0.4148048839263537,0.3639172620492388
ZTF21aaprfkc,SN Ia,SNIa,SNIa,0.464,1,2,0.464,0.16800000000000004,0.5482488728959148,1.0,0.464,0.6975075092845545,0.4548597109889308,0.7038198688295645,1.0,0.8515818725102239,0.7457387738015369,0.8632669092544666
ZTF24aakfycl,SN Ia,SNIa,SNIa,0.332728,1,3,0.332728,0.1254,0.29473842408679773,0.8360000000000001,0.39799999999999996,0.5952903893003344,0.39824780512953006,0.5932495538880157,0.9929107120766956,0.8445060947109149,0.7390172154890403,0.8325667007651589
ZTF19aazdcmj,SN Ia,SNIa,SNIa,0.5900000000000001,1,3,0.5900000000000001,0.3480000000000001,0.6047510886104921,1.0000000000000002,0.59,0.8728113690099205,0.7641004184513438,0.8352058190410552,0.9999999999999999,0.8445060947109149,0.8861269784115602,0.9906512167201377
ZTF19aaeopqn,SN Ia,SNIa,SNIbc,0.472,0,2,0.472,0.08999999999999997,0.6003979565299273,1.0,0.472,0.6080691391085244,0.23812459736377567,0.7196791243521798,1.0,0.49859770604050213,0.5676029999906576,0.4963534981813872
ZTF19abqqmui,SN Ia,SNIa,SNIa,0.546,1,4,0.546,0.27,0.5943082387870244,1.0,0.546,0.8047128594747424,0.6400853646263727,0.7826056071878998,1.0,0.8487215993434153,0.8476789472354715,0.9696714778458412
ZTF23abizggb,SN Ia,SNIa,SNIa,0.4231520000000001,1,3,0.4231520000000001,0.11576800000000004,0.5285866625994511,0.9980000000000001,0.42400000000000004,0.6192419359542822,0.32588370216555707,0.6587767497848481,0.9999996528964082,0.8445060947109149,0.6561282807961023,0.7243751453724151
ZTF18abcflnz,SN Ia,SNIa,SNIa,0.42200000000000004,1,1,0.42200000000000004,0.14199999999999996,0.5278665098381873,1.0000000000000002,0.42199999999999993,0.6327239771641547,0.38877877042870723,0.6458039087071259,1.0,0.8501719576719576,0.7205966294826863,0.8087483939673792
ZTF19abzlsbl,SN Ia,SNIa,SNIa,0.5680000000000001,1,1,0.5680000000000001,0.256,0.6291401676845861,1.0,0.5680000000000001,0.7911007213754857,0.594447744103564,0.792518944432274,1.0000000000000002,0.8501719576719576,0.8147373089306963,0.9659707251080654
ZTF18aaqjqqc,SN Ia,SNIa,SNIbc,0.37170000000000003,0,1,0.37170000000000003,0.130508,0.3354134366067557,0.826,0.45000000000000007,0.6585671158891758,0.4174662964579704,0.6499682448245981,0.9831304141737768,0.4917064865161751,0.7400628681737279,0.45521579599710726
ZTF23aazfapq,SN Ia,SNIa,SNIa,0.38808000000000004,1,5,0.38808000000000004,0.050960000000000005,0.5090258405906936,0.9800000000000001,0.396,0.517012461699426,0.14739520271042567,0.6399589204918735,0.9999612638279441,0.8434083693857094,0.5136852681582946,0.6104947751099488
ZTF22aahaufu,SN Ia,SNIa,SNIa,0.372,1,4,0.372,0.132,0.5028473005556824,1.0,0.372,0.5549643532983983,0.3547180660199308,0.570950317865892,1.0,0.8487215993434153,0.7248307078263886,0.7794977548160192
ZTF22abqwahz,SN Ia,SNIa,SNIbc,0.532,0,2,0.532,0.198,0.6105414966766765,1.0,0.532,0.7386363879384017,0.49114550998238304,0.7657930916622318,1.0000000000000002,0.49859770604050213,0.7746007954959646,0.6341622723601246
ZTF24aahdihc,SN Ia,SNIa,SNIa,0.38038,1,4,0.38038,0.19838,0.3744352410428531,0.91,0.418,0.6636707124172117,0.5441864382336365,0.6234161650878041,0.9980807220495866,0.8487215993434153,0.8369844093420276,0.9026609428673983
ZTF22aaldrem,SN Ia,SNIa,SNIa,0.604,1,3,0.604,0.27599999999999997,0.670515650741352,1.0,0.604,0.8043557692268991,0.6113081602138366,0.8120950271780416,1.0,0.8445060947109149,0.820387659009269,0.9745735434651237
ZTF20ackitai,SN Ia,SNIa,SNIa,0.382,1,5,0.382,0.124,0.5084038628709324,1.0,0.382,0.5764588308588215,0.3502893300908453,0.5933546105167482,1.0,0.8434083693857094,0.7002496947436285,0.6277083573834128
ZTF18aarlukc,SN Ia,SNIa,SNIa,0.548,1,3,0.548,0.3320000000000001,0.5800305579343514,1.0,0.548,0.8416912513734438,0.7461717075587007,0.792830036066894,0.9999999999999999,0.8445060947109149,0.8846462723288792,0.9889415065423512
ZTF19acyfakk,SN Ia,SNIa,SNIa,0.467064,1,2,0.467064,0.231536,0.5294634773625678,0.998,0.46799999999999997,0.7473998714252837,0.5977290685175755,0.7037468312732711,0.9999997646063465,0.8515818725102239,0.8401975229891611,0.9239202064649334
ZTF19aapcoqg,SN Ia,SNIa,SNIa,0.45,1,3,0.45,0.22,0.5259485943276208,1.0,0.45,0.7211256113780449,0.5709138500549924,0.6774498824819825,1.0,0.8445060947109149,0.8203002605956765,0.9101726109601139
ZTF21acfflog,SN Ia,SNIa,SNIa,0.42914,1,5,0.42914,0.13972,0.5262578613085007,0.9980000000000001,0.43,0.6507786030937538,0.3963272715948542,0.6646347684310989,0.9999998230935065,0.8434083693857094,0.7186241615932869,0.7996370819257415
ZTF19abzqkdz,SN Ia,SNIa,SNIa,0.464,1,3,0.464,0.15200000000000002,0.5585450918774802,1.0,0.464,0.6747797582186525,0.40791859887290927,0.7015233624315407,1.0,0.8445060947109149,0.7096611118183211,0.8524249530632171
ZTF20aclzegl,SN Ia,SNIa,SNIbc,0.442,0,5,0.442,0.06,0.581539721536555,1.0,0.442,0.5661219806112783,0.16630277113895348,0.7000846460510699,1.0,0.5111707620422298,0.5136315129879551,0.4776360212692227
ZTF19abnimpq,SN Ia,SNIa,SNIa,0.492,1,5,0.492,0.16999999999999998,0.5794896415335282,1.0,0.492,0.7079256379815496,0.4502490689293454,0.7335712296681868,0.9999999999999999,0.8434083693857094,0.740275706724904,0.8978299544102689
ZTF22aaypvib,SN Ia,SNIa,SNIa,0.5248320000000001,1,1,0.5248320000000001,0.236572,0.5691605778789788,0.9940000000000002,0.5279999999999999,0.7790688877510548,0.5854505001797891,0.7681602766515957,0.9999925915359262,0.8501719576719576,0.8153824158714164,0.9558015690321292
ZTF19aayckwk,SN Ia,SNIa,SNIa,0.499,1,4,0.499,0.21756399999999998,0.5585094598819093,0.998,0.5,0.7542885675691449,0.5552088647040714,0.7399752069071664,0.9999989174421764,0.8487215993434153,0.8111146797785881,0.9348752320479459
ZTF20acpyaap,SN Ia,SNIa,SNIa,0.486048,1,3,0.486048,0.26294399999999996,0.5340356080952324,0.996,0.488,0.7802694612147392,0.6538503799026174,0.7284152189614472,0.9999903929961116,0.8445060947109149,0.8534456678663592,0.9643976313848169
ZTF20aauwhyi,SN Ia,SNIa,SNIa,0.346,1,2,0.346,0.11199999999999996,0.496961938517652,1.0,0.346,0.4951970858924765,0.29759636161139524,0.5411014080628052,1.0,0.8515818725102239,0.6637387272655065,0.6450450954527374
ZTF21aciuvmg,SN Ia,SNIa,SNIa,0.387224,1,3,0.387224,0.16966,0.5011633358201268,0.998,0.388,0.5970663426630191,0.44189785945928334,0.5902817006568675,0.9999980864933167,0.8445060947109149,0.7671034626983595,0.8102046434379271
ZTF20aammbrw,SN Ia,SNIa,SNIa,0.561024,1,5,0.561024,0.33700399999999997,0.538025031069699,0.974,0.576,0.8761439285391741,0.7779475619535552,0.8319764435292472,0.9999469302706426,0.8434083693857094,0.8913316399520573,0.9911023682054189
ZTF21acbntop,SN Ia,SNIa,SNIa,0.496,1,2,0.496,0.122,0.6088000407790888,1.0,0.496,0.65073120820529,0.3154576160883315,0.7375907791314653,0.9999999999999999,0.8515818725102239,0.6371647588741687,0.8103162637906154
ZTF18acrncou,SN Ia,SNIa,SNIa,0.29304,1,5,0.29304,0.007920000000000038,0.47968184553022486,0.99,0.29600000000000004,0.3367756578615196,0.02129467610884861,0.539908244711883,0.9999866567910126,0.8434083693857094,0.4201334734563754,0.6157691015272093
ZTF19abqanpy,SN Ia,SNIa,SNIa,0.33504800000000007,1,5,0.33504800000000007,0.11116800000000004,0.2859697324536168,0.772,0.43400000000000005,0.6410402148685282,0.39586864867769234,0.6200417911484788,0.9725909338654024,0.8434083693857094,0.7273499193110944,0.8120925788731563
ZTF19acihgng,SN Ia,SNIa,SNIa,0.49800000000000005,1,2,0.49800000000000005,0.31400000000000006,0.5415167578074036,1.0,0.49800000000000005,0.8091844843489819,0.7311397081647026,0.7447673705459492,1.0000000000000002,0.8515818725102239,0.9024978074223542,0.9818708615639125
ZTF19aaujiwc,SN Ia,SNIa,SNIa,0.428016,1,4,0.428016,0.10411199999999998,0.4936210897778802,0.964,0.444,0.614293391260787,0.2930492950931016,0.6820755441671723,0.9998104407464069,0.8487215993434153,0.6262970981679722,0.748450313185829
ZTF20abylbuf,SN Ia,SNIa,SNIa,0.29,1,3,0.29,0.0,0.49512118959308626,1.0,0.29,0.33515153408529685,0.0,0.5191471292323455,1.0,0.8445060947109149,0.43824132131601845,0.595272647416961
ZTF19abvhkst,SN Ia,SNIa,SNIa,0.21513600000000005,1,3,0.21513600000000005,0.02656,0.1738473954832206,0.6640000000000001,0.324,0.38373160679138446,0.10171948246379453,0.4170392082571801,0.9093089751723867,0.8445060947109149,0.5315399488308409,0.6179214762112192
ZTF20abfklsy,SN Ia,SNIa,SNIa,0.48,1,4,0.48,0.22799999999999998,0.5430092877958461,1.0,0.48,0.7535057084652668,0.5851634560472172,0.7173519494618608,0.9999999999999999,0.8487215993434153,0.8347580580095374,0.9346779265422976
ZTF21aaljjvt,SN Ia,SNIa,SNIa,0.432,1,1,0.432,0.10199999999999998,0.5469456530367247,1.0,0.432,0.6077948162881329,0.2827145257635053,0.6731994695713306,0.9999999999999999,0.8501719576719576,0.6196553163099124,0.7084397136539271
ZTF20acauthg,SN Ia,SNIa,SNIa,0.566,1,5,0.566,0.32799999999999996,0.5897622492309204,1.0,0.566,0.8609778031060928,0.7518225602554924,0.818923933088309,1.0,0.8434083693857094,0.8835975527757574,0.9889377660241139
ZTF22abfvsbt,SN Ia,SNIa,SNIa,0.4557920000000001,1,1,0.4557920000000001,0.16251600000000005,0.47313490553475324,0.934,0.48800000000000004,0.7027154405796224,0.45044094338700463,0.7200942581803647,0.9985960332685135,0.8501719576719576,0.7408055578541342,0.8914134105956864
ZTF21abmwmnp,SN Ia,SNIa,SNIa,0.526,1,2,0.526,0.23800000000000004,0.5797929558100748,1.0,0.526,0.7829184637561292,0.5926999863096603,0.7699986764392308,1.0000000000000002,0.8515818725102239,0.8353805500558743,0.9567898176212665
ZTF19acxndsk,SN Ia,SNIa,SNIa,0.526,1,2,0.526,0.21400000000000002,0.5908925950606929,1.0,0.526,0.75861037649912,0.5361725493909604,0.766681195643681,1.0,0.8515818725102239,0.8028440993724006,0.9411050140586525
ZTF21abjbrrj,SN Ia,SNIa,SNIa,0.38844,1,4,0.38844,0.14541600000000002,0.498651277845649,0.996,0.39,0.5927541598719259,0.393623216986802,0.5956150188611421,0.9999969846739144,0.8487215993434153,0.746320248685228,0.7807901419386302
ZTF25aasnrmc,SN Ia,SNIa,SNII,0.359104,0,1,0.359104,0.12499199999999999,0.482569606732403,0.992,0.362,0.5319315468012457,0.33506221724591445,0.557677446553952,0.9999744277531694,0.8811660561660561,0.7164723767411082,0.8449057426908072
ZTF20abqnctf,SN Ia,SNIa,SNIbc,0.5219039999999999,0,5,0.5219039999999999,0.17330399999999996,0.6004536964258965,0.9959999999999999,0.524,0.7167542504215835,0.4428831389686052,0.7624308615630211,0.999999145346962,0.5111707620422298,0.7277367580497583,0.6098843533584656
ZTF21acjurqj,SN Ia,SNIa,SNIa,0.425148,1,4,0.425148,0.20958000000000002,0.5105048147535919,0.998,0.42600000000000005,0.6792390120038722,0.5392892277756766,0.6408910563952184,0.9999996653697802,0.8487215993434153,0.8289250281012065,0.9125702125640398
ZTF21abrghol,SN Ia,SNIa,SNIa,0.636,1,1,0.636,0.384,0.6501663141622006,1.0,0.636,0.888547454525463,0.7851411926566164,0.859247615840965,0.9999999999999999,0.8501719576719576,0.8918933182714268,0.9933206272218138
ZTF21acoqbfm,SN Ia,SNIa,SNIa,0.32089599999999996,1,3,0.32089599999999996,0.10304000000000002,0.2772641165794183,0.7359999999999999,0.436,0.6073255180425774,0.3616915503147522,0.5860927900912287,0.9454356924857366,0.8445060947109149,0.7180616728106519,0.6615046773408133
ZTF24abeiqfc,SN Ia,SNIa,SNIbc,0.36200000000000004,0,2,0.36200000000000004,0.008000000000000007,0.5354940937194685,1.0000000000000002,0.362,0.4451296487661399,0.022763165762035187,0.619307063224693,0.9999999999999999,0.49859770604050213,0.3851315060970604,0.40563915600069794
ZTF19acxovkl,SN Ia,SNIa,SNIbc,0.41131200000000007,0,3,0.41131200000000007,0.133824,0.4881701837901997,0.9840000000000002,0.418,0.6322475042937791,0.38026673097425095,0.6431327660327744,0.9999769397695448,0.4967890951237502,0.7028488187566195,0.3579133750386672
ZTF22aaorbxb,SN Ia,SNIa,SNIa,0.42,1,3,0.42,0.138,0.5245587266981864,1.0,0.42,0.6354519649720456,0.38500393289363816,0.6457602499433781,1.0000000000000002,0.8445060947109149,0.7057605340966582,0.7217704898139082
ZTF20abwcnhm,SN Ia,SNIa,SNIa,0.502,1,3,0.502,0.21000000000000002,0.5668971257096007,1.0,0.502,0.7508914369199985,0.5392768155764693,0.7444307632668868,1.0000000000000002,0.8445060947109149,0.7888451119392709,0.9276731787622825
ZTF25abvrbqg,SN Ia,SNIa,SNIa,0.486,1,3,0.486,0.23399999999999999,0.5565045363058834,1.0,0.486,0.7460966296958599,0.5853676487878242,0.7190286449684957,0.9999999999999999,0.8445060947109149,0.8217244799353765,0.9561540088588575
ZTF24aabplhb,SN Ia,SNIa,SNIa,0.458,1,3,0.458,0.118,0.5677999002436399,1.0,0.458,0.6362144734007213,0.31912667752166834,0.7001828106595853,0.9999999999999999,0.8445060947109149,0.640733463469788,0.7852853333858665
ZTF23abjzkqu,SN Ia,SNIa,SNIa,0.356,1,4,0.356,0.055999999999999994,0.5075537350357648,1.0,0.356,0.4895522806306584,0.16076524573149376,0.5757882845384749,0.9999999999999999,0.8487215993434153,0.5457166184185117,0.738437683259489
ZTF22abuqitl,SN Ia,SNIa,SNIa,0.52788,1,1,0.52788,0.25896,0.5718876630689128,0.996,0.53,0.794628712542595,0.6288168814715687,0.7691889839199615,0.999991150223297,0.8501719576719576,0.8392442291241322,0.9683769778481679
ZTF22abyrqec,SN Ia,SNIa,SNIa,0.582,1,2,0.582,0.33599999999999997,0.6018483176694822,1.0,0.582,0.864862162438621,0.7504489595641001,0.8279139722869988,1.0000000000000002,0.8515818725102239,0.9069884290777,0.989775258355776
ZTF20aamdhut,SN Ia,SNIa,SNIa,0.416,1,2,0.416,0.045999999999999985,0.5566318001120745,1.0,0.416,0.5393288198838205,0.12977320232473816,0.6769220917418024,0.9999999999999999,0.8515818725102239,0.46622054223574305,0.5354616223398899
ZTF20acwncbd,SN Ia,SNIa,SNIa,0.614768,1,3,0.614768,0.43313199999999996,0.6092815786824858,0.998,0.616,0.9094422099618377,0.8568263207065338,0.8618287265050603,0.999999833892054,0.8445060947109149,0.9152062440381089,0.996687476972011
ZTF21abbzhvg,SN Ia,SNIa,SNIa,0.38352,1,2,0.38352,0.14852000000000004,0.4249460275399294,0.94,0.40800000000000003,0.6286361041227994,0.42969024503880837,0.61858407783954,0.9980583472992812,0.8515818725102239,0.7422354073837522,0.8142916337046789
ZTF20acowddo,SN Ia,SNIa,SNIa,0.516,1,5,0.516,0.278,0.5577698815561551,1.0,0.516,0.8166954192690999,0.6876123028388514,0.7695559715061107,0.9999999999999999,0.8434083693857094,0.8652475375244736,0.9747677203055272
ZTF21acbvwej,SN Ia,SNIa,SNIa,0.515928,1,4,0.515928,0.22310400000000008,0.5684986910485581,0.996,0.518,0.764393876435862,0.5596663806261346,0.7579678058812267,0.9999984214249793,0.8487215993434153,0.8086359507703343,0.9419561844139376
ZTF18aatjfoe,SN Ia,SNIa,SNIa,0.672,1,5,0.672,0.49000000000000005,0.6489769666801787,1.0,0.672,0.9465879757471628,0.9045410535120728,0.91101492321967,1.0,0.8434083693857094,0.9207562358071751,0.9980766229235717
ZTF25aatdvzt,SN Ia,SNIa,SNIbc,0.37976,0,2,0.37976,0.09023999999999999,0.4354084408488219,0.9400000000000001,0.40399999999999997,0.5713550523911604,0.2692692510574801,0.6315615182097017,0.9989299641109373,0.49859770604050213,0.6045086922979663,0.42118955234650196
ZTF20aaideho,SN Ia,SNIa,SNIa,0.448,1,4,0.448,0.13,0.5483733301648315,1.0,0.448,0.6484109960529343,0.3562436151205073,0.687848180197764,1.0,0.8487215993434153,0.6809657481453275,0.7797949911935425
ZTF20abipuee,SN Ia,SNIa,SNIa,0.534,1,5,0.534,0.268,0.5805151113831363,1.0,0.534,0.8105368436924292,0.6566369568413315,0.7812709004383659,0.9999999999999998,0.8434083693857094,0.84979443107551,0.9745818280463925
ZTF22abyhxlj,SN Ia,SNIa,SNIa,0.528,1,4,0.528,0.25,0.5865033978563547,1.0,0.528,0.7818695070341377,0.6060156319245074,0.7627423828562372,1.0,0.8487215993434153,0.8344492762313345,0.9604532624484693
ZTF20abmxstg,SN Ia,SNIa,SNIa,0.45816000000000007,1,1,0.45816000000000007,0.23904000000000003,0.5197913191840581,0.9960000000000002,0.45999999999999996,0.7394639818757965,0.6062180718839091,0.6889908320343809,0.9999927789848255,0.8501719576719576,0.846935567054254,0.9386026764134091
ZTF22abijxly,SN Ia,SNIa,SNIbc,0.485028,0,4,0.485028,0.17165600000000003,0.5671179102436622,0.998,0.48600000000000004,0.7011016667165468,0.44727673547678465,0.7221671762509481,0.9999997694992809,0.5038357489552927,0.7423512119188826,0.5628550258506076
ZTF21aastazz,SN Ia,SNIa,SNIa,0.544,1,4,0.544,0.30200000000000005,0.5744686279886095,1.0,0.544,0.8348516611240351,0.7079752198042185,0.7918779486856331,1.0,0.8487215993434153,0.8777060399793618,0.9779202609138647
ZTF19abpzuzd,SN Ia,SNIa,SNIa,0.56,1,5,0.56,0.33000000000000007,0.5810981996906054,1.0,0.56,0.8637289200509269,0.7601994186263512,0.8173632965545689,1.0,0.8434083693857094,0.886887319590377,0.9888455559402928
ZTF21abedvkp,SN Ia,SNIa,SNIa,0.4231520000000001,1,4,0.4231520000000001,0.16766400000000004,0.5149378749074236,0.9980000000000002,0.424,0.6588468832791833,0.4550909621019831,0.6434436417611543,0.9999996709000891,0.8487215993434153,0.7750698671255889,0.8054192717865983
ZTF20aavfwdo,SN Ia,SNIa,SNIa,0.556,1,2,0.556,0.28800000000000003,0.5940936983115443,1.0,0.556,0.8263947843330115,0.6775552850783813,0.7988068794575979,1.0,0.8515818725102239,0.8779781013755611,0.980132097795627
ZTF20aajjxwc,SN Ia,SNIa,SNIa,0.45,1,3,0.45,0.172,0.5530767357572822,1.0,0.45,0.6628089922317404,0.4477852357878051,0.6741557761627385,1.0,0.8445060947109149,0.7482421871520054,0.9029573585580271
ZTF25acczblu,SN Ia,SNIa,SNIa,0.41,1,1,0.41,0.04799999999999999,0.5466760287592015,1.0,0.41,0.5398939318420771,0.13562485212495673,0.6685488088271518,0.9999999999999999,0.8501719576719576,0.48412372819621363,0.5074107769912479
ZTF20achfdib,SN Ia,SNIa,SNIa,0.492,1,2,0.492,0.188,0.5692760315400558,1.0,0.492,0.7245781741296756,0.4907244790384445,0.7322968029807226,1.0,0.8515818725102239,0.7723661970319273,0.9106667274084961
ZTF25acadteh,SN Ia,SNIa,SNIa,0.48502800000000007,1,2,0.48502800000000007,0.24151600000000004,0.5428297716485826,0.9980000000000001,0.48600000000000004,0.7626069209437779,0.6114624487529686,0.7248522812474774,0.9999996820190878,0.8515818725102239,0.8476879635852582,0.9569625080137399
ZTF19acdisjm,SN Ia,SNIa,SNIbc,0.476,0,2,0.476,0.08199999999999996,0.6053411747672424,1.0,0.476,0.6012909130759969,0.21562397363750974,0.7282564364624635,1.0,0.49859770604050213,0.5479266495338747,0.5029443106342928
ZTF20abafzxx,SN Ia,SNIa,SNIbc,0.39507599999999987,0,3,0.39507599999999987,0.08839599999999992,0.40647317809286976,0.9019999999999998,0.43799999999999994,0.6081794641643218,0.2717201948307037,0.6773532497215844,0.9970980313110741,0.4967890951237502,0.6095729266500067,0.4250365834199966
ZTF21abbaerh,SN Ia,SNIa,SNIa,0.38922,1,5,0.38922,0.11377199999999998,0.5068398914678118,0.9980000000000001,0.38999999999999996,0.58702986798144,0.32958013786078283,0.6088995480181296,0.9999997862459036,0.8434083693857094,0.681434625955624,0.6343694232770399
ZTF23abhshdk,SN Ia,SNIa,SNIbc,0.41128000000000003,0,5,0.41128000000000003,0.10087999999999997,0.484969437640105,0.9700000000000002,0.42399999999999993,0.6057004776510932,0.2960314892938744,0.6634724067822796,0.9998838093781067,0.5111707620422298,0.6396065056178962,0.44165503342036555
ZTF23abnpddd,SN Ia,SNIa,SNIa,0.37596,1,4,0.37596,0.109896,0.4450319316546336,0.964,0.39,0.5766850862048568,0.31864594987398254,0.6039587636570283,0.9998171181545349,0.8487215993434153,0.6824518633661479,0.6023056810259221
ZTF21abuuzrk,SN Ia,SNIa,SNIbc,0.43512800000000007,0,4,0.43512800000000007,0.10977999999999999,0.5389430095499291,0.9980000000000002,0.436,0.6222955395659112,0.3058474394701581,0.6780412455620928,0.9999997065423564,0.5038357489552927,0.6398355457695271,0.4211121596128892
ZTF19acmwkul,SN Ia,SNIa,SNIa,0.481036,1,4,0.481036,0.24750400000000003,0.5414398282343209,0.998,0.48200000000000004,0.753681239946708,0.6133241436339506,0.7156015933410765,0.9999997051065785,0.8487215993434153,0.8500197048093296,0.9592006039996889
ZTF23aahxdhe,SN Ia,SNIa,SNIa,0.495008,1,5,0.495008,0.191616,0.5635743351869202,0.998,0.496,0.7374853407832155,0.507923358655908,0.7426984486469905,0.9999987097811498,0.8434083693857094,0.7765961818992491,0.9197175597738033
ZTF20aaurzce,SN Ia,SNIa,SNIa,0.419184,1,4,0.419184,0.188928,0.4905073704970916,0.9840000000000001,0.42599999999999993,0.6607758188016258,0.49677031640522873,0.6435965809186448,0.9999309241324329,0.8487215993434153,0.8026211405603277,0.9191506295745445
ZTF23aaxzhor,SN Ia,SNIa,SNIbc,0.371008,0,5,0.371008,0.031743999999999994,0.5116629758203997,0.992,0.374,0.48992791203707814,0.09408278818878685,0.6248105100227844,0.9999838137280296,0.5111707620422298,0.47043946660949865,0.38205179703348024
ZTF21aayggyo,SN Ia,SNIa,SNIa,0.453264,1,1,0.453264,0.065604,0.573566084593732,0.994,0.456,0.578641891082521,0.17624815020873186,0.7154363194919466,0.9999898943721727,0.8501719576719576,0.5030415529287189,0.6292250692871922
ZTF18absdgon,SN Ia,SNIa,SNIa,0.5720000000000001,1,4,0.5720000000000001,0.35400000000000004,0.5861717331924046,1.0,0.5720000000000001,0.8716576517372169,0.7792055876362782,0.8225394908050132,1.0,0.8487215993434153,0.9000491415558356,0.9894076906045081
ZTF19abdgpuv,SN Ia,SNIa,SNIa,0.42230400000000007,1,4,0.42230400000000007,0.123504,0.5209841570725562,0.9960000000000002,0.424,0.625765328485409,0.3458986662087012,0.6552010323736788,0.9999986460361451,0.8487215993434153,0.6852565027636901,0.7397115230161306
ZTF20acgyvgs,SN Ia,SNIa,SNIa,0.5,1,5,0.5,0.192,0.5754540432073407,1.0,0.5,0.7350492866795418,0.5034799233642946,0.7437069714879423,1.0,0.8434083693857094,0.7734548289444279,0.9237783229887722
ZTF20acpbbqf,SN Ia,SNIa,SNIa,0.50856,1,3,0.50856,0.23472000000000004,0.5286297256865213,0.978,0.52,0.7794581990183652,0.5960569123255827,0.7611391499273259,0.9999608365689882,0.8445060947109149,0.8189340947743986,0.9584740756305418
ZTF22aboaiim,SN Ia,SNIa,SNIa,0.43912000000000007,1,3,0.43912000000000007,0.20558800000000005,0.519486143116967,0.998,0.44000000000000006,0.6970531016874842,0.5377319354855138,0.6636560167714538,0.9999991929142924,0.8445060947109149,0.8052849267400739,0.9119526469982436
ZTF20acjzzyr,SN Ia,SNIa,SNIa,0.56304,1,5,0.56304,0.33672,0.5239178611231295,0.9199999999999999,0.612,0.884210553332657,0.7835318662543911,0.8454006247625439,0.9962810408405446,0.8434083693857094,0.8921379594257974,0.9930347561342624
ZTF23aazjqov,SN Ia,SNIa,SNIbc,0.404,0,1,0.404,0.016000000000000014,0.5599944442633717,1.0,0.404,0.49712928044097426,0.04454996046809867,0.6755941456638557,1.0,0.4917064865161751,0.39723018754450884,0.40362744114989385
ZTF20ablnjvp,SN Ia,SNIa,SNIa,0.579328,1,4,0.579328,0.372992,0.5701331940566461,0.9919999999999999,0.5840000000000001,0.8873566197685029,0.8069553442859916,0.836941053786104,0.9999936327136869,0.8487215993434153,0.9073433165149476,0.991281667849169
ZTF18aahvndq,SN Ia,SNIa,SNIa,0.361088,1,4,0.361088,0.0019840000000000413,0.5084208464693021,0.992,0.36400000000000005,0.4558423046489748,0.0058044129049460436,0.628945754013569,0.9999933373829668,0.8487215993434153,0.3687940906132087,0.316013140363632
ZTF23aahkrlw,SN Ia,SNIa,SNIa,0.3948,1,1,0.3948,0.23351999999999998,0.32711166914598744,0.8400000000000001,0.4699999999999999,0.7546239341151422,0.6603471417752769,0.6800629659820931,0.9899934251797182,0.8501719576719576,0.8751519123255526,0.9624497517101599
ZTF20acpjfln,SN Ia,SNIa,SNIbc,0.508,0,2,0.508,0.2,0.580091815200229,1.0,0.508,0.7406652083814681,0.5120162257968397,0.7483851286591927,1.0,0.49859770604050213,0.7869462600969038,0.6078278927722509
ZTF20acpksoc,SN Ia,SNIa,SNIa,0.628,1,2,0.628,0.434,0.6159647898038043,1.0,0.628,0.9225237581968935,0.8640914371381169,0.8787161195880251,0.9999999999999999,0.8515818725102239,0.941047991081301,0.9968263629584326
ZTF20acnywhz,SN Ia,SNIa,SNIa,0.477044,1,4,0.477044,0.21756400000000004,0.5385992893639882,0.9979999999999999,0.4780000000000001,0.7450539755918103,0.5643025958165513,0.7151116662265922,0.999999489271643,0.8487215993434153,0.8235349994448797,0.9259837690596613
ZTF19aayvylv,SN Ia,SNIa,SNIbc,0.296,0,1,0.296,0.019999999999999962,0.4926147610287237,1.0,0.296,0.3569527556747305,0.053549612453904716,0.5105780563433223,0.9999999999999999,0.4917064865161751,0.49047976391676373,0.34921967596102954
ZTF20aazsyvu,SN Ia,SNIa,SNIa,0.684,1,5,0.684,0.516,0.6586741415108099,1.0,0.684,0.9528668996856083,0.9193388678490609,0.9182084720659285,1.0,0.8434083693857094,0.923820405450263,0.9984086289610079
ZTF20abgpksj,SN Ia,SNIa,SNIa,0.6100000000000001,1,4,0.6100000000000001,0.38200000000000006,0.6138397277357823,1.0000000000000002,0.61,0.8931485457759409,0.8026112618196615,0.8534577222298343,1.0,0.8487215993434153,0.9031699126565821,0.9921697566602455
ZTF24aahiitr,SN Ia,SNIa,SNII,0.29836799999999997,0,3,0.29836799999999997,0.05150400000000002,0.34820090458747754,0.8879999999999999,0.336,0.44087542278279834,0.1577600869167079,0.5427548416513288,0.9958669668488936,0.8705407679595135,0.5652293169784621,0.7149836994617057
ZTF23aawavgx,SN Ia,SNIa,SNIbc,0.36926000000000003,0,3,0.36926000000000003,0.08383199999999996,0.5155391531187854,0.9980000000000002,0.36999999999999994,0.5042830400655185,0.22805154875323325,0.5923628096374025,0.9999997258623096,0.4967890951237502,0.6061449968260901,0.5353262998823665
ZTF25aaplvcg,SN Ia,SNIa,SNIa,0.3062520000000001,1,3,0.3062520000000001,0.013536000000000048,0.3143214995522573,0.8460000000000001,0.36200000000000004,0.45548243160593493,0.045671708750365136,0.5998140867745543,0.9943245677717539,0.8445060947109149,0.4395427493206525,0.437105128192
ZTF22abakeha,SN Ia,SNIa,SNIa,0.4683760000000001,1,3,0.4683760000000001,0.2046840000000001,0.43961099819101634,0.9220000000000003,0.508,0.7610373055869698,0.562318927065096,0.7466235395941547,0.9991234621230096,0.8445060947109149,0.8031753481152027,0.9446061908884097
ZTF23aalfofn,SN Ia,SNIa,SNIbc,0.44748000000000004,0,4,0.44748000000000004,0.12275999999999998,0.5328342395153054,0.9900000000000002,0.45199999999999996,0.6415151641706727,0.3372267100909643,0.6927889624426886,0.9999901216361586,0.5038357489552927,0.6620883033328511,0.47846112343067615
ZTF19abheamc,SN Ia,SNIa,SNIa,0.35329200000000005,1,2,0.35329200000000005,0.029940000000000022,0.5081083774268629,0.998,0.35400000000000004,0.46762727816226624,0.08781923601832348,0.5915627367090006,0.9999996886288102,0.8515818725102239,0.4369324251713553,0.36971748584279307
ZTF23aahvnck,SN Ia,SNIa,SNIa,0.40378800000000004,1,2,0.40378800000000004,0.14683199999999996,0.3810933867433557,0.8740000000000001,0.46199999999999997,0.6858005825523608,0.44859998472740936,0.684406060070486,0.9943615455260642,0.8515818725102239,0.7500928871166498,0.8319622577026362
ZTF20abapyxl,SN Ia,SNIa,SNIa,0.458,1,2,0.458,0.10000000000000003,0.5727699639029067,1.0,0.458,0.6201221244187298,0.2724394049855756,0.7080861057250076,1.0000000000000002,0.8515818725102239,0.5963090804286891,0.7302710974200399
ZTF19acbpnii,SN Ia,SNIa,SNIa,0.542,1,3,0.542,0.23400000000000004,0.603134312634868,1.0,0.542,0.7752395418177409,0.5683529890491017,0.7772298379477751,1.0000000000000002,0.8445060947109149,0.8010941515968626,0.9569546874128293
ZTF18aauizcr,SN Ia,SNIa,AGN,0.19706,0,3,0.19706,0.024780000000000024,0.09408410555070368,0.11399999999999999,0.28200000000000003,0.40197325097326025,0.10835712606261377,0.39984737904421874,0.01787745910526876,0.3372229145425022,0.0012472904688714812,0.036527197925273654
ZTF20abbpory,SN Ia,SNIa,SNIa,0.624748,1,5,0.624748,0.323352,0.6654883216957574,0.998,0.626,0.8485137796839974,0.699245133127582,0.8383241296246741,0.9999998589448736,0.8434083693857094,0.8595651554753484,0.9871281731939634
ZTF21acdkydg,SN Ia,SNIa,SNIa,0.471056,1,2,0.471056,0.16367199999999998,0.5517823522702705,0.998,0.472,0.6976107200851331,0.4416682868085982,0.7144456748847272,0.9999982923050327,0.8515818725102239,0.7358549648493339,0.8620381144343456
ZTF23aamqtel,SN Ia,SNIa,SNIa,0.4219159999999999,1,3,0.4219159999999999,0.15892799999999996,0.4482034282622004,0.9459999999999997,0.446,0.6838720484392655,0.457336473224628,0.6753942602707538,0.9990199683453702,0.8445060947109149,0.7509956555760116,0.8302100136321041
ZTF22ablbgrl,SN Ia,SNIa,SNIa,0.42432,1,2,0.42432,0.06719999999999998,0.5047586565304862,0.96,0.442,0.5773739913627735,0.19227619665751633,0.6956521139470624,0.9995666221625954,0.8515818725102239,0.5251165363643567,0.6400954480728688
ZTF22aajvkrd,SN Ia,SNIa,SNIa,0.614,1,4,0.614,0.416,0.6087719872558105,1.0,0.614,0.9095185491825762,0.8441146942256642,0.862962828517498,0.9999999999999999,0.8487215993434153,0.9153515773997651,0.9946975285477234
ZTF22abavsqq,SN Ia,SNIa,SNIa,0.317364,1,5,0.317364,0.0499,0.4896749986176093,0.998,0.318,0.41868394603250714,0.14021620311671829,0.5240641873929792,0.999998822918716,0.8434083693857094,0.5379696012892209,0.3313897988996435
ZTF21abfoxwp,SN Ia,SNIa,SNIa,0.3399479999999999,1,2,0.3399479999999999,0.0019879999999999898,0.4989258473410021,0.9939999999999998,0.34199999999999997,0.4310807265985033,0.0058981675073499495,0.5926924342652131,0.9999932471044846,0.8515818725102239,0.3644163564874507,0.2638765252978398
ZTF22aaoskwd,SN Ia,SNIa,SNIa,0.5154799999999999,1,3,0.5154799999999999,0.29596,0.5190942657294424,0.9799999999999998,0.526,0.8269493837093049,0.7145074252263564,0.7747664593401801,0.999952469952366,0.8445060947109149,0.8734977340460063,0.9815123629883349
ZTF25abiikwy,SN Ia,SNIa,SNIa,0.5280000000000001,1,3,0.5280000000000001,0.33000000000000007,0.5592846499082684,1.0000000000000002,0.528,0.8367323554346413,0.7522159836314787,0.7783037587687232,1.0000000000000002,0.8445060947109149,0.8884362657987901,0.9874959270058516
ZTF22aakpvbx,SN Ia,SNIa,SNIa,0.526,1,2,0.526,0.11400000000000005,0.666529558133631,1.0,0.526,0.6378222337038734,0.27848245539094174,0.7520239086696533,1.0,0.8515818725102239,0.6080860901359817,0.8039766263598085
ZTF20aammnnm,SN Ia,SNIa,SNIa,0.322704,1,5,0.322704,0.0019919999999999938,0.49509207986936354,0.996,0.324,0.40525746991325917,0.0059382845102460835,0.5639286170875564,0.9999977782212384,0.8434083693857094,0.4079863227757009,0.16027356073400165
ZTF21abflmkk,SN Ia,SNIa,SNIa,0.686,1,1,0.686,0.4660000000000001,0.6763491349917525,1.0,0.686,0.9298205298816141,0.8636180873357308,0.8997027917824074,1.0,0.8501719576719576,0.9130550240294152,0.9970813910319675
ZTF20ablagfg,SN Ia,SNIa,SNIa,0.452184,1,1,0.452184,0.26294399999999996,0.514137009143895,0.996,0.45399999999999996,0.7353077008673731,0.6381391207577854,0.6797901719764903,0.9999984964029603,0.8501719576719576,0.8654249605615142,0.947598186102531
ZTF19abattvp,SN Ia,SNIa,SNIa,0.439348,1,4,0.439348,0.21271600000000002,0.5118227132278795,0.994,0.442,0.6945636923495697,0.5456163294262888,0.6646006100529981,0.9999976824645935,0.8487215993434153,0.8261872996302654,0.9303235993140249
ZTF23aaepuao,SN Ia,SNIa,SNIa,0.5780000000000001,1,3,0.5780000000000001,0.274,0.6363790807185294,1.0,0.5780000000000001,0.8071700539956854,0.6274019932969084,0.8007636041058557,0.9999999999999999,0.8445060947109149,0.8300683007286934,0.9746620205333826
ZTF19aavvozj,SN Ia,SNIa,SNIa,0.536,1,3,0.536,0.2,0.6124571176619464,1.0,0.536,0.7403904089769833,0.49185807062716935,0.7692845578736133,1.0,0.8445060947109149,0.755136397001928,0.93203794383949
ZTF24aaaczuf,SN Ia,SNIa,SNIa,0.43912,1,4,0.43912,0.17165600000000003,0.5255414325048892,0.998,0.44,0.6780970744846637,0.46406698981102035,0.6668996990814953,0.99999772852122,0.8487215993434153,0.77371252057691,0.857332610945948
ZTF20abthxfr,SN Ia,SNIa,SNIa,0.528,1,2,0.528,0.21000000000000002,0.5955245918670629,1.0,0.528,0.7540852001204178,0.5249085321989317,0.7673873953279009,1.0,0.8515818725102239,0.796035532199157,0.9384768344259606
ZTF19adcdzjm,SN Ia,SNIa,SNIa,0.508,1,5,0.508,0.238,0.5636771983050374,1.0,0.508,0.7824692352376283,0.609062922221057,0.756321143416695,0.9999999999999999,0.8434083693857094,0.8311565385588642,0.9582424663636581
ZTF18aaqnxjb,SN Ia,SNIa,SNIbc,0.17952,0,1,0.17952,0.03320400000000001,0.162211691606854,0.51,0.35200000000000004,0.29014369793617273,0.10973919665084614,0.32300195504399987,0.5917025083878065,0.4917064865161751,0.33929994746681325,0.03612466466321894
ZTF21abhhbmd,SN Ia,SNIa,SNIbc,0.4043759999999999,0,5,0.4043759999999999,0.049799999999999955,0.5394912960899079,0.9959999999999998,0.40599999999999997,0.5352806188216995,0.14397742229210025,0.6606692203273002,0.9999987976337104,0.5111707620422298,0.5054239451603386,0.425026319251986
ZTF19aaujzqh,SN Ia,SNIa,SNIa,0.41,1,5,0.41,0.07199999999999995,0.5369685289767198,1.0,0.41,0.5709161921063481,0.21064068112501683,0.6605602429990727,1.0,0.8434083693857094,0.5666861573217395,0.5817397614488916
ZTF22abswuyy,SN Ia,SNIa,SNIa,0.49,1,4,0.49,0.186,0.5705453433129828,1.0,0.49,0.7165660155406064,0.4804986414603025,0.7260829070666268,1.0000000000000002,0.8487215993434153,0.765662965824057,0.9037494906244858
ZTF22abfxmvf,SN Ia,SNIa,SNIa,0.63,1,3,0.63,0.41800000000000004,0.6259546036461041,1.0,0.63,0.9120210149907672,0.8405024511534278,0.8715152556727473,1.0,0.8445060947109149,0.9091199728966257,0.9961141722472628
ZTF19aangier,SN Ia,SNIa,SNIa,0.472,1,2,0.472,0.20999999999999996,0.5414212060841748,1.0,0.472,0.73906302940444,0.5536245935417923,0.7107776269067336,0.9999999999999998,0.8515818725102239,0.8124772438531697,0.9133364397388982
ZTF24abimnpm,SN Ia,SNIa,SNIa,0.47904,1,5,0.47904,0.275448,0.5325465414738872,0.998,0.48000000000000004,0.7806137443581613,0.6791004641207782,0.7242638533955608,0.9999986864551251,0.8434083693857094,0.8675709806429148,0.9711839440360717
ZTF18ablmflp,SN Ia,SNIa,SNIa,0.4671800000000001,1,4,0.4671800000000001,0.16500400000000004,0.5441191381585879,0.9940000000000002,0.47,0.6894925111837709,0.4392248458094396,0.7055660477063588,0.9999943091337108,0.8487215993434153,0.7421700022253401,0.8716548889683057
ZTF19abyhxzp,SN Ia,SNIa,SNIa,0.464,1,3,0.464,0.22000000000000003,0.5343579172389398,1.0,0.464,0.7360478344814938,0.5721848723217499,0.6974810209708435,1.0000000000000002,0.8445060947109149,0.8167505145298835,0.9260330811720031
ZTF19abxihut,SN Ia,SNIa,SNIa,0.498,1,5,0.498,0.25,0.5512096505375733,1.0,0.498,0.7883384377157522,0.6387504109597457,0.7471042940854558,1.0,0.8434083693857094,0.8471041969558575,0.9613388464288622
ZTF21abpivbd,SN Ia,SNIa,SNIa,0.527744,1,1,0.527744,0.28768,0.5500654428946926,0.992,0.532,0.8210337037260709,0.6893480957547999,0.7777340844671854,0.9999899946298716,0.8501719576719576,0.8667624624232046,0.9782622106839596
ZTF22abeltic,SN Ia,SNIa,SNIa,0.56886,1,1,0.56886,0.34930000000000005,0.595087282859608,0.998,0.5700000000000001,0.8534385534986928,0.759992264538087,0.807804370962673,0.9999986143163772,0.8501719576719576,0.8911273350531642,0.9907117916507691
ZTF20abfhzhm,SN Ia,SNIa,SNIa,0.49,1,5,0.49,0.188,0.5672507648154608,1.0,0.49,0.7284023768044356,0.4986369553268004,0.7336655040132658,0.9999999999999998,0.8434083693857094,0.7726101306797345,0.9170412402135649
ZTF22abbaqil,SN Ia,SNIa,SNIa,0.528,1,5,0.528,0.32000000000000006,0.5575105726689381,1.0,0.528,0.8459967576644701,0.7541887552598769,0.7871452890781024,1.0,0.8434083693857094,0.8884690621100162,0.9843983747059688
ZTF21acfaugw,SN Ia,SNIa,SNIbc,0.46506799999999987,0,5,0.46506799999999987,0.15768399999999994,0.5558304978885951,0.9979999999999998,0.46599999999999997,0.6831868200431799,0.42861169156232487,0.7045196486722636,0.9999998200888152,0.5111707620422298,0.7319354872150126,0.53239107538877
ZTF25aafwcmp,SN Ia,SNIa,SNIa,0.354632,1,2,0.354632,0.153552,0.37167079003953096,0.914,0.388,0.5992333418213942,0.4411817908531731,0.5860517637074601,0.9984294420207538,0.8515818725102239,0.7625576977210743,0.8051986961761036
ZTF19abeizmo,SN Ia,SNIa,SNII,0.22673599999999994,0,4,0.22673599999999994,0.013787999999999995,0.2255334136426943,0.7659999999999998,0.296,0.3452008803305058,0.046870739994438415,0.46163737255245696,0.9704454859378938,0.8738761732007377,0.47784079679400865,0.4382730292018504
ZTF21aaavhbu,SN Ia,SNIa,SNIa,0.496944,1,4,0.496944,0.220864,0.5331600983028446,0.986,0.504,0.7617169343931203,0.5676085019608874,0.7448274321071513,0.9999781797325635,0.8487215993434153,0.8172752695111485,0.9395382057443762
ZTF23aaqnjej,SN Ia,SNIa,SNIa,0.6120000000000001,1,1,0.6120000000000001,0.4020000000000001,0.6095041984720739,1.0,0.6120000000000001,0.9037356393162459,0.8284429837782531,0.8593252161476651,0.9999999999999999,0.8501719576719576,0.907101729866158,0.9948649438572755
ZTF21aahzspd,SN Ia,SNIa,SNIa,0.576,1,1,0.576,0.38999999999999996,0.5805860662424105,1.0,0.576,0.8892441647550045,0.8249091739204542,0.8323057667182499,1.0,0.8501719576719576,0.9098448171315553,0.9937846260995729
ZTF21aazfmxb,SN Ia,SNIa,SNIa,0.432,1,2,0.432,0.224,0.5185364680600195,1.0,0.432,0.693714048709178,0.5690955073541165,0.6522525658291836,1.0,0.8515818725102239,0.8333567559926122,0.9223989502237893
ZTF20acwdnbw,SN Ia,SNIa,SNIa,0.448,1,1,0.448,0.23,0.5238005316355148,1.0,0.448,0.7196432753727818,0.5846502845684006,0.6720256789016351,1.0,0.8501719576719576,0.8402083329475509,0.9231107212385103
ZTF23aaeaptm,SN Ia,SNIa,SNIa,0.278832,1,3,0.278832,0.013188000000000033,0.3996412645976394,0.942,0.29600000000000004,0.34671871715964625,0.03712440080662005,0.522768277259712,0.9993186334011681,0.8445060947109149,0.4734439444894462,0.6385375858579309
ZTF18abcecfi,SN Ia,SNIa,SNIa,0.442,1,1,0.442,0.09600000000000003,0.5590677494446152,1.0,0.442,0.6065178496132109,0.2631496487355732,0.6880708568514002,0.9999999999999999,0.8501719576719576,0.5957441833729321,0.7052379412857078
ZTF24abjflpz,SN Ia,SNIa,SNIa,0.403192,1,2,0.403192,0.0998,0.5260980080075808,0.998,0.40399999999999997,0.5752380554068408,0.28029602097473844,0.6331429883099283,0.9999997775818352,0.8515818725102239,0.6129224597726989,0.7055851649981011
ZTF24abpfzww,SN Ia,SNIa,SNIa,0.34944000000000003,1,2,0.34944000000000003,0.04913999999999996,0.3931403375709306,0.9100000000000001,0.38399999999999995,0.523261244352608,0.15672368840366258,0.6184486906240878,0.9968287070726984,0.8515818725102239,0.4973421129119572,0.47519954528828967
ZTF25aaqgorp,SN Ia,SNIa,SNIa,0.442,1,3,0.442,0.234,0.5208870691031233,1.0,0.442,0.7136793446937642,0.5911204590302866,0.6648173960589434,0.9999999999999999,0.8445060947109149,0.8346915763107544,0.9197916242341029
ZTF19aarmtgu,SN Ia,SNIa,SNIa,0.37619999999999987,1,2,0.37619999999999987,0.15047999999999992,0.4823485733363546,0.9899999999999998,0.37999999999999995,0.5756319198714636,0.40223633468518405,0.5830124323421348,0.9999891826708366,0.8515818725102239,0.7353630961033812,0.8031852959546878
ZTF19acbunmk,SN Ia,SNIa,SNIa,0.54,1,1,0.54,0.23000000000000004,0.6044601967120902,1.0,0.54,0.7685650276813794,0.5568901151665773,0.7726923820623685,0.9999999999999999,0.8501719576719576,0.7971873775861316,0.9519921270874288
ZTF18aarmnnd,SN Ia,SNIa,SNIbc,0.3388399999999999,0,1,0.3388399999999999,0.067768,0.29241327557026475,0.7879999999999998,0.43,0.5742670538799685,0.23232363356753544,0.639219861219308,0.9837552284153559,0.4917064865161751,0.5868649257871733,0.41319191932221516
ZTF24aaimlne,SN Ia,SNIa,SNIa,0.26426399999999994,1,1,0.26426399999999994,0.08857199999999998,0.20013188442036023,0.7259999999999999,0.364,0.5103088494544425,0.31264432506616463,0.4964466745895384,0.961248890934917,0.8501719576719576,0.709718756202487,0.6422380317374294
ZTF23abivuzt,SN Ia,SNIa,SNIbc,0.41220000000000007,0,1,0.41220000000000007,0.20880000000000004,0.3876710717462788,0.9000000000000001,0.458,0.708916019930707,0.5715501352339941,0.677871377975247,0.9978620046316279,0.4917064865161751,0.833478276348123,0.6683420959405032
ZTF20aaxahpk,SN Ia,SNIa,SNIa,0.532,1,1,0.532,0.31000000000000005,0.5674166264476773,1.0,0.532,0.8269995387684584,0.7184462738935387,0.7770112403174602,1.0,0.8501719576719576,0.8798248431333427,0.984105426411405
ZTF19abbvzgr,SN Ia,SNIa,SNIa,0.566864,1,2,0.566864,0.26946000000000003,0.6206313413168452,0.998,0.5680000000000001,0.8054612774418706,0.6284363265926394,0.7954963291940028,0.9999987965305952,0.8515818725102239,0.8557824438128284,0.9736696285201515
ZTF20adadshh,SN Ia,SNIa,SNIa,0.468,1,2,0.468,0.18200000000000005,0.5587198112605976,1.0,0.468,0.6958970561109638,0.47704198607355375,0.6989218773497943,1.0,0.8515818725102239,0.7672038306713818,0.9049183807468598
ZTF21aakjhcb,SN Ia,SNIa,SNIa,0.486,1,2,0.486,0.192,0.5582874514247652,1.0,0.486,0.7309449397594657,0.5064846227651025,0.7289364795391544,1.0,0.8515818725102239,0.7818567343010527,0.9043951446310758
ZTF22aaxfqka,SN Ia,SNIa,SNIa,0.346368,1,5,0.346368,0.08068799999999998,0.4686179860958758,0.984,0.35200000000000004,0.49720966153757906,0.23299593602044366,0.5624177054854177,0.9999771228628898,0.8434083693857094,0.6113255553527939,0.7198531617087184
ZTF20abxidyb,SN Ia,SNIa,SNIa,0.588,1,5,0.588,0.30799999999999994,0.6216938886593837,1.0,0.588,0.8458583474102085,0.7016025392509414,0.8256143302883392,0.9999999999999999,0.8434083693857094,0.8626720945057842,0.9855748230850644
ZTF18aazhwnh,SN Ia,SNIa,Periodic-Other,0.22248,0,3,0.22248,0.06488000000000002,0.12888221535977784,0.246,0.30000000000000004,0.48521443268528447,0.26846974813998326,0.407164441930179,0.10061518325179808,0.5901401004493788,0.004846543412827663,0.022520672568256475
ZTF20acpumut,SN Ia,SNIa,SNIa,0.656,1,5,0.656,0.45000000000000007,0.6438430898650847,1.0,0.656,0.931143662511632,0.8722881035711034,0.8951436572441858,0.9999999999999998,0.8434083693857094,0.9136287562081433,0.9972288399426346
ZTF25acfgool,SN Ia,SNIa,SNII,0.216788,0,1,0.216788,0.027288000000000007,0.20314647447960377,0.758,0.28600000000000003,0.3294311634637771,0.0884304642257745,0.45114066216987536,0.977279837607139,0.8811660561660561,0.541147649754972,0.5532974556289688
ZTF21aacxung,SN Ia,SNIa,SNIa,0.554,1,2,0.554,0.19800000000000006,0.6598368936312087,1.0,0.554,0.7314391417666138,0.4725918932193927,0.7697177033228604,1.0,0.8515818725102239,0.7629248691383624,0.9258447342410772
ZTF25abozezv,SN Ia,SNIa,SNIa,0.333544,1,5,0.333544,0.03277600000000003,0.4524873952503099,0.964,0.34600000000000003,0.4376093184475852,0.09563413159207401,0.583771015672911,0.999849253339898,0.8434083693857094,0.4800659505085544,0.5985439910302021
ZTF22aakynop,SN Ia,SNIa,SNIa,0.58,1,1,0.58,0.30999999999999994,0.6141887761129687,1.0,0.58,0.8396231721974722,0.6975310283135061,0.8139932862429345,0.9999999999999999,0.8501719576719576,0.8633776960680297,0.9840313141217226
ZTF19aavxpbx,SN Ia,SNIa,SNIa,0.398,1,5,0.398,0.17400000000000002,0.5097255129688765,1.0,0.398,0.6233357756614554,0.46499342214995065,0.6093479456487848,1.0000000000000002,0.8434083693857094,0.7755424458627854,0.8472976410799916
ZTF20abfyriw,SN Ia,SNIa,SNIbc,0.446,0,2,0.446,0.038000000000000034,0.5989557772362577,1.0,0.446,0.5397944609292659,0.10188499596789596,0.7104507919116309,1.0,0.49859770604050213,0.4441717158523247,0.4667173307945524
ZTF25abqamzb,SN Ia,SNIa,SNIa,0.4331320000000001,1,1,0.4331320000000001,0.157684,0.5278679497942762,0.9980000000000002,0.434,0.6539747299147688,0.4255055249509542,0.6592441006061369,0.9999996433066136,0.8501719576719576,0.7437447594660457,0.8553649550010402
ZTF22abxacvm,SN Ia,SNIa,SNIa,0.3813760000000001,1,2,0.3813760000000001,0.03209600000000007,0.4554398143180587,0.9440000000000003,0.40399999999999997,0.5185299493208947,0.09674352086394156,0.6653126357997281,0.9993486834721242,0.8515818725102239,0.43808744150060264,0.4825988574801016
ZTF23aaencty,SN Ia,SNIa,SNIa,0.406368,1,4,0.406368,0.177288,0.5032017023758533,0.996,0.40800000000000003,0.6331942434853619,0.4662641487131456,0.6183168408102881,0.9999978274159593,0.8487215993434153,0.7904055821819542,0.8687484073624987
ZTF21aapfpod,SN Ia,SNIa,SNII,0.308,0,1,0.308,0.010000000000000009,0.49730415640640857,1.0,0.308,0.3778360376940218,0.027891780886360518,0.531062293545224,0.9999999999999999,0.8811660561660561,0.4521484207994309,0.6225568922990351
ZTF23aadxrid,SN Ia,SNIa,SNIa,0.3987839999999999,1,5,0.3987839999999999,0.05951999999999996,0.5164268034511135,0.9919999999999998,0.402,0.551190822442026,0.17626382572050192,0.6540945385678417,0.999994086530609,0.8434083693857094,0.5375302057070374,0.5476631218724268
ZTF22aahieds,SN Ia,SNIa,SNIa,0.161624,1,2,0.161624,0.018143999999999993,0.09756782578473167,0.454,0.356,0.29458653899901094,0.07187676372445723,0.26878945668177545,0.5772902256448571,0.8515818725102239,0.28485803895898276,3.4121354955892445e-05
ZTF21achqzub,SN Ia,SNIa,SNIa,0.7100000000000001,1,4,0.7100000000000001,0.512,0.6962500225984527,1.0000000000000002,0.71,0.9458273670159608,0.8973141592284868,0.9153371514001567,1.0,0.8487215993434153,0.92372688463597,0.9974412667269512
ZTF19aanhhal,SN II,SNII,SNII,0.5846399999999999,1,4,0.5846399999999999,0.428736,0.4877960353631353,0.9279999999999998,0.63,0.9266670609371348,0.8838358932533442,0.8782684078731829,0.9995310405453849,0.8738761732007377,0.9250829307226576,0.9989899011526215
ZTF20aaurfhs,SN II,SNII,SNII,0.32600000000000007,1,3,0.32600000000000007,0.030000000000000027,0.5187452112345716,1.0000000000000002,0.326,0.3866407407040573,0.07810080873695352,0.569276992849379,1.0000000000000002,0.8705407679595135,0.49669072321892477,0.8119940706308265
ZTF21abqmrun,SN II,SNII,SLSN,0.385228,0,5,0.385228,0.105788,0.5072445309914562,0.998,0.386,0.5755976606683004,0.3078520061057445,0.605265796613741,0.9999986423503519,0.3214158156316022,0.6650127307059779,0.15978691201192738
ZTF21abhqhqb,SN II,SNII,SNIa,0.516384,0,2,0.516384,0.2914439999999999,0.5197297455403993,0.978,0.5279999999999999,0.8254823131075116,0.7082721664560705,0.7767322309729877,0.9999314762906739,0.8515818725102239,0.8911247284680763,0.9816584194928394
ZTF18acgvgiq,SN II,SNII,SNII,0.44441600000000003,1,2,0.44441600000000003,0.09919999999999995,0.5409418307127742,0.9920000000000001,0.448,0.6189185524243971,0.27697143846740757,0.6985070282588516,0.99999270016895,0.87441809783826,0.5989656319967579,0.8694955276247823
ZTF23absiytp,SN II,SNII,SNII,0.25139999999999996,1,2,0.25139999999999996,0.021788000000000002,0.2909988173720427,0.8379999999999999,0.3,0.35420862207739096,0.06793575245887734,0.5022037803702452,0.9884158860559256,0.87441809783826,0.4903153513643672,0.6370669950647592
ZTF24aawakwl,SN II,SNII,SNII,0.3756640000000001,1,3,0.3756640000000001,0.14176000000000005,0.3652290514915665,0.8860000000000002,0.424,0.6306505193821169,0.42227466617391163,0.6369871430170517,0.9969348094879259,0.8705407679595135,0.7424427793247598,0.8798639643972146
ZTF19abbwfgp,SN II,SNII,SNII,0.622,1,3,0.622,0.476,0.6051767357988095,1.0,0.622,0.9286313394683201,0.8972539977394608,0.8788188928792793,0.9999999999999999,0.8705407679595135,0.9251812591762995,0.9993839080818091
ZTF19aanlekq,SN II,SNII,SNII,0.566,1,3,0.566,0.3999999999999999,0.5733935630256404,1.0,0.566,0.8859615557489715,0.8355790921523389,0.8253973174921438,0.9999999999999999,0.8705407679595135,0.9118649552696658,0.9983708168148202
ZTF19aatgxjy,SN II,SNII,SNII,0.326,1,4,0.326,0.02400000000000002,0.5082688902933226,1.0,0.326,0.40453047328472336,0.06591627951179313,0.5578026416116024,1.0,0.8738761732007377,0.4583675413233698,0.6142737619101122
ZTF24aawklme,SN II,SNII,SNIbc,0.36377600000000004,0,4,0.36377600000000004,0.03526399999999996,0.42311036869487106,0.9280000000000003,0.39199999999999996,0.5071293557946365,0.10707455554116518,0.6412214080279733,0.9991925175620878,0.5038357489552927,0.4622543489198325,0.5310523205090799
ZTF24aaozxhx,SN II,SNII,SNII,0.29943999999999993,1,3,0.29943999999999993,0.08967999999999998,0.2679965889316738,0.7599999999999998,0.394,0.5578011718908115,0.31505500757042393,0.5403601245403815,0.9468241591699872,0.8705407679595135,0.6928958759292223,0.7852234096475854
ZTF19acctwpz,SN II,SNII,SNII,0.4331319999999999,1,1,0.4331319999999999,0.16965999999999998,0.5200695045167876,0.9979999999999998,0.434,0.6721686035718822,0.4603853856928518,0.6582573648230887,0.9999996800797862,0.8811660561660561,0.7679959873487929,0.9184105788239851
ZTF20aciwrpn,SN II,SNII,SNIa,0.496,0,4,0.496,0.22399999999999998,0.5922638737303375,1.0,0.496,0.7198220239246136,0.5418478509905718,0.7122926605232587,0.9999999999999998,0.8487215993434153,0.8106446622282768,0.9477079145886793
ZTF22aakdqqg,SN II,SNII,SNII,0.362,1,3,0.362,0.03799999999999998,0.5153289205179452,1.0,0.362,0.4852824042077606,0.11081107173670779,0.5985999851055717,1.0,0.8705407679595135,0.4907328736927989,0.511856333485471
ZTF22abjvyib,SN II,SNII,SNIa,0.404,0,5,0.404,0.07,0.533026878994291,1.0,0.404,0.5641963756410044,0.20574491619502638,0.652279780536677,1.0,0.8434083693857094,0.5647857809504023,0.5426635328368263
ZTF22aavcvgd,SN II,SNII,SNII,0.36604799999999993,1,5,0.36604799999999993,0.07084799999999997,0.4811944069565429,0.9839999999999998,0.372,0.5295495557085227,0.21245324760732187,0.5974337615680234,0.9999313786672119,0.8645489503688297,0.586111045926636,0.6879023155542516
ZTF20acwgxhk,SN II,SNII,SNIa,0.284748,0,4,0.284748,0.073132,0.24270209973595125,0.778,0.366,0.5153082420255823,0.2569485564836726,0.5324523796564002,0.9790186217613056,0.8487215993434153,0.657780153530904,0.7785656251100527
ZTF21acchbmn,SN II,SNII,SNII,0.434,1,3,0.434,0.228,0.5194777893541782,1.0,0.434,0.6948299126901883,0.5730842259402256,0.6537899576988063,1.0000000000000002,0.8705407679595135,0.8285817895110302,0.9679354988524113
ZTF19aamowaf,SN II,SNII,SNII,0.4780799999999999,1,2,0.4780799999999999,0.24899999999999994,0.5416518973200574,0.9959999999999998,0.48,0.7430322548430977,0.6110566812654031,0.712238128597777,0.9999990228236445,0.87441809783826,0.8537321515905394,0.9784480906144344
ZTF24abutkox,SN II,SNII,SLSN,0.160016,0,3,0.160016,0.005479999999999985,0.12404060619250523,0.548,0.292,0.2492855853240177,0.019499334919450023,0.3113986986762801,0.718243811722779,0.32347780476687044,0.3647688268097136,0.5216096702528522
ZTF23aadwaiz,SN II,SNII,SNII,0.35528800000000005,1,5,0.35528800000000005,0.095808,0.49627235693572924,0.9980000000000001,0.356,0.5150248292856928,0.271540748195884,0.5614980305637145,0.9999997172706463,0.8645489503688297,0.6445534824271137,0.594408654866873
ZTF21abczimc,SN II,SNII,SNII,0.47838,1,3,0.47838,0.27202000000000004,0.44474818605804833,0.9380000000000001,0.51,0.810515594042781,0.6969420246736923,0.754506150580874,0.999371346559401,0.8705407679595135,0.8693031217114493,0.9915509273727532
ZTF22abkbjsb,SN II,SNII,SNII,0.63872,1,5,0.63872,0.45708399999999993,0.6200423273598312,0.998,0.6399999999999999,0.933138585207486,0.8865763050319396,0.8910350516601504,0.9999993507506051,0.8645489503688297,0.9179412954406182,0.9993647387137103
ZTF21aaeoqxf,SN II,SNII,SNII,0.365792,1,4,0.365792,0.143136,0.49005149211013466,0.994,0.368,0.5476487496140869,0.3750533053219631,0.5642521617707174,0.9999664042612513,0.8738761732007377,0.7429903456981338,0.8605346633562174
ZTF18abxucht,SN II,SNII,SNII,0.36778,1,3,0.36778,0.11530400000000002,0.4884073081109993,0.994,0.37,0.5476213343667313,0.32030575943090717,0.5723358568377217,0.9999969541787109,0.8705407679595135,0.6813724566060179,0.8421985123183936
ZTF25aaapkzn,SN II,SNII,SNII,0.298,1,1,0.298,0.0020000000000000018,0.5057098970619311,1.0,0.298,0.3350033800108093,0.005200597963125886,0.5452784895855534,1.0,0.8811660561660561,0.4339334315763157,0.6963280905887957
ZTF20aayxdse,SN II,SNII,SNIa,0.415492,0,5,0.415492,0.14313599999999999,0.5130749879791565,0.994,0.418,0.6329212220651551,0.40167937722341374,0.6444845117483098,0.9999927956504564,0.8434083693857094,0.7264310985582583,0.825323612388551
ZTF23abascqa,SN II,SNII,SNIa,0.3896000000000001,0,1,0.3896000000000001,0.07597200000000004,0.47952926244977756,0.9740000000000002,0.4,0.5559314763467069,0.22007907565525886,0.6352454513228051,0.9999144423312938,0.8501719576719576,0.5794735387354664,0.6224081811197585
ZTF20acgnenc,SN II,SNII,SNIa,0.3919999999999999,0,1,0.3919999999999999,0.09199999999999997,0.522994004006679,0.9999999999999998,0.392,0.5574338644738123,0.25800248445142365,0.6169292423600767,1.0,0.8501719576719576,0.623023866455272,0.8636651452826442
ZTF22aaemoot,SN II,SNII,SNII,0.347304,1,2,0.347304,0.06187599999999999,0.5004542421068272,0.998,0.348,0.47442991122330397,0.17519495248911093,0.5643952896883544,0.9999996955832703,0.87441809783826,0.5352478621175321,0.5417052151077112
ZTF20aagjpmt,SN II,SNII,SNII,0.454,1,1,0.454,0.232,0.5305296466793195,1.0,0.454,0.7188885521834079,0.5824999919161011,0.6802086966492471,1.0,0.8811660561660561,0.8376709480204105,0.9781664555032523
ZTF18abffyqp,SN II,SNII,SNIa,0.28143599999999996,0,4,0.28143599999999996,0.0,0.49102448190362236,0.9979999999999998,0.28200000000000003,0.3114566384324427,0.0,0.5211988852359342,0.9999994040606928,0.8487215993434153,0.40918614543783793,0.5966419473379723
ZTF23abjstcg,SN II,SNII,SNII,0.348552,1,5,0.348552,0.14720399999999997,0.3039686114715736,0.846,0.412,0.6407188856589404,0.4675312787368172,0.6185247670762403,0.9953742397903831,0.8645489503688297,0.7764944531897077,0.8889853458372732
ZTF24aagchqx,SN II,SNII,SNII,0.29946,1,5,0.29946,0.050220000000000015,0.3870551801700116,0.9299999999999999,0.322,0.4138546852686693,0.14668054094512217,0.5380260341280065,0.9990314060558312,0.8645489503688297,0.5373868649219758,0.6973189305541618
ZTF21abfxhrn,SN II,SNII,SNII,0.5163840000000001,1,3,0.5163840000000001,0.15843600000000002,0.5833342305487115,0.9780000000000001,0.528,0.6949882600327304,0.3998818064731282,0.7560160533243895,0.9999685019649512,0.8705407679595135,0.6925733514249828,0.9231715792815312
ZTF19aamggmk,SN II,SNII,SNIbc,0.476,0,4,0.476,0.22799999999999998,0.5582207328223239,1.0,0.476,0.7196469793071752,0.5616980880623703,0.7018430882481691,0.9999999999999999,0.5038357489552927,0.8253621503573036,0.6826053829801783
ZTF22aajeyek,SN II,SNII,SNII,0.362,1,3,0.362,0.10599999999999998,0.5028637827629603,1.0,0.362,0.5252509439899848,0.2915468465950105,0.5647435473404796,1.0,0.8705407679595135,0.6627294424373928,0.8308331299095613
ZTF25aalyfoi,SN II,SNII,SNII,0.46439999999999987,1,5,0.46439999999999987,0.2537999999999999,0.4061830994805944,0.8999999999999997,0.516,0.8072672258457801,0.6847272107751771,0.7596879154424205,0.9986705270397088,0.8645489503688297,0.8655303164069863,0.9900452652946026
ZTF21aceqrju,SN II,SNII,SLSN,0.4651919999999999,0,5,0.4651919999999999,0.21271599999999996,0.5245226656420252,0.9939999999999998,0.46799999999999997,0.740449352934847,0.5679616447960039,0.7083043036165699,0.9999978360626554,0.3214158156316022,0.8181890699545878,0.23355378311605984
ZTF20accrldu,SN II,SNII,SNII,0.352,1,3,0.352,0.04999999999999999,0.5068520664878793,1.0,0.352,0.4804081508480701,0.14459948607869505,0.5733683623175223,0.9999999999999999,0.8705407679595135,0.5302297636087905,0.7787985492832393
ZTF21aaipypa,SN II,SNII,SNII,0.315732,1,3,0.315732,0.16754000000000002,0.21957958891106566,0.634,0.498,0.6805469594656366,0.564389506971206,0.5881737229915762,0.8586559062391734,0.8705407679595135,0.8581187986488662,0.99215706858731
ZTF20abekcdt,SN II,SNII,SNIa,0.346,0,5,0.346,0.0020000000000000018,0.5154305136060875,1.0,0.346,0.4383725118761501,0.006016729137398147,0.6018866255798629,1.0,0.8434083693857094,0.3985689411859746,0.7681891234999627
ZTF21acgpjbx,SN II,SNII,SNII,0.328,1,2,0.328,0.020000000000000018,0.5304728251969615,1.0,0.328,0.3740857702080765,0.051391600785650415,0.5804536486137113,1.0000000000000002,0.87441809783826,0.4701625161643333,0.7747730193167407
ZTF22aajsdkt,SN II,SNII,YSO,0.383056,0,3,0.383056,0.292748,0.18015417124155442,0.21399999999999997,0.42200000000000004,0.8889560166786471,0.8586102892233828,0.784104790561525,0.04854167580409051,0.4721120803595031,0.015554184160266445,0.000757697615355826
ZTF23abqkppm,SN II,SNII,SNII,0.37572000000000005,1,4,0.37572000000000005,0.011160000000000003,0.44490099683664297,0.9300000000000002,0.40399999999999997,0.489573755406395,0.03315948358669213,0.6730924999198978,0.9993910495895273,0.8738761732007377,0.3755770963247267,0.342626489953421
ZTF20aahqbun,SN II,SNII,SNII,0.604,1,4,0.604,0.422,0.6012557432784761,1.0,0.604,0.9060537725242731,0.850409819353168,0.8553362190616045,0.9999999999999999,0.8738761732007377,0.9183513174546406,0.9983803678603707
ZTF25aadevqv,SN II,SNII,SNII,0.48694,1,3,0.48694,0.29294,0.488539986669862,0.97,0.502,0.8041480276896017,0.7105748448478886,0.7458393346997263,0.9998748471060627,0.8705407679595135,0.8766005534437659,0.9911939789505684
ZTF19ablfdwt,SN II,SNII,SNIbc,0.5537759999999999,0,4,0.5537759999999999,0.300792,0.5877909781444121,0.9959999999999999,0.556,0.825525115031219,0.6920657479828645,0.7911770842169958,0.9999983298811247,0.5038357489552927,0.8708163276072483,0.7570903087273394
ZTF24abrzgil,SN II,SNII,SNIa,0.3253120000000001,0,2,0.3253120000000001,0.04950399999999999,0.3478001988212359,0.8840000000000003,0.368,0.5079184062437211,0.16325775958742994,0.5879203403595246,0.9962135127656547,0.8515818725102239,0.5075296442747683,0.7599115936732922
ZTF22aaudjgc,SN II,SNII,SNII,0.584,1,4,0.584,0.39999999999999997,0.5907619605955955,1.0,0.584,0.8888654755393898,0.828309810855472,0.8354960216696188,1.0,0.8738761732007377,0.9144440973407733,0.9977683431011289
ZTF22aattfmb,SN II,SNII,SNII,0.480072,1,5,0.480072,0.243024,0.5320128360146286,0.996,0.482,0.7716101578976384,0.6281341071740417,0.7266483471079365,0.9999988912722292,0.8645489503688297,0.8452612766482247,0.9831455115769577
ZTF18acrwheu,SN II,SNII,SNII,0.36127600000000004,1,1,0.36127600000000004,0.137724,0.49407357408572483,0.9980000000000001,0.362,0.5335726132625671,0.3586449097534679,0.5564815643967347,0.9999996705455919,0.8811660561660561,0.73623869228728,0.8507901206647788
ZTF24aahsukk,SN II,SNII,SNII,0.3603680000000001,1,5,0.3603680000000001,0.14272000000000004,0.3595213918097153,0.8920000000000002,0.40399999999999997,0.6255221846793482,0.43751636893608914,0.6121549976004701,0.9967159931762716,0.8645489503688297,0.7585217855766166,0.8706481095039863
ZTF25aawngni,SN II,SNII,SNII,0.332,1,3,0.332,0.08200000000000002,0.49535579414798525,1.0,0.332,0.4555278931716063,0.2208048500773515,0.5293518706454119,1.0,0.8705407679595135,0.6213748529475019,0.6078053428962209
ZTF20aawgrcu,SN II,SNII,SNII,0.39362400000000003,1,4,0.39362400000000003,0.13915999999999995,0.4973381232318954,0.9940000000000001,0.39599999999999996,0.5995053966904628,0.382169672850319,0.6064383566760387,0.9999955658986808,0.8738761732007377,0.7336969099234925,0.877642237267356
ZTF20aahbamv,SN II,SNII,SNIa,0.353292,0,2,0.353292,0.03792400000000001,0.50464307587193,0.998,0.354,0.47642775850754016,0.11154202628554805,0.5852824649971173,0.9999997402178754,0.8515818725102239,0.4574770933514901,0.7294129187026037
ZTF21abdmevk,SN II,SNII,SNII,0.37148799999999993,1,3,0.37148799999999993,0.1482,0.47530867251043896,0.9879999999999998,0.376,0.5692390229589162,0.396037894082062,0.5745903874798122,0.9999873868601393,0.8705407679595135,0.7400455986680678,0.8337604394882754
ZTF19abqgtqo,SN II,SNII,SLSN,0.24677200000000002,0,5,0.24677200000000002,0.028424000000000005,0.16802664664432831,0.646,0.382,0.4758818124263008,0.12041543366010016,0.5195565244550973,0.9267479968244373,0.3214158156316022,0.4979483903827465,0.22926825515073693
ZTF22abyivxh,SN II,SNII,SNII,0.36753600000000003,1,5,0.36753600000000003,0.0988,0.48070229375465445,0.9880000000000002,0.37199999999999994,0.5454919480710027,0.2868916792022298,0.585461207206202,0.999985338868501,0.8645489503688297,0.6520089191197876,0.6915204164390202
ZTF21aaqldsj,SN II,SNII,SNII,0.39840000000000003,1,2,0.39840000000000003,0.07569599999999999,0.5181810899016303,0.9960000000000002,0.39999999999999997,0.5629111452092765,0.2197661195931352,0.6398883293776424,0.9999988142128563,0.87441809783826,0.5478300067500662,0.5884051570950962
ZTF23aacydwa,SN II,SNII,SNII,0.30600000000000005,1,4,0.30600000000000005,0.06300000000000003,0.35530822863192724,0.9000000000000001,0.34,0.46485659742340923,0.1929267403568144,0.535929967500111,0.9964793224871399,0.8738761732007377,0.5967088939828421,0.5577262584084719
ZTF20acnzkxb,SN II,SNII,SNIbc,0.49,0,1,0.49,0.09599999999999997,0.6194653212104466,1.0,0.49,0.616397421956038,0.24500228478481967,0.7330757391962243,1.0,0.4917064865161751,0.5608648902604857,0.5050036732352283
ZTF20acorjop,SN II,SNII,SLSN,0.374,0,5,0.374,0.07600000000000001,0.519716869061905,1.0,0.374,0.5209041120945656,0.21781841655227663,0.6009584903300617,1.0,0.3214158156316022,0.5879964299135496,0.2391609675372453
ZTF19abormur,SN II,SNII,SNII,0.3841199999999999,1,4,0.3841199999999999,0.15443999999999997,0.48563588562178905,0.9899999999999998,0.388,0.5870541233332012,0.4095561456362924,0.5930159379810043,0.9999862946463156,0.8738761732007377,0.7589139398302668,0.8853323206544539
ZTF25aauvser,SN II,SNII,YSO,0.227652,0,2,0.227652,0.026963999999999988,0.14514452460827443,0.45199999999999996,0.44400000000000006,0.44720769787506476,0.11462068498166345,0.4673665949114102,0.4811543574945448,0.4435963521015068,0.1960654854788884,0.01121767716430166
ZTF25aalzmga,SN II,SNII,SNIbc,0.3096,0,5,0.3096,0.019799999999999984,0.36243255709256905,0.9,0.344,0.4504896532185408,0.0656689155731448,0.5750110733141375,0.9973491601932732,0.5111707620422298,0.4596209181665873,0.3388101370947716
ZTF19aaloqmd,SN II,SNII,SNII,0.4510959999999999,1,2,0.4510959999999999,0.20359199999999994,0.5264309329799501,0.9979999999999998,0.452,0.7136837155567283,0.5394343271126448,0.6826369571305155,0.9999985785343574,0.87441809783826,0.8071866098167265,0.9596189463065397
ZTF23aaqniyk,SN II,SNII,AGN,0.284832,0,5,0.284832,0.179328,0.15075299763633354,0.33599999999999997,0.31400000000000006,0.7047908902711856,0.6387515984637069,0.5604951512993737,0.16414878679479017,0.4440919904837431,0.012820849591113613,0.0006019931377119145
ZTF22abfutah,SN II,SNII,SLSN,0.540704,0,1,0.540704,0.31622399999999995,0.5276328082665986,0.976,0.5539999999999999,0.851357577395312,0.7409283317457657,0.8035016485458691,0.9999229022053215,0.3341521793902746,0.8838675229099454,0.37777000582273174
ZTF22abfwxtr,SN II,SNII,SNII,0.6328960000000001,1,1,0.6328960000000001,0.45632000000000006,0.6024908985246076,0.9920000000000002,0.638,0.9277524510726624,0.8799617143407744,0.8832044924695023,0.9999969589247949,0.8811660561660561,0.9200817998158296,0.9993601953194795
ZTF19aamljom,SN II,SNII,SNII,0.53,1,2,0.53,0.336,0.5585299085787335,1.0,0.53,0.8441212579094362,0.7644762927303642,0.7837331893600386,0.9999999999999999,0.87441809783826,0.9127431692657034,0.9965262549900017
ZTF21abfoyac,SN II,SNII,SNIbc,0.4382399999999999,0,5,0.4382399999999999,0.19123199999999996,0.5203892084569229,0.9959999999999998,0.44,0.6885639623624965,0.5130422233234058,0.6692756749193007,0.999998690165598,0.5111707620422298,0.7938203762876612,0.31028752396635617
ZTF23aaeeugd,SN II,SNII,SNII,0.298,1,2,0.298,0.006000000000000005,0.5044815852924927,1.0,0.298,0.33787420066855384,0.015762888265514807,0.5432177863104575,0.9999999999999999,0.87441809783826,0.4387814261023954,0.6640188195381141
ZTF19abpxiff,SN II,SNII,SNII,0.33732400000000007,1,1,0.33732400000000007,0.06986000000000003,0.5004415610910784,0.9980000000000002,0.33799999999999997,0.4446199510428402,0.18530152143137157,0.5549392853256769,0.999999630597422,0.8811660561660561,0.5938216531908032,0.8066353224549629
ZTF22acaunur,SN II,SNII,SLSN,0.301392,0,3,0.301392,0.027048000000000016,0.4424106056656999,0.966,0.312,0.36981229888519623,0.07296575705779179,0.5491383509524483,0.9998343695103005,0.32347780476687044,0.4996516675260778,0.2431343498483427
ZTF21abouznj,SN II,SNII,SNIa,0.382,0,3,0.382,0.16,0.5051272584835049,1.0,0.382,0.5808594958619167,0.41750572829928884,0.5836123549765613,0.9999999999999998,0.8445060947109149,0.7532550159366047,0.8219736815759534
ZTF21abptxfk,SN II,SNII,SNII,0.5067960000000001,1,2,0.5067960000000001,0.30709200000000014,0.46493955044835744,0.9420000000000002,0.538,0.8470382722241206,0.7520024456570314,0.7901038590950896,0.999485752785231,0.87441809783826,0.9079858598112645,0.9961371459033367
ZTF20acfvgdp,SN II,SNII,SNII,0.661344,1,5,0.661344,0.40636800000000006,0.6666879777284966,0.996,0.664,0.90411594566776,0.8109133917670738,0.8783948301397921,0.9999995029056923,0.8645489503688297,0.8966743893679674,0.9987114578877125
ZTF23abghttj,SN II,SNII,SNIa,0.318,0,3,0.318,0.020000000000000018,0.5048048528130762,1.0,0.318,0.3903717018779489,0.05499014693849885,0.5490171638491358,1.0,0.8445060947109149,0.472374442448765,0.7033283324431007
ZTF19acbvisk,SN II,SNII,SNII,0.652,1,1,0.652,0.4,0.6616106962720558,1.0,0.652,0.8970940074154088,0.7985492135390998,0.8699475026926613,1.0,0.8811660561660561,0.8952229917989518,0.9986051179158422
ZTF20acknpig,SN II,SNII,SNII,0.7065840000000001,1,2,0.7065840000000001,0.5289400000000001,0.6737064893460167,0.9980000000000001,0.7080000000000001,0.9561968392521184,0.9188633408686928,0.925946003419313,0.9999996671602818,0.87441809783826,0.9538550175075082,0.9997295482300009
ZTF20aapchqy,SN II,SNII,SNII,0.44528,1,1,0.44528,0.23368,0.41864335262850083,0.92,0.484,0.7577193527632469,0.623201259409043,0.7143743468534259,0.9988185772498815,0.8811660561660561,0.8501675783781792,0.9817135771921666
ZTF22abfzdkz,SN II,SNII,SNIbc,0.540916,0,2,0.540916,0.29341199999999995,0.5812514114858496,0.998,0.5419999999999999,0.8196618831625633,0.689026230633158,0.7823063804830358,0.9999988511063801,0.49859770604050213,0.8838606458228845,0.7589570523829104
ZTF23aaedvtn,SN II,SNII,SNIa,0.35928,0,5,0.35928,0.06586799999999998,0.5122333227638376,0.998,0.36,0.48618752893320255,0.1861880821206512,0.5867248644592051,0.9999995985694548,0.8434083693857094,0.5622871293707639,0.7893538009502243
ZTF25aadlhzw,SN II,SNII,SNII,0.491016,1,1,0.491016,0.27345200000000003,0.5478856949260085,0.998,0.492,0.765601739388402,0.6500796784144102,0.7257288099325602,0.9999997674883786,0.8811660561660561,0.8611359259539386,0.9862997832394306
ZTF24aampakt,SN II,SNII,SNIa,0.20184,0,3,0.20184,0.009744000000000003,0.1856823609739171,0.696,0.29000000000000004,0.3107240560542071,0.03393598351096461,0.420566509524667,0.9223924808092904,0.8445060947109149,0.48557296377033654,0.4895036851555815
ZTF25aahmbaq,SN II,SNII,SNII,0.48960000000000004,1,2,0.48960000000000004,0.23424,0.49811823063222815,0.9600000000000001,0.51,0.7740785681346288,0.6062870902284097,0.7476391248535179,0.9997007087353004,0.87441809783826,0.8446501364559601,0.981801006590101
ZTF20actkmks,SN II,SNII,SNII,0.6839999999999999,1,3,0.6839999999999999,0.5619999999999999,0.6432663095053711,0.9999999999999999,0.684,0.9619154891075168,0.9448091076472984,0.9258152511814852,0.9999999999999998,0.8705407679595135,0.9340135384593619,0.999742779314608
ZTF23abndgbw,SN II,SNII,SNIa,0.45908,0,5,0.45908,0.205588,0.5446701061738095,0.998,0.45999999999999996,0.7018481938005501,0.5314922569943963,0.6899497852440906,0.9999997971644081,0.8434083693857094,0.8000433421930463,0.9406546154046064
ZTF21abqmrtm,SN II,SNII,SNII,0.466,1,4,0.466,0.262,0.5294713756316519,1.0,0.466,0.7541594644701646,0.6437470555005901,0.6973334540377416,1.0,0.8738761732007377,0.8688444373310005,0.9843892496349097
ZTF20aafclxb,SN II,SNII,SNII,0.492,1,5,0.492,0.266,0.5433417287814188,1.0,0.492,0.794160020277435,0.6698619131606908,0.7408742328709357,1.0,0.8645489503688297,0.8618229460834356,0.989121228090859
ZTF19acwbhih,SN II,SNII,SNIa,0.37400000000000005,0,2,0.37400000000000005,0.057999999999999996,0.5221476882840701,1.0000000000000002,0.374,0.5087334632265393,0.16629297502993473,0.6071904541827586,0.9999999999999999,0.8515818725102239,0.51126392866883,0.5397907070235406
ZTF23abvnmam,SN II,SNII,SNII,0.33124000000000003,1,3,0.33124000000000003,0.06272,0.459429759338317,0.9800000000000002,0.33799999999999997,0.4604478562513601,0.17855008929241112,0.5449173980751582,0.9999179971108589,0.8705407679595135,0.575671604505197,0.7413003221984966
ZTF20acectxy,SN II,SNII,SNII,0.377244,1,5,0.377244,0.10578800000000005,0.5029615215572772,0.998,0.378,0.5623785561549712,0.30575091183749836,0.5920434436033357,0.9999997285027103,0.8645489503688297,0.6662661508011213,0.8665960841924518
ZTF21acdbcxy,SN II,SNII,SNIa,0.3333320000000001,0,4,0.3333320000000001,0.07984000000000002,0.4920802475001447,0.9980000000000002,0.334,0.45391625415531156,0.2138166209835259,0.5360149233219269,0.9999996710421082,0.8487215993434153,0.6146371078718025,0.43463242215970704
ZTF24aaaefgv,SN II,SNII,SNII,0.381236,1,1,0.381236,0.15369200000000002,0.50087436187542,0.998,0.382,0.5749625086725393,0.40162130105280947,0.5844577098555299,0.9999995828706312,0.8811660561660561,0.7565168544576123,0.8509177505938034
ZTF22abtmrfr,SN II,SNII,SNII,0.463204,1,3,0.463204,0.202776,0.5243102640892683,0.9939999999999999,0.4660000000000001,0.7284523742807764,0.5388423287674036,0.7016709605622223,0.9999925423511347,0.8705407679595135,0.7964262644595991,0.9820379525969388
ZTF22aahnkdv,SN II,SNII,SNII,0.4245640000000001,1,1,0.4245640000000001,0.19824000000000006,0.35813677868058635,0.8260000000000002,0.514,0.7676207039364574,0.5896421573242733,0.7264585463549375,0.9848064514626963,0.8811660561660561,0.8298636966703193,0.9831154389139266
ZTF22abkhrkd,SN II,SNII,SNII,0.48546,1,3,0.48546,0.19530000000000003,0.4750094183598047,0.9299999999999999,0.522,0.7515244120651136,0.5258386603825859,0.7578860969290332,0.9986873865122768,0.8705407679595135,0.7800856008354388,0.9672024547672914
ZTF23abavosd,SN II,SNII,SNII,0.312,1,3,0.312,0.010000000000000009,0.5007272930561912,1.0,0.312,0.3818238124936095,0.027993739737928236,0.5409954103600936,1.0,0.8705407679595135,0.4479225193610916,0.666540102400582
ZTF25abzswyh,SN II,SNII,SNII,0.546904,1,3,0.546904,0.3732519999999999,0.5580143682657566,0.998,0.5479999999999999,0.8693693602800491,0.8098505325294149,0.8058720112525962,0.9999997582820592,0.8705407679595135,0.9054694202115459,0.99762122262062
ZTF19aavjlkx,SN II,SNII,SNIa,0.325348,0,1,0.325348,0.02195600000000003,0.5094744759735245,0.998,0.326,0.39189158074166824,0.05872227646430073,0.566056394419366,0.9999996745402129,0.8501719576719576,0.4701681869392925,0.7537059981285626
ZTF20abyzprl,SN II,SNII,SNII,0.569712,1,4,0.569712,0.28884,0.5992931621754548,0.996,0.572,0.8259323781385138,0.6665140069114517,0.8075453094917915,0.999998951605066,0.8738761732007377,0.8551086527497255,0.9901718531863758
ZTF19abgmkef,SN II,SNII,SNII,0.384,1,4,0.384,0.07,0.5272903320311715,1.0,0.384,0.5251195780071952,0.1962928160606756,0.6148244716865017,1.0,0.8738761732007377,0.5627673295358286,0.8748800091945825
ZTF20actpavu,SN II,SNII,SNII,0.495008,1,4,0.495008,0.20958,0.555676721515993,0.998,0.496,0.7475340304816981,0.5398219797553618,0.7367836071511975,0.9999997360052925,0.8738761732007377,0.8024580014579524,0.9608804277378068
ZTF23aboywdj,SN II,SNII,SNII,0.327344,1,1,0.327344,0.035928000000000015,0.49459685808323905,0.998,0.328,0.42980460825884537,0.10173888585923291,0.5424023804759193,0.999997665461841,0.8811660561660561,0.5141918906725575,0.6923913990976245
ZTF21acioxcf,SN II,SNII,SNIbc,0.476,0,1,0.476,0.12,0.5812125279375459,1.0,0.476,0.6465276109635776,0.31731580067160703,0.7220965298267681,1.0,0.4917064865161751,0.6308282880136903,0.4849729401661895
ZTF20aafclqz,SN II,SNII,SNII,0.5458080000000001,1,1,0.5458080000000001,0.250992,0.5892826543220933,0.9960000000000001,0.548,0.7915953349453735,0.6023511237413507,0.78376445411929,0.999999432134873,0.8811660561660561,0.8212932225476404,0.9864214882519114
ZTF20abwdaeo,SN II,SNII,SNII,0.598,1,3,0.598,0.3,0.6426097863354514,1.0,0.598,0.8302259533632765,0.6672296672693834,0.8203042086152276,1.0,0.8705407679595135,0.8471975363591532,0.9930771313653245
ZTF19aapafqd,SN II,SNII,SLSN,0.677908,0,2,0.677908,0.47513199999999994,0.6539409154886585,0.994,0.6819999999999999,0.936911268936946,0.8818941619971522,0.9035387689962383,0.9999986085178605,0.32107454401268837,0.9457963668406096,0.6306494922144312
ZTF23aarktow,SN II,SNII,SNIbc,0.4671799999999999,0,2,0.4671799999999999,0.2822959999999999,0.5149913399100723,0.9939999999999998,0.47,0.7680802439523873,0.6810313114146603,0.7062364959174474,0.9999951182143337,0.49859770604050213,0.8845820853620475,0.6226382448727897
ZTF19adavzew,SN II,SNII,SNII,0.5720000000000001,1,5,0.5720000000000001,0.36800000000000005,0.5855216618078494,1.0,0.5720000000000001,0.8821596040922389,0.8066360637632364,0.8305796081451149,1.0,0.8645489503688297,0.900888402203738,0.9978533786394805
ZTF20acgnelh,SN II,SNII,SNII,0.522424,1,2,0.522424,0.214076,0.5566332986982241,0.982,0.532,0.7625696130644667,0.541556925687117,0.7713383344389286,0.9999678551720776,0.87441809783826,0.806562206203835,0.9767310815709336
ZTF25aacbhct,SN II,SNII,SNII,0.33592,1,5,0.33592,0.100776,0.4697527631697891,0.988,0.34,0.4804893929403895,0.2751838658693155,0.5389229844818076,0.9999833406678789,0.8645489503688297,0.6508063656515766,0.6263435287545396
ZTF23aabutcv,SN II,SNII,SNII,0.41400000000000003,1,5,0.41400000000000003,0.16399999999999998,0.5197956690754862,1.0000000000000002,0.4139999999999999,0.6421066665904493,0.4491891142447402,0.6352321988310953,1.0,0.8645489503688297,0.7608254338206569,0.9339453410755401
ZTF22aamrkns,SN II,SNII,SLSN,0.36560000000000004,0,1,0.36560000000000004,0.010967999999999978,0.4183499892882382,0.9140000000000001,0.39999999999999997,0.4893643603541522,0.03343461052641933,0.6687947146081474,0.9988454190116122,0.3341521793902746,0.3900212085494942,0.30856085016616963
ZTF21aanhvpo,SN II,SNII,SNIa,0.33310800000000007,0,3,0.33310800000000007,0.08766000000000004,0.44807623300095745,0.9740000000000002,0.342,0.4694094410558256,0.23949986677687446,0.5480449424770986,0.9999307137413003,0.8445060947109149,0.6336390339225572,0.7314692570066947
ZTF19aamhmsx,SN II,SNII,SNII,0.608,1,4,0.608,0.362,0.6241554820698565,1.0,0.608,0.8773110821145277,0.7703732234510756,0.842995120356322,1.0,0.8738761732007377,0.8931891642760879,0.9965744436087801
ZTF21aaobkmg,SN II,SNII,SNII,0.584,1,2,0.584,0.32799999999999996,0.6129153110063739,1.0,0.584,0.8550402759952958,0.7318251256145657,0.8222830291831796,1.0,0.87441809783826,0.9005304038687684,0.9964435526090217
ZTF23aailjjs,SN II,SNII,SNII,0.646704,1,3,0.646704,0.49899999999999994,0.614070633425913,0.998,0.6479999999999999,0.9448956101848488,0.9149454867378225,0.9008149724544374,0.9999998277541184,0.8705407679595135,0.9280950767533702,0.9995705499198344
ZTF22abbiwrr,SN II,SNII,SNII,0.58806,1,4,0.58806,0.33858,0.5876690718044799,0.9900000000000001,0.594,0.8668566150059911,0.7488791640228646,0.8339124068375835,0.9999932974469186,0.8738761732007377,0.8864610949110567,0.9957012668444962
ZTF19acasuyp,SN II,SNII,SNII,0.46850400000000003,1,2,0.46850400000000003,0.237168,0.4898609627230598,0.9720000000000002,0.48199999999999993,0.7551861762682316,0.611247419129357,0.718069931506365,0.9999434761161723,0.87441809783826,0.8496214353289105,0.9783176334256393
ZTF20acitoie,SN II,SNII,SNII,0.6354479999999999,1,2,0.6354479999999999,0.4143359999999999,0.6239093798705583,0.9959999999999999,0.638,0.9123487756454003,0.8359206737527162,0.8757025803030184,0.9999992659399459,0.87441809783826,0.9340568733213048,0.9990918959507289
ZTF20aatqidk,SN II,SNII,SNII,0.5367600000000001,1,4,0.5367600000000001,0.31211600000000006,0.5545755395379521,0.9940000000000002,0.54,0.837312915090389,0.7269005210866077,0.7877438722009351,0.9999980520244083,0.8738761732007377,0.8863706752608833,0.9928258028523681
ZTF18adachwf,SN II,SNII,SNII,0.312,1,2,0.312,0.045999999999999985,0.49404533857649935,1.0,0.312,0.40031153049037216,0.12509096594939695,0.5188405827646939,1.0,0.87441809783826,0.5158161996872063,0.3762885216442513
ZTF23abmoxlu,SN II,SNII,SNII,0.497004,1,2,0.497004,0.25948,0.557834579196179,0.998,0.498,0.7654827287903752,0.6303545588633355,0.7321976670424983,0.9999998005932864,0.87441809783826,0.8607665702053975,0.9834964691035085
ZTF20aamamnp,SN II,SNII,SNII,0.333312,1,4,0.333312,0.077376,0.47953814236478653,0.992,0.336,0.46025461160719877,0.21127315460626336,0.5368135125154345,0.9999877585095318,0.8738761732007377,0.6120652924314777,0.7052645223426363
ZTF20aaieyuw,SN II,SNII,SNII,0.500996,1,4,0.500996,0.297404,0.5470613497844687,0.998,0.502,0.7907461450623815,0.6933767588255202,0.7412589506897727,0.9999997196514099,0.8738761732007377,0.8814603951643188,0.9881872873550359
ZTF21acafqtj,SN II,SNII,SNII,0.666664,1,2,0.666664,0.45708400000000005,0.6503351128067472,0.998,0.668,0.9305888752660721,0.8691720952845928,0.8964666149929754,0.9999998497666639,0.87441809783826,0.9427271419705854,0.9994413391751796
ZTF20abywoaa,SN II,SNII,SNII,0.468,1,5,0.468,0.20600000000000002,0.5400056201581287,1.0,0.468,0.73765170373838,0.5526308965213189,0.7096892135866522,1.0,0.8645489503688297,0.8097479106072627,0.9628170793814973
ZTF20adadlqv,SN II,SNII,SNII,0.4926599999999999,1,4,0.4926599999999999,0.15842399999999995,0.5325408435251302,0.9659999999999997,0.51,0.6984754961356628,0.41517742789938994,0.7456904996202145,0.9999028555063225,0.8738761732007377,0.7080360621036053,0.9130541163060077
ZTF18acbwaxk,SN II,SNII,SNII,0.40512,1,5,0.40512,0.15167999999999998,0.45609927231688707,0.9600000000000001,0.42199999999999993,0.6483677308108436,0.4364416732229329,0.6468260595018347,0.9996905515541278,0.8645489503688297,0.7502980900796492,0.8676448329179763
ZTF18abzrgim,SN II,SNII,SNII,0.42134400000000005,1,5,0.42134400000000005,0.112728,0.4386193877876683,0.9240000000000002,0.45599999999999996,0.6427900133492523,0.3367971999411123,0.6971457073517622,0.9992751143503764,0.8645489503688297,0.664223427114466,0.8266462655906919
ZTF25aalpzgd,SN II,SNII,SLSN,0.257088,0,3,0.257088,0.026367999999999975,0.27683685428065596,0.8240000000000001,0.31199999999999994,0.37660177146855023,0.08416357755698001,0.5140792521599262,0.9882532562118685,0.32347780476687044,0.5177832496723046,0.380773352324618
ZTF22abepfmn,SN II,SNII,SNIa,0.382464,0,2,0.382464,0.13744800000000001,0.49944499597392544,0.996,0.384,0.5789935483203843,0.37557053253383765,0.5911510329907638,0.9999925145399291,0.8515818725102239,0.7069643272916836,0.7856617213508671
ZTF22aawptbl,SN II,SNII,SNIbc,0.284484,0,3,0.284484,0.010871999999999993,0.3682819063388453,0.906,0.314,0.3819721552086932,0.033251947778673796,0.5364011031357487,0.9962542672298059,0.4967890951237502,0.4574373061804868,0.2763236098482263
ZTF24aaxlnut,SN II,SNII,SNII,0.456624,1,5,0.456624,0.21381599999999998,0.43888877371271007,0.906,0.504,0.7764939448200848,0.6042188376055306,0.7421258846382541,0.995514945181592,0.8645489503688297,0.8319687303319186,0.9799802889634784
ZTF19abbnamr,SN II,SNII,SNII,0.6356640000000001,1,2,0.6356640000000001,0.42312000000000005,0.6041264886582792,0.9840000000000002,0.646,0.919098728328223,0.8489868021302107,0.8823977293641196,0.9999723662931118,0.87441809783826,0.9375646368401198,0.9992386518947964
ZTF19aapafit,SN II,SNII,SNII,0.621504,1,4,0.621504,0.37250399999999995,0.6255822844254715,0.9959999999999999,0.624,0.8850560711573168,0.7796167333634074,0.8543246719583393,0.9999988414572005,0.8738761732007377,0.8946623078711777,0.9971053307638882
ZTF24aahgkxm,SN II,SNII,SNII,0.469168,1,1,0.469168,0.23060799999999998,0.5268676558454148,0.9939999999999999,0.47200000000000003,0.740966727730344,0.5870279893535565,0.7042065852857962,0.9999941018056906,0.8811660561660561,0.8332700471431419,0.9730479995976832
ZTF24aazpqhq,SN II,SNII,SNIa,0.29087999999999997,0,1,0.29087999999999997,0.05979200000000004,0.2713035236062593,0.8079999999999998,0.36000000000000004,0.49518284518961436,0.2050650889775701,0.5413205118411337,0.9834448800041379,0.8501719576719576,0.6035574354037341,0.5489140287016655
ZTF19aaqdkrm,SN II,SNII,SNII,0.66,1,1,0.66,0.48800000000000004,0.6347026735954603,1.0,0.66,0.941822279174786,0.9004152713496648,0.9015560869814097,1.0000000000000002,0.8811660561660561,0.9236708604044871,0.9995449249158483
ZTF20acrrssy,SN II,SNII,SNII,0.492912,1,3,0.492912,0.164304,0.5530796463829668,0.978,0.504,0.6980877310816352,0.4274926378173884,0.7351781371791202,0.9999671416361391,0.8705407679595135,0.717174507868968,0.9202775992828744
ZTF21abnudtb,SN II,SNII,SNII,0.650696,1,1,0.650696,0.47904,0.6236661328666494,0.9980000000000001,0.652,0.9385095160789888,0.8960623181387916,0.8964815009358423,0.9999990119871129,0.8811660561660561,0.9230466934620434,0.999506333395515
ZTF20abbpkpa,SN II,SNII,SNII,0.392,1,1,0.392,0.134,0.5126993790494131,1.0,0.392,0.5867396008308038,0.364734071143935,0.6023628882782993,1.0,0.8811660561660561,0.7199372913525216,0.906762436705771
ZTF20aclftuo,SN II,SNII,SNIa,0.37,0,1,0.37,0.08600000000000002,0.5080345768597097,1.0,0.37,0.5310012580586857,0.243806327722908,0.5827354550453638,1.0,0.8501719576719576,0.6249630832976133,0.7869621218168872
ZTF21aaqmoof,SN II,SNII,SNII,0.499968,1,1,0.499968,0.291648,0.5266090101111651,0.992,0.504,0.8066126834852296,0.7011044229199592,0.7478822389098545,0.9999959257891877,0.8811660561660561,0.8780063630928605,0.9922008147693931
ZTF18aaqkoyr,SN II,SNII,CV/Nova,0.17172,0,2,0.17172,0.051440000000000013,0.06939877802676486,0.288,0.34400000000000003,0.37393104989652226,0.21190580262811784,0.2655557200244063,0.21063922049079029,0.5459647410480083,0.029011174283647048,0.044482459790812626
ZTF19aadtqcd,SN II,SNII,SNIbc,0.522,0,4,0.522,0.28800000000000003,0.5744658113340559,1.0,0.522,0.7967367236990192,0.6734746949175616,0.7573040280756718,1.0000000000000002,0.5038357489552927,0.8695525644933598,0.7586934700024093
ZTF25aavcgfk,SN II,SNII,SNIa,0.26927600000000007,0,3,0.26927600000000007,0.05451600000000004,0.27929834917693375,0.8260000000000002,0.326,0.4241558237918183,0.17418319612026134,0.5086456878493151,0.9873408558412777,0.8445060947109149,0.595124818214531,0.6012409074170084
ZTF22aajhkpo,SN II,SNII,SNIa,0.332992,0,5,0.332992,0.054208000000000034,0.44468981299993626,0.968,0.34400000000000003,0.46395405768415005,0.1602064333767883,0.5640899051918218,0.9998845480970806,0.8434083693857094,0.5459927515476865,0.7194382906960589
ZTF19aawfkeg,SN II,SNII,SNIa,0.38808,0,4,0.38808,0.14651999999999998,0.4861652467535136,0.99,0.39199999999999996,0.5946103308985529,0.39721830627779897,0.5990510202418959,0.9999915146918444,0.8487215993434153,0.7478016909893394,0.8041980015835511
ZTF20aadchdd,SN II,SNII,SNII,0.376,1,5,0.376,0.144,0.5032443922785794,1.0,0.376,0.574504632213759,0.39279695478879406,0.5789514570766969,1.0,0.8645489503688297,0.7337488247108058,0.8240273246025197
ZTF25abiwbsb,SN II,SNII,SNII,0.624,1,2,0.624,0.394,0.6268766941805334,1.0,0.624,0.9009311886390927,0.8145274101809221,0.8641152262279314,1.0,0.87441809783826,0.9279908935194554,0.9987859883801576
ZTF21abvcxid,SN II,SNII,SNII,0.437972,1,5,0.437972,0.153192,0.4993025799398343,0.982,0.44599999999999995,0.6778727490355531,0.43493530879625897,0.6842045153423623,0.9999774374453289,0.8645489503688297,0.741567746636089,0.8917243558034389
ZTF24absbhfe,SN II,SNII,SNII,0.44440400000000013,1,2,0.44440400000000013,0.2378760000000001,0.4162071475073047,0.9220000000000003,0.482,0.7672931242518778,0.640457797842038,0.7174065943750454,0.9989461907570306,0.87441809783826,0.8647767657485496,0.9836349736214137
ZTF18abokyfk,SN II,SNII,YSO,0.36096,0,1,0.36096,0.23688,0.17471248947723794,0.182,0.412,0.8441798108899348,0.7735567708404508,0.7327732798653329,0.03443755748601281,0.4735449735449736,0.01146197208003177,4.589735252713586e-05
ZTF18aawgrxz,SN II,SNII,SNII,0.27738000000000007,1,5,0.27738000000000007,0.09108000000000005,0.20459552507817902,0.6900000000000001,0.4020000000000001,0.5657203616715296,0.34669138047240544,0.5252270704493052,0.918733623601374,0.8645489503688297,0.692930084240831,0.7457122656123445
ZTF21aapjphz,SN II,SNII,SNIbc,0.487024,0,5,0.487024,0.25948000000000004,0.5452490950884561,0.998,0.488,0.7719880856741198,0.6461705859464746,0.7299568377256902,0.9999986845746248,0.5111707620422298,0.85248970686596,0.6807314078721356
ZTF20aayknbc,SN II,SNII,SNIa,0.448,0,2,0.448,0.15800000000000003,0.5578571613958242,1.0,0.448,0.6500681889917316,0.4160264712933124,0.6727428582975437,1.0,0.8515818725102239,0.7282922343409031,0.8767915925383178
ZTF21aatpsky,SN II,SNII,SNIa,0.37600000000000006,0,4,0.37600000000000006,0.068,0.5235641159485349,1.0000000000000002,0.37599999999999995,0.5117645365765741,0.18998590905259416,0.604161755610767,1.0,0.8487215993434153,0.5613436976041357,0.6327395278028318
ZTF21abtcgoh,SN II,SNII,SNII,0.39154800000000006,1,5,0.39154800000000006,0.12662,0.46773965068431156,0.9740000000000002,0.40199999999999997,0.6107716704441647,0.3701029512459294,0.623223281945327,0.9998674021986182,0.8645489503688297,0.7088213529564994,0.7798726431926417
ZTF25abudaqa,SN II,SNII,SNII,0.203688,1,1,0.203688,0.07675200000000001,0.09739164689723478,0.492,0.41400000000000003,0.4627418074355999,0.3085150783580007,0.34422587189045417,0.7399720751510368,0.8811660561660561,0.6755147922264235,0.9929879440555703
ZTF19abegzry,SN II,SNII,AGN,0.30012,0,1,0.30012,0.054167999999999994,0.268401613503249,0.066,0.43199999999999994,0.5192277463195506,0.1922535244595393,0.5693572966104866,0.0031772878975542835,0.33824640967498115,0.007821198777307744,0.00042350652026106755
ZTF20acedqis,SN II,SNII,SNIa,0.486,0,3,0.486,0.22399999999999998,0.5758441087641024,1.0,0.486,0.7186699223207984,0.5491066235512071,0.7079450562642968,1.0,0.8445060947109149,0.8054485644619155,0.954436723883288
ZTF25aaluerd,SN II,SNII,SNII,0.2808,1,4,0.2808,0.014399999999999968,0.35557223458817977,0.8999999999999999,0.312,0.37880125219544514,0.04365555250810743,0.5322317059154815,0.9966435541215706,0.8738761732007377,0.44929426881794876,0.6613099449960778
ZTF18abwisaz,SN II,SNII,SNII,0.31872,1,3,0.31872,0.10624,0.31132301739146373,0.8300000000000001,0.38399999999999995,0.5637813379064842,0.34524653644954995,0.5545850827748542,0.9760010675031728,0.8705407679595135,0.7119420334846011,0.7405270097012334
ZTF19aailepg,SN II,SNII,SNII,0.516964,1,4,0.516964,0.12973999999999997,0.631706870327278,0.998,0.518,0.6572805015291017,0.32165919934548703,0.7492757195555828,0.9999998106911911,0.8738761732007377,0.6231810612058645,0.854682729834917
ZTF21abmwzxt,SN II,SNII,SNIa,0.345504,0,2,0.345504,0.06419199999999997,0.424604661338035,0.9440000000000001,0.36599999999999994,0.4920442836145365,0.18842628363706776,0.5909219693445444,0.9994907534561834,0.8515818725102239,0.5506692228297043,0.6588856383670082
ZTF23abkixfb,SN II,SNII,SNII,0.351728,1,4,0.351728,0.05532799999999999,0.4839195374422197,0.988,0.356,0.4829368313263575,0.15859278249291942,0.5780921129625028,0.9999710937359485,0.8738761732007377,0.5423476584957616,0.5184768890424749
ZTF25aatqacd,SN II,SNII,SNII,0.426088,1,5,0.426088,0.224536,0.36968658266722254,0.8839999999999999,0.4820000000000001,0.7700302927099221,0.6407754355970151,0.7185001715614825,0.9976322993222297,0.8645489503688297,0.852645900700486,0.9814088107912408
ZTF19acytcsg,SN II,SNII,SNII,0.7005960000000001,1,1,0.7005960000000001,0.5049880000000001,0.6744182306119446,0.9980000000000001,0.7020000000000001,0.9461701766869798,0.8973472839058563,0.9156014272815048,0.9999998671466175,0.8811660561660561,0.921175131212637,0.9995889131475455
ZTF21aapdxxs,SN II,SNII,SNIbc,0.34124799999999994,0,4,0.34124799999999994,0.03372799999999998,0.49546938575765465,0.9919999999999999,0.344,0.4411766627812608,0.09484875807107163,0.5759741351942904,0.999990917665295,0.5038357489552927,0.47916063156464217,0.44766316102563797
ZTF19aapmdwm,SN II,SNII,SNIa,0.30590000000000006,0,3,0.30590000000000006,0.013299999999999979,0.41741985698185013,0.9500000000000002,0.322,0.39915496652614507,0.03939048555536012,0.5528395145328144,0.9995192835481829,0.8445060947109149,0.4530584705753549,0.6991253163880737
ZTF20acuhren,SN II,SNII,SNII,0.592812,1,5,0.592812,0.33932,0.6096431960743572,0.998,0.594,0.8701238771616905,0.7553071436604424,0.8376302572449708,0.9999998605736853,0.8645489503688297,0.8823927416050663,0.9970053465764549
ZTF21aapxogj,SN II,SNII,SNII,0.338,1,4,0.338,0.006000000000000005,0.5140553641281838,1.0,0.338,0.4208878177447396,0.017173883378401644,0.5830604539164024,1.0000000000000002,0.8738761732007377,0.39956761293901133,0.7360342577285945
ZTF25aaixfyj,SN II,SNII,SNII,0.39952,1,3,0.39952,0.20157599999999998,0.37779770432752013,0.908,0.43999999999999995,0.7038622045148109,0.5675297345617538,0.6578035392041304,0.9984087434983495,0.8705407679595135,0.8246193392954926,0.956418532496177
ZTF20acuhgar,SN II,SNII,SLSN,0.497984,0,2,0.497984,0.22022399999999998,0.5522107818225227,0.992,0.502,0.7528814122908214,0.5618231126927309,0.738642122253546,0.9999927068292354,0.32107454401268837,0.8192626520547742,0.2715992033469377
ZTF22abmmhdm,SN II,SNII,SNIa,0.28753200000000007,0,3,0.28753200000000007,0.007823999999999998,0.450788627926192,0.9780000000000002,0.294,0.3487408129450505,0.021778216297531294,0.5152145041483411,0.999857967360659,0.8445060947109149,0.45636779540456784,0.5261469420375763
ZTF23abioirc,SN II,SNII,SNIbc,0.22152,0,1,0.22152,0.012779999999999986,0.19493879590198215,0.71,0.312,0.3665566702529114,0.047269978754614916,0.447536598390581,0.9439718197883311,0.4917064865161751,0.4742224649558138,0.2368574797143006
ZTF21abpxsck,SN II,SNII,SNII,0.424296,1,4,0.424296,0.06573600000000002,0.5426279234567248,0.996,0.426,0.5690474345952495,0.18436216967365104,0.6817897587068005,0.999998976287656,0.8738761732007377,0.5200214748049365,0.5970256940309845
ZTF20abjonjs,SN II,SNII,SNII,0.630736,1,3,0.630736,0.45708399999999993,0.6117289297684336,0.998,0.632,0.9275762750458966,0.8820741974611693,0.8817757925051015,0.9999996210851677,0.8705407679595135,0.9206689573053454,0.9992941900195286
ZTF21aalodzw,SN II,SNII,SNII,0.5099520000000001,1,2,0.5099520000000001,0.26892000000000005,0.5472141754981481,0.9960000000000001,0.512,0.8025277631516801,0.6644923503417197,0.7586649459320286,0.9999987439056245,0.87441809783826,0.871776836901382,0.9913775830734778
ZTF24abrchsb,SN II,SNII,SNII,0.435128,1,5,0.435128,0.22355200000000003,0.5136356544277711,0.998,0.436,0.7091830237302856,0.5820631308352713,0.6622414899131384,0.9999997725157123,0.8645489503688297,0.8326948148565517,0.9716750791098379
ZTF21aaxxoei,SN II,SNII,SNII,0.39321200000000006,1,2,0.39321200000000006,0.14570800000000003,0.5043584405155551,0.9980000000000001,0.394,0.6055742574320941,0.40143422965976316,0.6030551769128767,0.9999990338689121,0.87441809783826,0.7196544678084191,0.8578388559457854
ZTF22abdjqlm,SN II,SNII,SNII,0.394,1,5,0.394,0.11599999999999999,0.5161392005097722,1.0,0.394,0.5894139971893779,0.33275098577294543,0.6153189609625989,0.9999999999999999,0.8645489503688297,0.6819274424265376,0.7819371475590502
ZTF21abjbfpg,SN II,SNII,SNII,0.385228,1,1,0.385228,0.13373200000000002,0.5065918585401508,0.998,0.386,0.5710433405693934,0.35900802682410915,0.5952552358826917,0.9999995743538939,0.8811660561660561,0.7198452949911051,0.9152208272180471
ZTF22abtcphd,SN II,SNII,SNII,0.4617200000000001,1,5,0.4617200000000001,0.23862000000000005,0.4836072051398448,0.9700000000000001,0.47600000000000003,0.7552056199557869,0.6218486439364028,0.7151355818800718,0.9999287400715776,0.8645489503688297,0.8435818826530636,0.978896413043297
ZTF20achnfaa,SN II,SNII,SNIa,0.37800000000000006,0,4,0.37800000000000006,0.043999999999999984,0.5283755099711156,1.0000000000000002,0.37799999999999995,0.5012340506909999,0.12536894926869857,0.6200513992859545,0.9999999999999999,0.8487215993434153,0.4896477089291755,0.5141073517191379
ZTF22aadolby,SN II,SNII,SNII,0.29760000000000003,1,2,0.29760000000000003,0.04166399999999998,0.47162818511686144,0.9920000000000001,0.3,0.37329882591795727,0.11136102647344692,0.5057320972091186,0.9999951595902875,0.87441809783826,0.5165109446018021,0.4007023459367505
ZTF20acfdmex,SN II,SNII,SNII,0.653376,1,1,0.653376,0.47210399999999997,0.6227954537762671,0.9959999999999999,0.656,0.9375191591578709,0.8898495262136591,0.8974342624556743,0.9999990879293348,0.8811660561660561,0.9211418830109178,0.9994844991559256
ZTF18aasxvsg,SN II,SNII,SNIbc,0.42372,0,5,0.42372,0.08910000000000001,0.5360919356298144,0.99,0.428,0.5850501954248544,0.2517998143516895,0.668036208708306,0.9999939388119187,0.5111707620422298,0.5997964073915258,0.47086505109230464
ZTF20aauvjws,SN II,SNII,SNII,0.588,1,1,0.588,0.43199999999999994,0.5837536929713024,1.0,0.588,0.9053912015678627,0.8638979880171195,0.8473018052522217,0.9999999999999998,0.8811660561660561,0.9199880950784906,0.9990824236430759
ZTF19abwamby,SN II,SNII,SNII,0.42994400000000005,1,2,0.42994400000000005,0.23328800000000002,0.45431769431502667,0.9640000000000001,0.446,0.7216062252988262,0.6066961080289482,0.6714352101532264,0.9998222881200922,0.87441809783826,0.8515742993070414,0.9774331755952845
ZTF24abtbalq,SN II,SNII,SNII,0.396728,1,4,0.396728,0.12962400000000002,0.47765771029731385,0.982,0.404,0.6106910050915071,0.36736104144138776,0.6206405190224842,0.9999599258436358,0.8738761732007377,0.71681457032284,0.9165415168498894
ZTF21abrluay,SN II,SNII,SNII,0.43465600000000004,1,4,0.43465600000000004,0.236128,0.3488663569312581,0.7520000000000001,0.578,0.8058826217756146,0.6756565657382093,0.7452319297071139,0.9525049625504343,0.8738761732007377,0.8791444981425925,0.9937016633136555
ZTF19aayrosj,SN II,SNII,SNII,0.51,1,3,0.51,0.242,0.5655027441984197,1.0,0.51,0.778251806376937,0.6052794129299661,0.7519232961228752,0.9999999999999999,0.8705407679595135,0.8252495698758371,0.986994475898877
ZTF19adbsblp,SN II,SNII,SNIbc,0.3486,0,3,0.3486,0.07370400000000005,0.4983127906172643,0.996,0.35000000000000003,0.4733147211362759,0.2016523127399047,0.5668561723242477,0.9999985883362912,0.4967890951237502,0.5927569948192647,0.521508047637443
ZTF24aavyicb,SN II,SNII,SNII,0.422304,1,4,0.422304,0.20716800000000002,0.5054938902502285,0.996,0.424,0.674092688294988,0.5336746646983845,0.6382573736118162,0.9999978671376488,0.8738761732007377,0.8264020572619664,0.9476566733859587
ZTF21aagtekf,SN II,SNII,SNII,0.468,1,3,0.468,0.194,0.5427523582044902,1.0,0.468,0.7221533412479595,0.515519069124355,0.705280784341022,0.9999999999999999,0.8705407679595135,0.7814357501354193,0.9451130203130828
ZTF24aahxmmu,SN II,SNII,SNII,0.549328,1,3,0.549328,0.36160800000000004,0.5413528081689344,0.9880000000000001,0.5559999999999999,0.8733553433630964,0.8023605146688051,0.8135110773158182,0.9999907462526947,0.8705407679595135,0.9019845824616884,0.9975409477483591
ZTF21aaqugxm,SN II,SNII,SNII,0.4840559999999999,1,3,0.4840559999999999,0.2729039999999999,0.5279018245041653,0.9959999999999998,0.486,0.7848917295497133,0.6720018319226979,0.7266490605607294,0.9999981019531924,0.8705407679595135,0.8619884356651311,0.9886878249670757
ZTF22abyivoq,SN II,SNII,SNII,0.489056,1,2,0.489056,0.254388,0.521537999745314,0.986,0.496,0.7867796218601762,0.6465729293077126,0.7400311312088099,0.9999031271056247,0.87441809783826,0.8636119965424554,0.9861645751737583
ZTF21aamwqim,SN II,SNII,SNIbc,0.588,0,5,0.588,0.39799999999999996,0.6039794816468688,1.0,0.588,0.8867980674325668,0.8267930419374964,0.8377430298554366,1.0,0.5111707620422298,0.9061234562168109,0.8623467157105064
ZTF20acpqbfu,SN II,SNII,SNIa,0.416,0,1,0.416,0.09399999999999997,0.5471504836060939,1.0,0.416,0.5738501285363227,0.25736696982642787,0.648326926429986,1.0000000000000002,0.8501719576719576,0.6093164729202774,0.7225024315674506
ZTF18aacnlxz,SN II,SNII,SNIa,0.32642400000000005,0,4,0.32642400000000005,0.09567599999999998,0.4032669685430781,0.9380000000000003,0.3479999999999999,0.4938491081043073,0.27345263014206056,0.5408808559955628,0.9985613960393961,0.8487215993434153,0.668663186349361,0.7060233888792129
ZTF22aativsd,SN II,SNII,SNII,0.434,1,5,0.434,0.238,0.5177477981442993,1.0,0.434,0.7080368376817099,0.6016162281989291,0.658836813169694,0.9999999999999999,0.8645489503688297,0.8423444007801474,0.9702211841757626
ZTF20abjbgjj,SN II,SNII,SNIbc,0.504,0,5,0.504,0.182,0.5947119994315002,1.0,0.504,0.7174262110234335,0.4708704560632303,0.7386449966460955,1.0,0.5111707620422298,0.7530608234227533,0.5938793893488264
ZTF23abbzhug,SN II,SNII,SNII,0.38180800000000004,1,2,0.38180800000000004,0.148048,0.4596152186535847,0.9740000000000002,0.39199999999999996,0.6037793151231422,0.41306613063985426,0.5981602568590383,0.999791687240014,0.87441809783826,0.7322611062049285,0.9099073354282523
ZTF19abxnycf,SN II,SNII,SNII,0.38298,1,3,0.38298,0.15711999999999998,0.4680331674498922,0.982,0.39,0.6007560177069983,0.42591083082212855,0.5933529749924646,0.999960481422121,0.8705407679595135,0.7536481537886157,0.9071535580134902
ZTF25aasfogb,SN II,SNII,SNII,0.42592,1,1,0.42592,0.021296000000000037,0.5394771287647285,0.968,0.44000000000000006,0.5169522872873319,0.05807798968456512,0.7073220888748876,0.9998961506874381,0.8811660561660561,0.39686391321191455,0.4827066545592175
ZTF22abybbud,SN II,SNII,SNII,0.27451200000000003,1,4,0.27451200000000003,0.087892,0.21683469290386137,0.6020000000000001,0.45599999999999996,0.5446513115611302,0.3226869548016614,0.5059625733849775,0.8205146947785853,0.8738761732007377,0.6729889680050665,0.11267757778349999
ZTF20acvevsn,SN II,SNII,SNIbc,0.508,0,2,0.508,0.21400000000000002,0.5761914400557966,1.0,0.508,0.7523573284271768,0.5441408119510893,0.7474217811713373,1.0,0.49859770604050213,0.8075679754999876,0.6262914225289479
ZTF22abaegxq,SN II,SNII,SNII,0.5381360000000001,1,1,0.5381360000000001,0.21211200000000002,0.5833409119894708,0.9820000000000002,0.5479999999999999,0.7534221016951742,0.5182584241061757,0.7751718870575998,0.9999609078549277,0.8811660561660561,0.771513698317023,0.9736285111916629
ZTF21abvcxel,SN II,SNII,SNII,0.48211200000000004,1,5,0.48211200000000004,0.263872,0.5334607102388504,0.9920000000000002,0.48599999999999993,0.7707593813083201,0.6542608277221618,0.7274572008339677,0.9999657334672909,0.8645489503688297,0.8563082192567226,0.9844429020651798
ZTF22abcfics,SN II,SNII,SNII,0.51,1,2,0.51,0.326,0.5467400011597199,1.0,0.51,0.8252381483538205,0.7499744229382769,0.7605396220999241,0.9999999999999998,0.87441809783826,0.908582281033594,0.9960904923049269
ZTF21abhhrpj,SN II,SNII,SNII,0.537536,1,5,0.537536,0.375912,0.4466597611621196,0.908,0.592,0.9090060897876947,0.8572020528346166,0.8528721777332517,0.9986957062395875,0.8645489503688297,0.9139425436534845,0.9988973416185111
ZTF25aabaanf,SN II,SNII,SNII,0.31820799999999994,1,1,0.31820799999999994,0.043647999999999965,0.2458239483396274,0.704,0.45199999999999996,0.5508624292834212,0.15986425283263556,0.6451383928807275,0.969677771731305,0.8811660561660561,0.5102069527212694,0.7132486836527923
ZTF25aafibim,SN II,SNII,SNII,0.4086,1,4,0.4086,0.19976000000000002,0.3863243565053217,0.908,0.45,0.7171621769490694,0.5666260523768971,0.670066345250629,0.9979225520462656,0.8738761732007377,0.8377401822260201,0.9563453676095772
ZTF23abnevza,SN II,SNII,SNIa,0.440548,0,4,0.440548,0.22667199999999998,0.415615270279031,0.9139999999999999,0.48200000000000004,0.751405659149209,0.6114723413468263,0.7104461465316855,0.9983927845648123,0.8487215993434153,0.851143932017381,0.9604945519231601
ZTF20aahqbsr,SN II,SNII,SNII,0.606784,1,3,0.606784,0.42913999999999997,0.605548635431284,0.998,0.608,0.9030289998763326,0.8518897664877289,0.8541985938682475,0.9999995313508697,0.8705407679595135,0.9145373649699027,0.9988411090215283
ZTF19aapbfot,SN II,SNII,SNII,0.57,1,1,0.57,0.37799999999999995,0.5795570491829496,1.0,0.57,0.8803666946938741,0.8101094233017171,0.8241835172261568,1.0,0.8811660561660561,0.9061822747937652,0.998135320763128
ZTF19abrlvij,SN II,SNII,SNII,0.3995040000000001,1,4,0.3995040000000001,0.16924800000000007,0.4758615989011028,0.9840000000000002,0.40599999999999997,0.6326675567641513,0.457055706933139,0.6147318848931715,0.9999784982302462,0.8738761732007377,0.7854846890462988,0.933095063765264
ZTF22aamgumi,SN II,SNII,SNIa,0.33862400000000004,0,4,0.33862400000000004,0.09812400000000002,0.434897193600569,0.9620000000000002,0.352,0.5036209790874417,0.27639260580356445,0.548070305715976,0.9994229746086446,0.8487215993434153,0.6680140161036249,0.6996740489554386
ZTF23aadtzse,SN II,SNII,SNII,0.215888,1,1,0.215888,0.035632,0.1326177966535811,0.524,0.412,0.43802747577765,0.14996286000854342,0.410918884174838,0.7779378035732045,0.8811660561660561,0.5018916888337048,0.34888979957318256
ZTF20abqferm,SN II,SNII,SNII,0.556,1,1,0.556,0.24400000000000005,0.6131590909389291,1.0,0.556,0.7838886343421171,0.5791172989010099,0.7881032232128253,1.0,0.8811660561660561,0.8067024928478725,0.9847354323816758
ZTF21acdoyqt,SN II,SNII,SNII,0.41496,1,4,0.41496,0.21736,0.4863953050701366,0.988,0.42,0.6689020188589131,0.5498055446714075,0.631699380425413,0.9999814270369798,0.8738761732007377,0.8370654624883244,0.9517707004263435
ZTF25aacldzw,SN II,SNII,SNII,0.5745320000000002,1,5,0.5745320000000002,0.3101280000000001,0.5948796862223795,0.9940000000000002,0.5780000000000001,0.8494855544864032,0.7159353313848509,0.8212326523155014,0.9999973349946434,0.8645489503688297,0.8693358015677887,0.9952884359139813
ZTF19abjsmmv,SN II,SNII,SNIa,0.3904560000000001,0,5,0.3904560000000001,0.07690800000000003,0.5024685709824144,0.9860000000000001,0.396,0.5508798379870251,0.22433733258680394,0.6322298419767904,0.9999738913878928,0.8434083693857094,0.585878526979192,0.8734137345584092
ZTF23aahngej,SN II,SNII,SNII,0.568,1,5,0.568,0.32599999999999996,0.5895173972987742,1.0,0.568,0.8627386820705002,0.7498797054716851,0.8224095294268382,1.0,0.8645489503688297,0.8824677898415862,0.9964322492559535
ZTF22abnejmu,SN II,SNII,SNIbc,0.434,0,4,0.434,0.066,0.561593656240944,1.0,0.434,0.5725912789201094,0.18246091516621038,0.6919820507796544,1.0,0.5038357489552927,0.5133006097251761,0.42152489958097283
ZTF21aagtqna,SN II,SNII,SNII,0.522,1,1,0.522,0.16400000000000003,0.6192416225162515,1.0,0.522,0.6974214578900788,0.40705041876338793,0.7534057110478086,1.0,0.8811660561660561,0.6957687539512272,0.9330454679031889
ZTF24aarxxmm,SN II,SNII,SNII,0.37476800000000005,1,1,0.37476800000000005,0.093692,0.3397901047732558,0.794,0.47200000000000003,0.6287484717876881,0.30649643790642744,0.6761662554959667,0.9768560902951643,0.8811660561660561,0.6382716974244135,0.8216189666103664
ZTF24aapexhw,SN II,SNII,SNII,0.33931999999999995,1,5,0.33931999999999995,0.07584800000000003,0.49242658239507187,0.9979999999999998,0.34,0.47640873602813194,0.2157694091414748,0.5433842260467711,0.9999997062408906,0.8645489503688297,0.6015064574445488,0.5283083935680771
ZTF21achltea,SN II,SNII,SNII,0.373252,1,4,0.373252,0.13971999999999998,0.498251104607342,0.998,0.374,0.5592545487552701,0.37135837290937707,0.57345466835579,0.9999991707756819,0.8738761732007377,0.7369400200890991,0.8582356818589805
ZTF21aamwvhr,SN II,SNII,SNIbc,0.346,0,3,0.346,0.08399999999999996,0.50534990444007,1.0,0.346,0.47075558719571187,0.22500175244851223,0.5582460890878824,1.0,0.4967890951237502,0.6179120562679222,0.23451738429365793
ZTF23aaenlmq,SN II,SNII,SNII,0.446,1,4,0.446,0.04799999999999999,0.5943877617776633,1.0,0.446,0.5497906080316863,0.1279238585934785,0.7047661624433311,1.0,0.8738761732007377,0.4525972840917666,0.5388301631818528
ZTF24aboafrj,SN II,SNII,SNII,0.4446,1,3,0.4446,0.223288,0.501916175718136,0.988,0.45,0.7140108199651957,0.5741921225057393,0.6765525519214199,0.9999812260718816,0.8705407679595135,0.8240188392931697,0.9795302923947148
ZTF20acgided,SN II,SNII,SNII,0.538,1,2,0.538,0.34,0.5610419298707799,1.0,0.538,0.8551917693340372,0.7734670282319078,0.794518892627009,1.0,0.87441809783826,0.9148938082949876,0.9969917788994591
ZTF19accbeju,SN II,SNII,SNIa,0.316,0,5,0.316,0.0,0.5205482264659564,1.0,0.316,0.357529935568062,0.0,0.5725603422801133,0.9999999999999999,0.8434083693857094,0.3934580231345812,0.6278701191568544
ZTF23aadndfn,SN II,SNII,SNIbc,0.4040000000000001,0,4,0.4040000000000001,0.09000000000000002,0.5313974319278446,1.0000000000000002,0.40399999999999997,0.5701082076869999,0.2528748294711093,0.6362871378911984,1.0,0.5038357489552927,0.6082462747952978,0.4216436241613572
ZTF20acpgokr,SN II,SNII,SNIbc,0.342,0,3,0.342,0.006000000000000005,0.5139542725480448,1.0,0.342,0.430914773409794,0.01746340309835165,0.5892220345737536,1.0,0.4967890951237502,0.4147084550039182,0.33030414381480805
ZTF23aaggwfh,SN II,SNII,SNIa,0.4202959999999999,0,4,0.4202959999999999,0.15908399999999995,0.48604746856183056,0.9819999999999998,0.428,0.6603960095898409,0.44194564917431567,0.6507231109809373,0.9999378596252695,0.8487215993434153,0.7634308292492489,0.9088508728336605
ZTF19aaugaam,SN II,SNII,SNII,0.421848,1,3,0.421848,0.211896,0.4667200449328859,0.972,0.434,0.694986712011783,0.5589456924540356,0.653284415378307,0.9998327503933261,0.8705407679595135,0.8201406122884698,0.9558999732377469
ZTF25aauhbec,SN II,SNII,SNII,0.38515200000000005,1,4,0.38515200000000005,0.17558400000000002,0.4230289658413672,0.9440000000000002,0.408,0.6391953377343677,0.48400301461762796,0.6125539651653368,0.9986038993454321,0.8738761732007377,0.8044966673898367,0.930202361845185
ZTF19acignlo,SN II,SNII,SNII,0.422,1,1,0.422,0.15799999999999997,0.5212293023149007,1.0,0.422,0.6500409006164491,0.4314427129519459,0.6422145854416654,1.0,0.8811660561660561,0.7532318698937975,0.9566124017057471
ZTF22aalorla,SN II,SNII,SNII,0.34521599999999997,1,1,0.34521599999999997,0.08537600000000001,0.3999111780571255,0.9279999999999998,0.37200000000000005,0.5207927583280382,0.25164311527767086,0.5846282470286703,0.99855979396027,0.8811660561660561,0.6346506394647262,0.6221614761479279
ZTF19aanfnvl,SN II,SNII,SLSN,0.3464999999999999,0,2,0.3464999999999999,0.0019799999999999818,0.5001661079245346,0.9899999999999998,0.35,0.4328064764307073,0.005786947764417794,0.6065811799651253,0.9999884560139871,0.32107454401268837,0.3688927606216489,0.2876854055742886
ZTF19abjpntj,SN II,SNII,SNII,0.5414240000000001,1,4,0.5414240000000001,0.24700000000000005,0.5702912206989822,0.9880000000000002,0.548,0.7914139603108724,0.5995283847185755,0.785257494875487,0.9999933398110747,0.8738761732007377,0.824806773779288,0.9811740008769069
ZTF21abqvzjy,SN II,SNII,SNIbc,0.465068,0,1,0.465068,0.253492,0.5261517829248317,0.998,0.46599999999999997,0.7479195484064838,0.6279310613386433,0.6967808403960967,0.9999996035942439,0.4917064865161751,0.8562630677599181,0.6162165892108278
ZTF22aagvgwl,SN II,SNII,SNII,0.44,1,3,0.44,0.216,0.525083438650402,1.0,0.44,0.6965064961763516,0.5527597700038145,0.6630894931559688,1.0,0.8705407679595135,0.8152094625580909,0.9498633380412057
ZTF19abkxeft,SN II,SNII,SNII,0.40885200000000005,1,4,0.40885200000000005,0.219924,0.32951480472680283,0.738,0.554,0.7734058962744376,0.6449987628068469,0.7081531916152249,0.9396281739044224,0.8738761732007377,0.8726482413479103,0.9910699533524049
ZTF19acanzwg,SN II,SNII,SLSN,0.43776,0,4,0.43776,0.16703999999999997,0.4992992840082644,0.96,0.456,0.6582268304710752,0.4429909102534583,0.6734857782267389,0.9991378621848971,0.3065797104880041,0.7567044523613387,0.22214335944226027
ZTF24abcyfru,SN II,SNII,SNII,0.3832320000000001,1,2,0.3832320000000001,0.11776400000000004,0.5052044353769821,0.9980000000000002,0.384,0.5720449170561003,0.33055752408731043,0.5956435537336292,0.999998890789074,0.87441809783826,0.6619782620615879,0.8721163957958278
ZTF19acwrrvg,SN II,SNII,SNII,0.478,1,3,0.478,0.29,0.533314660970166,1.0,0.478,0.7777614722776385,0.6899439553090355,0.7157276408716644,1.0000000000000002,0.8705407679595135,0.8723781716095248,0.9884644357665845
ZTF21aanzcuj,SN II,SNII,SNII,0.55044,1,5,0.55044,0.20988000000000007,0.6163617582349639,0.99,0.556,0.7524099137847342,0.5128822281395825,0.7798323233697417,0.9999965981469622,0.8645489503688297,0.7710618057608999,0.9715912320838596
ZTF23aaaigqy,SN II,SNII,SNII,0.4427999999999999,1,4,0.4427999999999999,0.14956799999999998,0.5080594303725361,0.9839999999999998,0.45,0.6710218690646629,0.4137444550055258,0.6853366384240198,0.9999696481558707,0.8738761732007377,0.729815033805369,0.8714774976917224
ZTF19acbwejj,SN II,SNII,SNII,0.34131599999999995,1,1,0.34131599999999995,0.07185600000000003,0.4987091115434308,0.9979999999999998,0.342,0.4603549141312116,0.19454679857567125,0.5540589635479952,0.9999994866767838,0.8811660561660561,0.5999427051005526,0.5206192033737889
ZTF19abpyqog,SN II,SNII,SNII,0.4532639999999999,1,4,0.4532639999999999,0.10933999999999994,0.5474148076253706,0.9939999999999998,0.456,0.6315096599273272,0.299213245753681,0.7039963638969666,0.9999979916879269,0.8738761732007377,0.6222427343723034,0.7812764511878721
ZTF19acchaza,SN II,SNII,SNII,0.466,1,5,0.466,0.24000000000000002,0.5383268206352008,1.0,0.466,0.7419976181454233,0.6098159243851684,0.702907260022662,1.0,0.8645489503688297,0.8396084384055698,0.9851734204893627
ZTF18aaewdgq,SN Ib,SNIbc,SNIa,0.2933760000000001,0,4,0.2933760000000001,0.08098400000000003,0.2556433076043275,0.7640000000000001,0.38400000000000006,0.5373657812248254,0.2838693674865699,0.5409786280375771,0.9646102166285357,0.8487215993434153,0.675699811800993,0.6570321514878612
ZTF18aakkrjm,SN Ib,SNIbc,SNIbc,0.499,1,3,0.499,0.20958,0.561752150031958,0.998,0.5,0.7481474600780217,0.5387210976885273,0.7407334752238606,0.9999992452619079,0.4967890951237502,0.7893526864385011,0.5784824288915243
ZTF18abeamgv,SN Ib,SNIbc,SNIbc,0.5952000000000001,1,1,0.5952000000000001,0.3610880000000001,0.5896599899306093,0.9920000000000001,0.6,0.881452652385397,0.7806038803551434,0.8428387060239697,0.9999964950731806,0.4917064865161751,0.892697383462407,0.8045413618745116
ZTF18abjyjdz,SN Ib,SNIbc,SNIbc,0.5292,1,2,0.5292,0.32536,0.5215173010417127,0.9800000000000001,0.5399999999999999,0.8526050289581718,0.7619242211610574,0.7951896476612295,0.9999613992775681,0.49859770604050213,0.9108764856965408,0.759756450647686
ZTF18acnncve,SN Ib,SNIbc,SNIbc,0.43400000000000005,1,3,0.43400000000000005,0.138,0.538179661574419,1.0000000000000002,0.43399999999999994,0.6418051594767292,0.37942121250911437,0.6652077693808774,1.0,0.4967890951237502,0.6975144160655599,0.44910025996452624
ZTF19aailsge,SN Ib,SNIbc,SNIbc,0.5756880000000001,1,5,0.5756880000000001,0.42429600000000006,0.5671834654481637,0.9960000000000002,0.578,0.9048954240816605,0.8674249505262361,0.8464034794034496,0.999999385048131,0.5111707620422298,0.9169870309485431,0.8500944314028304
ZTF19aakirwj,SN Ib,SNIbc,SNIbc,0.49697999999999987,1,1,0.49697999999999987,0.2989799999999999,0.5271756009621169,0.9899999999999998,0.502,0.794768732307571,0.7010895093832145,0.7421553668393133,0.9999858142105941,0.4917064865161751,0.8799576455835598,0.6268400215886863
ZTF19aalouag,SN Ib,SNIbc,SLSN,0.44,0,2,0.44,0.08400000000000002,0.5783584588294938,1.0,0.44,0.5813241557069058,0.22788825342635188,0.6797973987892219,1.0,0.32107454401268837,0.5601977904437453,0.05496215062299633
ZTF19aamgghn,SN Ib,SNIbc,SNIbc,0.676644,1,2,0.676644,0.499,0.6471385448376084,0.998,0.678,0.9475534183348518,0.9065968734417303,0.9119788394625544,0.9999993847276107,0.49859770604050213,0.9511345656251879,0.9339439851762774
ZTF19aaoxvfe,SN Ib,SNIbc,SNIbc,0.5020000000000001,1,4,0.5020000000000001,0.30800000000000005,0.5452054808489137,1.0000000000000002,0.502,0.8062785601921675,0.7179504849560657,0.7455322954548016,1.0,0.5038357489552927,0.8906237024048992,0.7255055375794244
ZTF19aatesgp,SN Ib,SNIbc,SNIbc,0.660676,1,3,0.660676,0.477044,0.6402663757389644,0.998,0.662,0.9363681102192348,0.8894029208022574,0.8973144342263838,0.9999990261457938,0.4967890951237502,0.9215859480519939,0.9080733831750969
ZTF19abqqrgy,SN Ib,SNIbc,SNIbc,0.428,1,1,0.428,0.08799999999999997,0.5579165543923643,1.0,0.428,0.5808814082499167,0.2406062474533544,0.6670387461063034,1.0000000000000002,0.4917064865161751,0.5849928519621611,0.4491794539682061
ZTF19abqwtfu,SN Ib,SNIbc,SNIbc,0.389272,1,5,0.389272,0.169936,0.4823639640992552,0.988,0.394,0.6175674988954573,0.4602663368808216,0.6025997834326785,0.9999783712979475,0.5111707620422298,0.773987609833994,0.4077231693580202
ZTF19abqxibq,SN Ib,SNIbc,SNIbc,0.32473599999999997,1,2,0.32473599999999997,0.0037760000000000016,0.42618797690216714,0.9439999999999998,0.34400000000000003,0.4212400898466993,0.011415271684306283,0.5945959984020667,0.9994880403720229,0.49859770604050213,0.3824066531616477,0.3252086683355215
ZTF19abrirmk,SN Ib,SNIbc,SNIa,0.468,0,3,0.468,0.0,0.6611933557324622,1.0,0.468,0.4984861407551715,0.0,0.737059754563947,1.0,0.8445060947109149,0.36162633347063744,0.5562998374381161
ZTF19abvdgqo,SN Ib,SNIbc,SNIbc,0.54,1,1,0.54,0.24000000000000005,0.5993856838482778,1.0,0.54,0.7783976905470793,0.5797405268324137,0.7742983133475271,0.9999999999999999,0.4917064865161751,0.8106203610315617,0.6539004903733759
ZTF19abztknu,SN Ib,SNIbc,SNIbc,0.524388,1,4,0.524388,0.28870799999999996,0.5304197131712013,0.982,0.5339999999999999,0.8256679569102321,0.6971583094492663,0.780990014501796,0.9999615266458185,0.5038357489552927,0.8752786053952016,0.734441842104428
ZTF19acbmojx,SN Ib,SNIbc,SNIbc,0.674,1,5,0.674,0.47800000000000004,0.6543051217655692,1.0,0.674,0.9424537954576003,0.892853516993877,0.908630914358377,1.0,0.5111707620422298,0.9179119015297935,0.91518108034495
ZTF19acdabep,SN Ib,SNIbc,SNIbc,0.542,1,5,0.542,0.31800000000000006,0.573157260966922,1.0,0.542,0.8454155136423084,0.7425630042950397,0.7961902172852691,0.9999999999999999,0.5111707620422298,0.8830404247554094,0.7688825242702797
ZTF19ackjjwf,SN Ib,SNIbc,SNIbc,0.496,1,2,0.496,0.15000000000000002,0.5892372878633909,1.0,0.496,0.6859464350457569,0.3915688778929121,0.7388497114497958,1.0,0.49859770604050213,0.6993059101988846,0.5489818632403294
ZTF19acmelor,SN Ib,SNIbc,SNIbc,0.5199119999999999,1,4,0.5199119999999999,0.254976,0.5664487750254038,0.9959999999999998,0.522,0.7855804808118385,0.6218307591048923,0.7589589994131142,0.9999987031633855,0.5038357489552927,0.8439511286380974,0.6890096385149187
ZTF19adcfsad,SN Ib,SNIbc,SNIbc,0.6586800000000002,1,3,0.6586800000000002,0.4950080000000001,0.6324809273006422,0.9980000000000002,0.66,0.9417518144869439,0.9053996911621847,0.9010471515674868,0.9999991954544999,0.4967890951237502,0.9256865611294234,0.916025424336366
ZTF20aaertpj,SN Ib,SNIbc,SNIbc,0.538356,1,4,0.538356,0.27213599999999993,0.5615399957996259,0.986,0.5459999999999999,0.8094308444507459,0.6520907829081334,0.7834183248723158,0.9999648781826019,0.5038357489552927,0.8536277816590755,0.7207357877642862
ZTF20aajcdad,SN Ib,SNIbc,SNIbc,0.548,1,5,0.548,0.25000000000000006,0.6028268756465162,1.0,0.548,0.7959353253727481,0.6096572199203306,0.788095955106365,0.9999999999999999,0.5111707620422298,0.8256043870124736,0.699179255324813
ZTF20aakodyh,SN Ib,SNIbc,SNIbc,0.472,1,2,0.472,0.184,0.5596504173000932,1.0,0.472,0.7027143641382394,0.4825143270984502,0.7046959110352252,1.0,0.49859770604050213,0.7698418073983466,0.5711160447995425
ZTF20aalcyih,SN Ib,SNIbc,SNIbc,0.5349280000000001,1,4,0.5349280000000001,0.36327200000000004,0.5527436380529744,0.9980000000000002,0.5359999999999999,0.8549991193410864,0.7942142004999622,0.78993209327387,0.999998962474758,0.5038357489552927,0.9104096761242051,0.7890091807565345
ZTF20aavzffg,SN Ib,SNIbc,SNIbc,0.61,1,5,0.61,0.43999999999999995,0.6061050738312626,1.0,0.61,0.9159317528318593,0.8723767392023306,0.867166619034127,1.0,0.5111707620422298,0.916317203028178,0.8906266537431115
ZTF20aaxvzja,SN Ib,SNIbc,SNIa,0.4723200000000001,0,3,0.4723200000000001,0.17515200000000003,0.5289004825194321,0.9840000000000002,0.48,0.7053445442781752,0.46653994048322484,0.7159062266989418,0.9999793681323487,0.8445060947109149,0.748394357125544,0.8988440043776753
ZTF20aazhyrs,SN Ib,SNIbc,SNIbc,0.458,1,5,0.458,0.24200000000000002,0.5301223328412195,1.0,0.458,0.7407520066390351,0.6172955434002858,0.6936349170290463,0.9999999999999999,0.5111707620422298,0.844777345480693,0.5969161932712649
ZTF20abbpkng,SN Ib,SNIbc,SNIbc,0.49632,1,4,0.49632,0.25695999999999997,0.47848197540201254,0.88,0.564,0.8136025846484216,0.664404737703245,0.773385554325889,0.9811634626388069,0.5038357489552927,0.8663123257512925,0.7596603767977532
ZTF20abhlncz,SN Ib,SNIbc,SNIbc,0.58,1,5,0.58,0.30399999999999994,0.612734272902562,1.0,0.58,0.8442120791653339,0.7004736315620281,0.82173578025719,1.0,0.5111707620422298,0.8628119258140705,0.7727235820468982
ZTF20abjpvce,SN Ib,SNIbc,SNIbc,0.534928,1,3,0.534928,0.311376,0.5606831101825355,0.998,0.5359999999999999,0.8384005155688341,0.7293108600659272,0.7867360852415402,0.9999992980469441,0.4967890951237502,0.8779174259365294,0.7239042812607576
ZTF20abvquuo,SN Ib,SNIbc,SNIbc,0.61752,1,3,0.61752,0.44421599999999994,0.6023165202473566,0.996,0.62,0.9171090651316307,0.870058799588812,0.8692098968763642,0.9999990925153367,0.4967890951237502,0.9183957669829297,0.8878443262733731
ZTF20acjbzrh,SN Ib,SNIbc,SNIbc,0.543616,1,2,0.543616,0.369024,0.5434788116916691,0.992,0.548,0.8712195125544169,0.8107583313962139,0.8078188210100793,0.9999971597546138,0.49859770604050213,0.9269817675557901,0.7845516589862302
ZTF20acpzaoa,SN Ib,SNIbc,SNIbc,0.526524,1,4,0.526524,0.307632,0.5327341599101971,0.986,0.534,0.8365852152331823,0.7279706423484845,0.7834960676647037,0.9999794257913038,0.5038357489552927,0.8876301240214804,0.7375290358790426
ZTF20acvebcu,SN Ib,SNIbc,SNIbc,0.552,1,3,0.552,0.29200000000000004,0.586679772119916,1.0,0.552,0.8292988095032271,0.6865830996869358,0.796920369816907,1.0,0.4967890951237502,0.8585362095577668,0.7581418331400978
ZTF20acxqxyw,SN Ib,SNIbc,SNIbc,0.6626719999999999,1,4,0.6626719999999999,0.423152,0.6626904957966093,0.9979999999999999,0.664,0.9097828330858555,0.8244784243836041,0.8803234603806602,0.9999993749177996,0.5038357489552927,0.906308472375054,0.8728504107012934
ZTF21aaqhhfu,SN Ib,SNIbc,SNIbc,0.618,1,3,0.618,0.354,0.6398351684521553,1.0,0.618,0.8719545823381554,0.7525265678825498,0.8456963227826585,1.0,0.4967890951237502,0.8808989893497062,0.8160276164082031
ZTF21aaqwfqe,SN Ib,SNIbc,SNIbc,0.512972,1,2,0.512972,0.197604,0.5843637936641142,0.998,0.514,0.7379553664374775,0.5025817342467366,0.752009186987246,0.9999989642454236,0.49859770604050213,0.7812124265113466,0.6151284366840071
ZTF21aarnjyd,SN Ib,SNIbc,SNIbc,0.5049520000000001,1,1,0.5049520000000001,0.27832,0.5376649917311491,0.9940000000000001,0.508,0.801280011422216,0.6767109360112673,0.7510618695444463,0.9999974811295146,0.4917064865161751,0.8666465729490181,0.5111028421751554
ZTF21aaufwyh,SN Ib,SNIbc,SNIbc,0.5169640000000001,1,1,0.5169640000000001,0.17165600000000003,0.6020472851308112,0.9980000000000002,0.518,0.7077799925237908,0.4306293631999199,0.7526136633615556,0.9999984393342719,0.4917064865161751,0.7146569713389944,0.5698345756537057
ZTF21aawogdl,SN Ib,SNIbc,SNIbc,0.6957999999999999,1,1,0.6957999999999999,0.4810959999999999,0.6738419522498418,0.9939999999999997,0.7000000000000001,0.9358961470406771,0.8749701871545623,0.9068660450743787,0.9999974238794703,0.4917064865161751,0.9156513504842432,0.9006050998627214
ZTF21aayddkn,SN Ib,SNIbc,SNIbc,0.46,1,4,0.46,0.184,0.5397639065029938,1.0,0.46,0.7065203383550053,0.49118406225852007,0.6941424036040844,0.9999999999999999,0.5038357489552927,0.7836621679872953,0.47951498687564764
ZTF21aayqrgx,SN Ib,SNIbc,SNIbc,0.595608,1,2,0.595608,0.330672,0.6133067150891228,0.9959999999999999,0.5980000000000001,0.859910301570359,0.731661233287612,0.8332581026683444,0.999998909624066,0.49859770604050213,0.9006724753315317,0.8175952032145053
ZTF21abahiow,SN Ib,SNIbc,SNIbc,0.484,1,4,0.484,0.2,0.5626657753830984,1.0,0.484,0.7226637620421361,0.5135331049443188,0.716895621151246,1.0,0.5038357489552927,0.7913980628103888,0.6012151761939
ZTF21abccaue,SN Ib,SNIbc,SNII,0.35964000000000007,0,2,0.35964000000000007,0.13024800000000003,0.44613399652757124,0.9720000000000002,0.37,0.5546387380252005,0.3617581047532016,0.5687843770901244,0.9999097718792082,0.87441809783826,0.7019941012874862,0.7885219337979902
ZTF21abcgnql,SN Ib,SNIbc,SNIbc,0.52,1,4,0.52,0.186,0.5995492845146145,1.0,0.52,0.7248229912855948,0.465969820047437,0.7564874263188478,1.0000000000000002,0.5038357489552927,0.7442880091337737,0.6013690449176026
ZTF21abdkojo,SN Ib,SNIbc,SNIbc,0.4492880000000001,1,2,0.4492880000000001,0.053676,0.5800504197464748,0.9940000000000002,0.45199999999999996,0.5614182465920675,0.14503271379017046,0.711999492654537,0.9999971922059571,0.49859770604050213,0.4826092700023445,0.4698099419514344
ZTF21abieuta,SN Ib,SNIbc,SNIbc,0.4274199999999999,1,5,0.4274199999999999,0.15705199999999997,0.5163529035672043,0.9939999999999998,0.43,0.6581227022066927,0.4372539216216413,0.6594096867703005,0.9999971834499404,0.5111707620422298,0.7481442730304377,0.48203907796233925
ZTF21abimnii,SN Ib,SNIbc,SNIbc,0.398,1,4,0.398,0.11600000000000005,0.51623903976403,1.0,0.398,0.5920923171922499,0.32641810173693603,0.6165570314330633,0.9999999999999999,0.5038357489552927,0.6839625874562836,0.34027742563410796
ZTF21abmxiuf,SN Ib,SNIbc,SNII,0.5309360000000001,0,2,0.5309360000000001,0.281436,0.5772804990030347,0.9980000000000002,0.5319999999999999,0.8053011077157234,0.6686615557858343,0.7699744704615141,0.9999997698929384,0.87441809783826,0.8754693510319018,0.9906589179904836
ZTF21abngbrl,SN Ib,SNIbc,SNIa,0.373744,0,1,0.373744,0.059640000000000026,0.5069393944525389,0.994,0.376,0.5141032851924895,0.17083573940318003,0.6074562576969467,0.9999928681350205,0.8501719576719576,0.5466070190452554,0.546776878089556
ZTF21abplhpw,SN Ib,SNIbc,SNIbc,0.47200000000000003,1,1,0.47200000000000003,0.274,0.5318152920757988,1.0,0.47200000000000003,0.7635377486422693,0.6620836120048165,0.7052209777530164,1.0,0.4917064865161751,0.8702810961995755,0.6248707662438036
ZTF21abrqrsz,SN Ib,SNIbc,SNIa,0.22704,0,3,0.22704,0.03164799999999998,0.19129551125453015,0.6880000000000001,0.32999999999999996,0.3903663148790881,0.11552233996624844,0.45573291270526195,0.9299302225895755,0.8445060947109149,0.5453059781559121,0.5719704242695588
ZTF21acdxhuv,SN Ib,SNIbc,SNIbc,0.498,1,2,0.498,0.248,0.5553526012424386,1.0,0.498,0.7759100846528004,0.6221646692473269,0.7394900617178252,1.0000000000000002,0.49859770604050213,0.8522063315316675,0.6585212289970463
ZTF21aceehxt,SN Ib,SNIbc,SNIbc,0.6367239999999998,1,4,0.6367239999999998,0.3852279999999999,0.6472712126344526,0.9979999999999998,0.638,0.8893501816264568,0.7868462104594485,0.8599907355683166,0.9999998411189034,0.5038357489552927,0.8963583493814591,0.8453957680150561
ZTF21achgfbk,SN Ib,SNIbc,SNIbc,0.412984,1,2,0.412984,0.1482,0.49617959523514665,0.988,0.41800000000000004,0.6383415274627547,0.4136366693707769,0.6402573484979183,0.9999755400710117,0.49859770604050213,0.7223638374990846,0.43280556870353754
ZTF21aciwixf,SN Ib,SNIbc,SNIbc,0.4203120000000001,1,2,0.4203120000000001,0.13744800000000001,0.5159701329675044,0.9960000000000002,0.422,0.6385752555294869,0.3866856589506152,0.64994838956256,0.9999985610369123,0.49859770604050213,0.6958656589748202,0.3903916913541174
ZTF22aadnjsh,SN Ib,SNIbc,SNIbc,0.341156,1,5,0.341156,0.070992,0.47236165795782825,0.986,0.34600000000000003,0.48126975767488434,0.20531967531808515,0.557284249810589,0.9999691518536263,0.5111707620422298,0.5885050077710403,0.3450419027905391
ZTF22aadoihx,SN Ib,SNIbc,SNIbc,0.36926,1,4,0.36926,0.03393199999999996,0.516124459953878,0.998,0.37,0.49076401835486727,0.0985681056039105,0.6142952850627764,0.9999992831649334,0.5038357489552927,0.46565186219945837,0.4371882710267194
ZTF22aaebkwd,SN Ib,SNIbc,SNIbc,0.29561599999999993,1,5,0.29561599999999993,0.035711999999999966,0.47172168507421475,0.9919999999999997,0.29800000000000004,0.36949664368436547,0.09765854430656512,0.5058988629839116,0.9999956262449574,0.5111707620422298,0.5019154371599893,0.2993036077227752
ZTF22aaezyos,SN Ib,SNIbc,SNIbc,0.446,1,2,0.446,0.16599999999999998,0.5362563800012782,1.0,0.446,0.6813208130287501,0.4530487517031303,0.6788654193930631,1.0,0.49859770604050213,0.7464783610152393,0.47281381965473007
ZTF22aakpyqw,SN Ib,SNIbc,SNIbc,0.387224,1,1,0.387224,0.05788399999999999,0.520117123684483,0.9979999999999999,0.38800000000000007,0.5320986758731717,0.16682648081088725,0.6284921602040037,0.9999996288913636,0.4917064865161751,0.5315680792795783,0.3199568013012728
ZTF22aaolhhl,SN Ib,SNIbc,SNIbc,0.574,1,1,0.574,0.31199999999999994,0.6080440486830809,1.0,0.574,0.8399289063161076,0.7041377039802956,0.8097590020238723,1.0,0.4917064865161751,0.8672229532411918,0.7541256633189043
ZTF22aarbard,SN Ib,SNIbc,SNIbc,0.458,1,4,0.458,0.09400000000000003,0.5818872531996142,1.0,0.458,0.6068979186453414,0.2512092044472553,0.7034199226919329,1.0000000000000002,0.5038357489552927,0.5762128858516692,0.4828740373404685
ZTF22aatunnt,SN Ib,SNIbc,SNIa,0.309604,0,1,0.309604,0.074936,0.46307107442006745,0.986,0.314,0.4100184134387987,0.19465235844020068,0.5112430397071962,0.999937789501536,0.8501719576719576,0.6241744166880656,0.5902983084424381
ZTF22aazuotw,SN Ib,SNIbc,SNIbc,0.296116,1,5,0.296116,0.10470399999999999,0.282119488301549,0.818,0.362,0.5303345830701368,0.34292011114093246,0.5312198357541917,0.9838270830072733,0.5111707620422298,0.7054974688871628,0.3107756220733029
ZTF22abexkqi,SN Ib,SNIbc,SLSN,0.43,0,1,0.43,0.13,0.5334226401472418,1.0,0.43,0.6366493964983017,0.36081718672396257,0.6623283696839035,1.0,0.3341521793902746,0.6909751326944474,0.20701141221383643
ZTF22abfuwel,SN Ib,SNIbc,SNIbc,0.42400000000000004,1,3,0.42400000000000004,0.15399999999999997,0.5310189017213676,1.0000000000000002,0.42399999999999993,0.6357976990151508,0.4143914280724724,0.646581895556144,1.0,0.4967890951237502,0.730739919753652,0.5015480929366767
ZTF22abfyqsc,SN Ib,SNIbc,SNIbc,0.354144,1,1,0.354144,0.005711999999999995,0.46238454978532517,0.9520000000000001,0.372,0.45739804867430867,0.016957927862206956,0.632579608233796,0.9990920778894227,0.4917064865161751,0.3914645691072647,0.3932314897275184
ZTF22abkabeh,SN Ib,SNIbc,SNIbc,0.519808,1,4,0.519808,0.27180800000000005,0.547735534005032,0.992,0.524,0.805817003501372,0.6617054686310564,0.7673687358173382,0.9999966068984731,0.5038357489552927,0.8619859542534081,0.7005389642675487
ZTF22absibqa,SN Ib,SNIbc,SNIbc,0.46752,1,5,0.46752,0.225968,0.49399801578410985,0.974,0.48,0.7557483429000217,0.59918984100166,0.721000092503423,0.99995435856436,0.5111707620422298,0.8319444268875869,0.6187343760993873
ZTF22absphuu,SN Ib,SNIbc,SNIbc,0.43,1,3,0.43,0.10599999999999998,0.5423854570491056,1.0,0.43,0.6138060328461972,0.2970580811715393,0.6710123015158637,1.0,0.4967890951237502,0.6292264743893322,0.4054734870459664
ZTF23aaahtnj,SN Ib,SNIbc,SNIbc,0.404584,1,3,0.404584,0.10016399999999998,0.48974830085468646,0.982,0.41200000000000003,0.5980162738688062,0.2904313702727246,0.6459995563251697,0.9999671092592852,0.4967890951237502,0.6302734552809567,0.42952908547273994
ZTF23aadtrzd,SN Ib,SNIbc,SNII,0.296,0,4,0.296,0.006000000000000005,0.4955357737015458,1.0,0.296,0.34988661288218015,0.01627507721712801,0.5212494893794082,1.0,0.8738761732007377,0.42586097607154166,0.2489007267809339
ZTF23aajfdxf,SN Ib,SNIbc,SNIa,0.38024,0,5,0.38024,0.08036000000000004,0.48819359591997136,0.98,0.388,0.5416744822776257,0.2341175691503149,0.6185345843458716,0.9999235407131056,0.8434083693857094,0.5977240126116887,0.6790615104343873
ZTF23aanqoyo,SN Ib,SNIbc,SNIbc,0.29682,1,5,0.29682,0.011639999999999984,0.44362333946493726,0.97,0.306,0.3682044696135723,0.033493797591836516,0.5375073797680157,0.9998605887644687,0.5111707620422298,0.4355562340411848,0.23899768115839606
ZTF23aapbrrq,SN Ib,SNIbc,SNIbc,0.289664,1,1,0.289664,0.007935999999999999,0.4827615968775375,0.9919999999999999,0.29200000000000004,0.32818316878054044,0.020512743378467757,0.5341051146141671,0.9999851983575502,0.4917064865161751,0.4549842302098775,0.6399492887888942
ZTF23aaspcfl,SN Ib,SNIbc,SNIbc,0.414,1,4,0.414,0.18199999999999997,0.5175513725804963,1.0,0.414,0.6400634161872383,0.47363798636272225,0.6276026782447657,1.0,0.5038357489552927,0.7923788021616026,0.40466187408356735
ZTF23aawzdxd,SN Ib,SNIbc,SLSN,0.43456,0,3,0.43456,0.08148,0.506131494197675,0.97,0.448,0.5994460625774765,0.23049043869867214,0.702473823461019,0.9999213663598406,0.32347780476687044,0.5648727167658613,0.2689301446643341
ZTF23aaxuvkn,SN Ib,SNIbc,SNII,0.3690240000000001,0,5,0.3690240000000001,0.07539200000000001,0.49236451273023885,0.9920000000000002,0.372,0.532547736328444,0.22369915872086965,0.5955435937377767,0.9999952445252795,0.8645489503688297,0.5964219747946216,0.6407597171452977
ZTF23aazuzip,SN Ib,SNIbc,SNIbc,0.42064,1,1,0.42064,0.128104,0.46010766203302345,0.9560000000000001,0.44,0.6425201554425143,0.36619799341486015,0.6729863893093542,0.9998060019852193,0.4917064865161751,0.691861443190072,0.4521423658294285
ZTF23abbpswf,SN Ib,SNIbc,SNIbc,0.4810359999999999,1,5,0.4810359999999999,0.051896,0.633325870338654,0.9979999999999998,0.48200000000000004,0.564766354592603,0.1345623287680272,0.7364607001938761,0.9999989155288845,0.5111707620422298,0.4725961596359675,0.5426926675077016
ZTF23abjzkmx,SN Ib,SNIbc,SNIbc,0.460152,1,3,0.460152,0.06772800000000001,0.5904627550900983,0.996,0.462,0.5792270838167574,0.17999100355476577,0.7154917268068142,0.9999982133398644,0.4967890951237502,0.5185004967480153,0.4962004112962595
ZTF23abnpoqp,SN Ib,SNIbc,SNIa,0.41664,0,1,0.41664,0.013888000000000011,0.5554757801560672,0.992,0.42000000000000004,0.5057837834771445,0.03831022706979548,0.6991839632763368,0.9999852870158193,0.8501719576719576,0.3819199343806602,0.45834458556773766
ZTF23abovaur,SN Ib,SNIbc,SNIbc,0.30149600000000004,1,5,0.30149600000000004,0.007135999999999976,0.3534341288748225,0.8920000000000001,0.338,0.42997169454119627,0.02386523776475119,0.5751278205960859,0.9970009947818532,0.5111707620422298,0.4216107210890355,0.3999669492213814
ZTF24aaeczdw,SN Ib,SNIbc,SNIbc,0.41400000000000003,1,5,0.41400000000000003,0.122,0.5315074024474529,1.0000000000000002,0.4139999999999999,0.6094852779547764,0.3443239609046089,0.6435606157570066,0.9999999999999998,0.5111707620422298,0.6835243518302829,0.45399117125994765
ZTF24aakaiqs,SN Ib,SNIbc,SNIbc,0.34010000000000007,1,2,0.34010000000000007,0.06459999999999999,0.4166202651860781,0.9500000000000002,0.358,0.5029225292837143,0.1962962966202738,0.5722736090023461,0.9996522417160489,0.49859770604050213,0.5418636325305648,0.329582637993209
ZTF24aaymkrs,SN Ib,SNIbc,SNII,0.306552,0,3,0.306552,0.009639999999999982,0.4467755071547964,0.964,0.318,0.3748616071874821,0.026975808628279918,0.5612029579125375,0.9997385416685883,0.8705407679595135,0.44849587724966583,0.7580928333135654
ZTF25aavahfn,SN Ib,SNIbc,SNIbc,0.40964000000000006,1,2,0.40964000000000006,0.10976000000000002,0.4881835994844981,0.9800000000000002,0.418,0.6103431155932925,0.3169835247538278,0.6516102938260324,0.9999725356861968,0.49859770604050213,0.636722227105473,0.39108279607964413
ZTF18aaxiuyp,SN Ic,SNIbc,SNIbc,0.514968,1,1,0.514968,0.161676,0.6048230720160269,0.998,0.516,0.69609406288589,0.40605692807989185,0.750406807001549,0.9999997868171875,0.4917064865161751,0.6959511287246818,0.5610042906101242
ZTF18abdkkwa,SN Ic,SNIbc,SNIbc,0.632,1,2,0.632,0.384,0.6425762564177344,1.0,0.632,0.8927340469792578,0.7935518416823334,0.8621313514501145,0.9999999999999999,0.49859770604050213,0.9220148843310065,0.8685136133198254
ZTF18abecbks,SN Ic,SNIbc,SNIbc,0.714,1,2,0.714,0.564,0.6803686833816618,1.0,0.714,0.9634468130025794,0.938776337713538,0.9328340426269919,1.0,0.49859770604050213,0.9577911812557365,0.9512213937443451
ZTF18abeyqpr,SN Ic,SNIbc,SNIbc,0.5568840000000002,1,1,0.5568840000000002,0.3073840000000001,0.5813032717570885,0.9980000000000002,0.558,0.8402351136507856,0.7101437065252325,0.8028437766979875,0.9999997313351425,0.4917064865161751,0.871074420361688,0.7170071930269415
ZTF18abfzhct,SN Ic,SNIbc,SNIbc,0.612,1,1,0.612,0.33599999999999997,0.639573293283501,1.0,0.612,0.858015354413329,0.7231287564697253,0.8372079451044627,1.0,0.4917064865161751,0.8704548446752052,0.7875429499754328
ZTF18abkjnqy,SN Ic,SNIbc,SNIbc,0.37924,1,3,0.37924,0.11976000000000003,0.5018625178658849,0.998,0.38,0.5679504109934997,0.33401918134173036,0.5867343191895245,0.9999989126161436,0.4967890951237502,0.68613133255828,0.28751337640415997
ZTF18aceqrrs,SN Ic,SNIbc,CV/Nova,0.16279999999999997,0,5,0.16279999999999997,0.03968000000000001,0.0574673829162925,0.24999999999999994,0.286,0.3567404694403383,0.17346087197335563,0.24781411201929127,0.1525868376284129,0.5465747575184531,0.011749108663801551,0.06597120969007111
ZTF18achcpwu,SN Ic,SNIbc,SNIbc,0.28272,1,5,0.28272,0.10713600000000004,0.2175537217114515,0.744,0.38000000000000006,0.565512236531714,0.3838501577893626,0.5296111855173014,0.9693731211630926,0.5111707620422298,0.7352258691966851,0.33405587975320544
ZTF18acsjrbc,SN Ic,SNIbc,SNIbc,0.605568,1,3,0.605568,0.410352,0.5910686400900285,0.996,0.608,0.9099007676835754,0.8453601912762009,0.8618209188784778,0.9999993842126389,0.4967890951237502,0.9113098130913078,0.8561633917852242
ZTF18aczqzrj,SN Ic,SNIbc,SNIbc,0.616,1,1,0.616,0.286,0.6895307302293336,1.0,0.616,0.80826652283349,0.6187002557949766,0.8151080640660618,1.0,0.4917064865161751,0.8232768356516024,0.7284313447256013
ZTF18adasisj,SN Ic,SNIbc,SNIbc,0.318816,1,5,0.318816,0.070848,0.4620569571152595,0.984,0.324,0.43517874584372057,0.19613936690829373,0.5272367962313989,0.9999526930769029,0.5111707620422298,0.5857776457828968,0.20005063942746978
ZTF19aafmyow,SN Ic,SNIbc,SNIbc,0.520956,1,5,0.520956,0.315368,0.5520596339283045,0.998,0.522,0.8351659279718875,0.7441507448628196,0.7777765713407916,0.9999990315456776,0.5111707620422298,0.8858818929540445,0.7094893855246317
ZTF19aailcgs,SN Ic,SNIbc,SNIbc,0.552,1,4,0.552,0.3420000000000001,0.5746368128821702,1.0,0.552,0.8550673332980766,0.764753106478266,0.8017460853333098,1.0,0.5038357489552927,0.8983463577376025,0.8045346641035419
ZTF19aakpcuw,SN Ic,SNIbc,SNIbc,0.530936,1,4,0.530936,0.297404,0.5603036033181311,0.9979999999999999,0.532,0.828442678739408,0.7058093416938267,0.7803522430246672,0.999998550906696,0.5038357489552927,0.8791023533725563,0.7428328587745257
ZTF19aamsetj,SN Ic,SNIbc,SNIbc,0.53676,1,2,0.53676,0.30814,0.5546389450203426,0.9939999999999999,0.54,0.8420118849695014,0.7286021072323621,0.7927645989477632,0.9999924756731866,0.49859770604050213,0.8983544787856422,0.7458961368620131
ZTF19aanfukh,SN Ic,SNIbc,SNIbc,0.43800000000000006,1,1,0.43800000000000006,0.186,0.5327249979217158,1.0000000000000002,0.43799999999999994,0.669813966994381,0.4843882661911706,0.6602707866710844,0.9999999999999999,0.4917064865161751,0.7855001599444487,0.5611933939954973
ZTF19aanijpu,SN Ic,SNIbc,SNIbc,0.441116,1,3,0.441116,0.08383200000000002,0.5684310119605962,0.998,0.442,0.5863758668081053,0.22810195633641184,0.6858233192432557,0.9999997522236631,0.4967890951237502,0.5684164903591823,0.07831564594465319
ZTF19aarfyvc,SN Ic,SNIbc,SNIbc,0.528,1,3,0.528,0.358,0.5536155666236073,1.0,0.528,0.8485011943867748,0.7884896301937014,0.7822971538271901,1.0,0.4967890951237502,0.9010347647528789,0.734392902959611
ZTF19aatheus,SN Ic,SNIbc,SNIbc,0.6207560000000001,1,1,0.6207560000000001,0.4211560000000001,0.6263859287533375,0.9980000000000001,0.622,0.9007996466338726,0.8362707584193274,0.8558322593827137,0.9999988533235113,0.4917064865161751,0.9104380029864313,0.8642295680165457
ZTF19aavoweu,SN Ic,SNIbc,SNIbc,0.614,1,1,0.614,0.328,0.647329697498719,1.0,0.614,0.850537925830422,0.7063968330182309,0.8346023868837023,1.0,0.4917064865161751,0.863497596321873,0.779264210069806
ZTF19aawsday,SN Ic,SNIbc,SNIbc,0.33340800000000004,1,3,0.33340800000000004,0.11053200000000002,0.36064001486217423,0.9060000000000001,0.368,0.5414528926978407,0.3302376340253274,0.5630415929379411,0.9975635206398812,0.4967890951237502,0.6959021377130101,0.2940363652364555
ZTF19aaxzdtw,SN Ic,SNIbc,SNIbc,0.554132,1,3,0.554132,0.3234079999999999,0.5503382165358268,0.986,0.5619999999999999,0.8571843633862479,0.7466091293207143,0.812435447159415,0.9999903813661296,0.4967890951237502,0.8817538554066313,0.7611423093526783
ZTF19abafmwj,SN Ic,SNIbc,SNIbc,0.6960000000000001,1,5,0.6960000000000001,0.498,0.6766268670083445,1.0000000000000002,0.696,0.9475329786147212,0.9002097160254678,0.9171264593196897,1.0,0.5111707620422298,0.9190219817551544,0.922664688209731
ZTF19abauylg,SN Ic,SNIbc,SNIbc,0.5479999999999999,1,1,0.5479999999999999,0.20999999999999996,0.6224664137650942,0.9999999999999998,0.548,0.7485471437664128,0.5049771437238105,0.7768574124552947,0.9999999999999999,0.4917064865161751,0.7618864487952505,0.6235182658954826
ZTF19abcegvm,SN Ic,SNIbc,SNII,0.4258520000000001,0,4,0.4258520000000001,0.13319600000000004,0.4605911058518898,0.9380000000000002,0.45400000000000007,0.6418791307911642,0.373620150635153,0.6786675353078186,0.9993871332853193,0.8738761732007377,0.6999344047598549,0.8336697973146492
ZTF19abdoior,SN Ic,SNIbc,SNIbc,0.688,1,4,0.688,0.44399999999999995,0.6999066095805766,1.0,0.688,0.9149619425389778,0.8328763618020838,0.8877512715160982,1.0,0.5038357489552927,0.9079464751843898,0.8814230482435621
ZTF19abfiqjg,SN Ic,SNIbc,SNIbc,0.460672,1,3,0.460672,0.13273600000000002,0.5247177908171633,0.976,0.47200000000000003,0.6636541456652172,0.3637793793979953,0.714551723743598,0.9998714681697858,0.4967890951237502,0.6729798289982059,0.49622785995923624
ZTF19abqmsbk,SN Ic,SNIbc,SNIbc,0.45888,1,1,0.45888,0.16704000000000002,0.4868807351499912,0.9600000000000001,0.478,0.7055073443872142,0.4590002472085223,0.716102301113605,0.9996278474674677,0.4917064865161751,0.7479060646687379,0.5103688401533566
ZTF19abtsnyy,SN Ic,SNIbc,SLSN,0.35568000000000005,0,5,0.35568000000000005,0.06718400000000002,0.5024109291318872,0.988,0.36000000000000004,0.4663618960343568,0.1832406635771846,0.5914262470481055,0.9999848143824532,0.3214158156316022,0.5552760299672477,0.1502331872235552
ZTF19acllsbq,SN Ic,SNIbc,SLSN,0.32603200000000004,0,1,0.32603200000000004,0.085484,0.47958481180781953,0.9940000000000002,0.32799999999999996,0.44405051445978483,0.22496726461935376,0.5250419650218567,0.9999966182686459,0.3341521793902746,0.6424056061530475,0.25183022339136624
ZTF19acyogrm,SN Ic,SNIbc,SNIbc,0.6083279999999999,1,1,0.6083279999999999,0.3220559999999999,0.6369220338566489,0.9939999999999999,0.612,0.8454862378309974,0.6987543773439326,0.8291837527377276,0.9999987667232059,0.4917064865161751,0.8610459709239854,0.7729212505242139
ZTF20aaekkuv,SN Ic,SNIbc,SNIbc,0.606,1,1,0.606,0.372,0.6168808021297228,1.0,0.606,0.884079922324208,0.7871773428692386,0.84540598487914,0.9999999999999999,0.4917064865161751,0.894787562648173,0.8221397397169765
ZTF20aaelulu,SN Ic,SNIbc,SNIbc,0.5254559999999999,1,4,0.5254559999999999,0.253872,0.5537695565435389,0.9839999999999999,0.534,0.7911691939237598,0.6207261167674997,0.7698130612602231,0.9999684204707685,0.5038357489552927,0.8406920098678019,0.737355693146161
ZTF20aagewqr,SN Ic,SNIbc,SNIbc,0.5358480000000001,1,4,0.5358480000000001,0.37848000000000004,0.5467958152381474,0.9960000000000002,0.538,0.8593264341678738,0.809613946438323,0.7930449860129509,0.9999992008095625,0.5038357489552927,0.9148321136993257,0.7870649918189752
ZTF20aaiftgi,SN Ic,SNIbc,SNIa,0.361276,0,2,0.361276,0.047904,0.5067208229539388,0.998,0.362,0.49496781662470174,0.1405931278039816,0.5924233100985501,0.9999997153209472,0.8515818725102239,0.48254214941909673,0.34815413318885946
ZTF20aamdyln,SN Ic,SNIbc,SNIbc,0.6846280000000001,1,4,0.6846280000000001,0.5229520000000001,0.6507827029511988,0.9980000000000002,0.6859999999999999,0.9523005719929115,0.9191224331964695,0.9165287995124223,0.9999994293583957,0.5038357489552927,0.9294932146180285,0.9226318889084705
ZTF20aammtwx,SN Ic,SNIbc,SNIbc,0.554,1,1,0.554,0.29400000000000004,0.5943403842419859,1.0,0.554,0.8234080980352164,0.6814051810227699,0.7917602990059985,1.0,0.4917064865161751,0.8604442235509352,0.727374500670705
ZTF20aamqmhj,SN Ic,SNIbc,SNIbc,0.44814000000000004,1,2,0.44814000000000004,0.19788,0.47617989114112846,0.9700000000000002,0.46199999999999997,0.7261642880865482,0.5413635559835888,0.6970353621678879,0.9999133597536821,0.49859770604050213,0.8059853226345615,0.5147413884325566
ZTF20aavhyel,SN Ic,SNIbc,SNIbc,0.5540000000000002,1,1,0.5540000000000002,0.3560000000000001,0.5766458146122015,1.0000000000000002,0.554,0.8565207832924987,0.7780795929559319,0.8023557037583984,0.9999999999999999,0.4917064865161751,0.8986862648955657,0.806961677096337
ZTF20aazpyhy,SN Ic,SNIbc,SNIbc,0.5880000000000001,1,4,0.5880000000000001,0.30600000000000005,0.6237455553220213,1.0000000000000002,0.588,0.8371632648185849,0.6856201433355563,0.8186927317005146,0.9999999999999999,0.5038357489552927,0.8618298097972189,0.7661161012496778
ZTF20abefbpl,SN Ic,SNIbc,SNIbc,0.58212,1,3,0.58212,0.36848,0.5664432681446077,0.98,0.594,0.8844648463690609,0.7995166341038172,0.8390927686245135,0.9999044094371917,0.4967890951237502,0.8987490860224621,0.8315523445372306
ZTF20abkiarz,SN Ic,SNIbc,SNIbc,0.5594879999999999,1,3,0.5594879999999999,0.2975999999999999,0.5772455180080085,0.9919999999999998,0.5640000000000001,0.8364036960644826,0.6945490032989603,0.8069109710568159,0.9999952065870092,0.4967890951237502,0.8609102141643104,0.738164300383217
ZTF20aborzxc,SN Ic,SNIbc,SNIbc,0.18614800000000004,1,5,0.18614800000000004,0.03325600000000001,0.14565603984677478,0.5380000000000001,0.346,0.3314014782196061,0.12410731963804339,0.34554135816337495,0.696337378363594,0.5111707620422298,0.3606606132234692,0.21699947338323278
ZTF20abqdkne,SN Ic,SNIbc,SNIbc,0.49,1,3,0.49,0.10799999999999998,0.6141547790405657,1.0,0.49,0.6307710638621388,0.2782981078251899,0.7306127070628157,1.0,0.4967890951237502,0.599909019487329,0.526999102432378
ZTF20abtkjfw,SN Ic,SNIbc,SNIbc,0.5597520000000001,1,3,0.5597520000000001,0.3246960000000001,0.5881501927541308,0.9960000000000002,0.562,0.8405929269703705,0.7299793055008812,0.7992101389738766,0.9999991138172926,0.4967890951237502,0.8774485430115876,0.7759830969179018
ZTF20abusrwm,SN Ic,SNIbc,SNIbc,0.48,1,4,0.48,0.27,0.5354866342346261,1.0,0.48,0.7748585215826372,0.6615772897931376,0.7168395157729818,1.0,0.5038357489552927,0.872794289985927,0.6343618979266935
ZTF20abvvnqh,SN Ic,SNIbc,SNIbc,0.526,1,4,0.526,0.24000000000000005,0.5794325892568524,1.0,0.526,0.781408276688857,0.5920048929654809,0.7673522115763087,0.9999999999999999,0.5038357489552927,0.8253440350931726,0.6555272364856044
ZTF20abwxywy,SN Ic,SNIbc,SNIbc,0.64,1,3,0.64,0.448,0.6346301117232503,1.0,0.64,0.9207007538295819,0.8654982966283117,0.8780550985080338,1.0000000000000002,0.4967890951237502,0.9163053753740334,0.8904100907370252
ZTF20abxpoxd,SN Ic,SNIbc,SNIbc,0.33124000000000003,1,5,0.33124000000000003,0.05641999999999997,0.3948412562046498,0.9100000000000001,0.364,0.4602481950617973,0.1653551194083463,0.5943266465331039,0.9988474039151487,0.5111707620422298,0.5383006514051215,0.20447381522785646
ZTF20abywsut,SN Ic,SNIbc,SNIbc,0.5988,1,1,0.5988,0.40918,0.5927497007454465,0.998,0.6,0.9024640123566944,0.8400711470106288,0.8517363533269606,0.9999998028324898,0.4917064865161751,0.9120307204769138,0.8511948210293949
ZTF20abzjcdg,SN Ic,SNIbc,SNIbc,0.42,1,3,0.42,0.21999999999999997,0.5135556647794755,1.0,0.42,0.671257533751431,0.5527505134159023,0.6329807173135549,1.0,0.4967890951237502,0.822381173283678,0.42320285759627624
ZTF20accbsxa,SN Ic,SNIbc,SNIbc,0.512,1,1,0.512,0.14600000000000002,0.6138088518176383,1.0,0.512,0.6780465798284483,0.36720774487754004,0.7481752008731968,1.0,0.4917064865161751,0.6645819405514968,0.5470343895888089
ZTF20accoccp,SN Ic,SNIbc,SNIbc,0.476,1,3,0.476,0.04199999999999998,0.6340888330032612,1.0,0.476,0.5509873767172178,0.10699763887976277,0.7348606280180248,0.9999999999999999,0.4967890951237502,0.45098196567618376,0.5354914481087384
ZTF20acfqngt,SN Ic,SNIbc,SNIbc,0.6900000000000001,1,3,0.6900000000000001,0.518,0.6575396968909317,1.0000000000000002,0.69,0.9540519187185246,0.9169505788167117,0.9206355634966472,0.9999999999999999,0.4967890951237502,0.9273053376634809,0.9258016692248752
ZTF20aclnplo,SN Ic,SNIbc,SNIbc,0.22024799999999994,1,3,0.22024799999999994,0.05151999999999998,0.1668716688143057,0.6439999999999999,0.34199999999999997,0.4083766612372509,0.18931346189247134,0.42327686314105695,0.8899267519170764,0.4967890951237502,0.6131954464673361,0.526983258392902
ZTF20actekrw,SN Ic,SNIbc,SNIbc,0.5796719999999999,1,2,0.5796719999999999,0.4083599999999999,0.5714634516935384,0.9959999999999999,0.582,0.9011648044316266,0.8497255876573686,0.8438816908594939,0.9999990741856354,0.49859770604050213,0.9374485556437536,0.8688993004536345
ZTF20actpqgc,SN Ic,SNIbc,SNIbc,0.40426000000000006,1,5,0.40426000000000006,0.09662799999999999,0.49652583989036425,0.9860000000000003,0.4099999999999999,0.5976567803350197,0.28602476405218086,0.648568164691131,0.9999870501642045,0.5111707620422298,0.6359439472915565,0.44628795267189947
ZTF20acueziy,SN Ic,SNIbc,SNIbc,0.480128,1,2,0.480128,0.131648,0.5455156039935378,0.968,0.496,0.6656184988788444,0.352070912359795,0.7336085313942453,0.9997497808786935,0.49859770604050213,0.6684316344569723,0.544490515345352
ZTF20acwofhd,SN Ic,SNIbc,SNIbc,0.564,1,5,0.564,0.33399999999999996,0.5891911483308911,1.0,0.564,0.8608701910524396,0.7594194401644079,0.8159792595861672,1.0,0.5111707620422298,0.8866715997990768,0.7976022997775493
ZTF20adadrhw,SN Ic,SNIbc,SNIbc,0.47000000000000003,1,5,0.47000000000000003,0.244,0.5436331916215074,1.0000000000000002,0.4699999999999999,0.7409209475144081,0.6115932691380004,0.7063142070366942,1.0000000000000002,0.5111707620422298,0.8396348939608022,0.6668926110826761
ZTF21aaaosoq,SN Ic,SNIbc,SNIbc,0.520956,1,2,0.520956,0.17365199999999997,0.6060770716629853,0.998,0.522,0.7123676942802888,0.4375286349876851,0.7571105321347386,0.9999987597132867,0.49859770604050213,0.7364048174357459,0.6024316789252414
ZTF21aaaubig,SN Ic,SNIbc,SNIbc,0.5908159999999999,1,3,0.5908159999999999,0.41317199999999993,0.5928240769566621,0.998,0.5919999999999999,0.8944131098560109,0.8405040483458297,0.842750105512102,0.999998791405296,0.4967890951237502,0.912061167395143,0.8643522216038314
ZTF21aacufip,SN Ic,SNIbc,SNIbc,0.516,1,5,0.516,0.10000000000000003,0.6641989018628167,1.0,0.516,0.6231364712530627,0.250275728892631,0.7471311538569123,1.0,0.5111707620422298,0.5743872930313618,0.5680870739678392
ZTF21aahdqrg,SN Ic,SNIbc,SNIbc,0.433344,1,2,0.433344,0.11907200000000001,0.5021914990316731,0.976,0.444,0.6358168927910105,0.33687079029751055,0.6836874912537219,0.999948161604465,0.49859770604050213,0.6533604664327913,0.4573442614987998
ZTF21aalkjbl,SN Ic,SNIbc,SNIbc,0.6175199999999998,1,2,0.6175199999999998,0.3705119999999999,0.6203114997512051,0.9959999999999997,0.6200000000000001,0.8873376235714213,0.7842144426128026,0.8557022029362218,0.9999992423982386,0.49859770604050213,0.918921410470637,0.8576808767998829
ZTF21aannoix,SN Ic,SNIbc,SNIbc,0.632,1,3,0.632,0.48,0.6103221921084455,1.0,0.632,0.9356373018680236,0.9021737230163939,0.8879579577577764,1.0,0.4967890951237502,0.9256742242125943,0.904086115912256
ZTF21aaqldsk,SN Ic,SNIbc,SNIbc,0.506984,1,1,0.506984,0.243512,0.560375490633496,0.998,0.508,0.7737507060267353,0.6046462605954099,0.7462614269561769,0.9999991717337524,0.4917064865161751,0.8319072714161749,0.6379852138870281
ZTF21aaxtctv,SN Ic,SNIbc,SNIbc,0.43027200000000004,1,1,0.43027200000000004,0.15338399999999996,0.5222790625710416,0.9960000000000001,0.432,0.6498713119481668,0.4165038893000075,0.657323535411307,0.9999978615776022,0.4917064865161751,0.7376532568923136,0.5384801869365229
ZTF21abcgaln,SN Ic,SNIbc,SNIbc,0.468,1,5,0.468,0.234,0.5475723224529443,1.0,0.468,0.7279681062165216,0.5885038597355597,0.701606002561778,0.9999999999999998,0.5111707620422298,0.8287813141705029,0.673558782318311
ZTF21abklcjq,SN Ic,SNIbc,SNIbc,0.602,1,4,0.602,0.344,0.6269960621135682,1.0,0.602,0.8638434757722584,0.7434668526037786,0.8334272819586818,0.9999999999999999,0.5038357489552927,0.8843392615986342,0.8069860771902063
ZTF21abraccv,SN Ic,SNIbc,SNIbc,0.428,1,4,0.428,0.062,0.5746037739624146,1.0,0.428,0.5510183239766633,0.1681153525469506,0.6737319693901809,1.0000000000000002,0.5038357489552927,0.5073451186837892,0.45840521011501634
ZTF21acjxzsa,SN Ic,SNIbc,SNIbc,0.358,1,4,0.358,0.07799999999999996,0.5045575836648861,1.0,0.358,0.5054855202240759,0.22007334164345033,0.5675653606558976,0.9999999999999998,0.5038357489552927,0.6073293255581464,0.3256495718668292
ZTF22aagzmcz,SN Ic,SNIbc,SNIbc,0.41664,1,2,0.41664,0.172608,0.506029950394098,0.9920000000000001,0.42,0.6401337624722305,0.45791992838801965,0.6398226042418652,0.9999960312194234,0.49859770604050213,0.7662743156761642,0.5742169891976635
ZTF22aalfmec,SN Ic,SNIbc,SNIbc,0.594,1,5,0.594,0.31999999999999995,0.6340924227254059,1.0,0.594,0.850035705001206,0.7156557876168402,0.8248660009711567,0.9999999999999999,0.5111707620422298,0.8686275150164162,0.7906494689186109
ZTF22aaoolua,SN Ic,SNIbc,SNIbc,0.35,1,1,0.35,0.08199999999999996,0.5023460146054972,1.0,0.35,0.48844554100005505,0.2257467216870922,0.5557753516795082,1.0,0.4917064865161751,0.624454875585342,0.41375976016023214
ZTF22abbtqnp,SN Ic,SNIbc,SNII,0.279104,0,5,0.279104,0.08971200000000001,0.1867137485945618,0.712,0.39200000000000007,0.5789604047205423,0.3492524255344226,0.5484257415542338,0.9704300164422333,0.8645489503688297,0.708272312268324,0.7311455102979901
ZTF22abfrkoh,SN Ic,SNIbc,SNIa,0.37924,0,1,0.37924,0.09181600000000001,0.5082276428693515,0.998,0.38,0.547937615971426,0.26018734034761426,0.5970448399839161,0.9999975066336626,0.8501719576719576,0.6331618998978891,0.6090814673311392
ZTF22abllclb,SN Ic,SNIbc,SNIa,0.42592,0,2,0.42592,0.027104000000000017,0.5341529225115961,0.968,0.44000000000000006,0.5275725897164012,0.0755007125860439,0.7104905913360405,0.9998252416309766,0.8515818725102239,0.4211943599951465,0.5400770323972918
ZTF22abmonux,SN Ic,SNIbc,SNIbc,0.4104,1,2,0.4104,0.06479999999999997,0.4380885479505352,0.9,0.45599999999999996,0.5854348313255141,0.19444133740191527,0.7072942909706148,0.9973057827890496,0.49859770604050213,0.5315143252603077,0.4659715551350453
ZTF22abwtqeb,SN Ic,SNIbc,SNIbc,0.390264,1,4,0.390264,0.12171599999999999,0.46053676996540616,0.966,0.404,0.5964569694014085,0.34642613706430886,0.6222681605927216,0.9996485625600637,0.5038357489552927,0.6990038452764944,0.46505946176088464
ZTF23aaazffe,SN Ic,SNIbc,SNIbc,0.538,1,2,0.538,0.29800000000000004,0.575333286965916,1.0,0.538,0.8272578298971959,0.7030426645087664,0.7845638214901681,1.0,0.49859770604050213,0.8890292502919255,0.7561030943110209
ZTF23aadaxfn,SN Ic,SNIbc,SNIbc,0.45864,1,4,0.45864,0.23774399999999998,0.44792351714944256,0.9359999999999999,0.49000000000000005,0.7522730414802107,0.6147451040294714,0.7190366239490341,0.9994232372266785,0.5038357489552927,0.8502749173211817,0.7068480674868177
ZTF23aaecgwh,SN Ic,SNIbc,SNIbc,0.512,1,1,0.512,0.248,0.5810346684087231,1.0,0.512,0.7633342291875369,0.5995188531540271,0.7405418501209267,1.0,0.4917064865161751,0.8312575707405209,0.6705910249290319
ZTF23aaemnzd,SN Ic,SNIbc,SNIbc,0.3888719999999999,1,5,0.3888719999999999,0.15515599999999993,0.4707387963769556,0.9819999999999998,0.39599999999999996,0.6185952165588652,0.4348292268841275,0.6070317096054444,0.9999681121932377,0.5111707620422298,0.7573946262532911,0.3112231512356637
ZTF23aafwykt,SN Ic,SNIbc,SNIbc,0.562,1,3,0.562,0.19800000000000006,0.66131129334955,1.0,0.562,0.7308720090185813,0.4660634238847352,0.7766054687648528,1.0,0.4967890951237502,0.7368520312587343,0.6373547428676887
ZTF23aahnmag,SN Ic,SNIbc,SLSN,0.3990000000000001,0,1,0.3990000000000001,0.1254,0.4632502730437299,0.9500000000000002,0.42,0.5843196989126073,0.34112872655089155,0.6376120814838662,0.9995530570923147,0.3341521793902746,0.6905726883798612,0.20346597108882028
ZTF23aajakys,SN Ic,SNIbc,SNIbc,0.464,1,4,0.464,0.010000000000000009,0.6434941488878221,1.0,0.464,0.5100692938519925,0.025204318748920818,0.7332434402144585,0.9999999999999999,0.5038357489552927,0.34146111833225096,0.4923926708578825
ZTF23aakstht,SN Ic,SNIbc,SNIbc,0.37026,1,3,0.37026,0.08514,0.518191274689324,0.99,0.374,0.48092910338925754,0.2198100279726783,0.6019760137028112,0.9999878846866281,0.4967890951237502,0.6058231047321353,0.3063256476532889
ZTF23aamzljd,SN Ic,SNIbc,SNIbc,0.484,1,5,0.484,0.11199999999999999,0.5947426791632566,1.0,0.484,0.6428827213190459,0.29961175378122445,0.7342570029194138,1.0,0.5111707620422298,0.6220288765141926,0.530812795788803
ZTF23aawtmcf,SN Ic,SNIbc,SNIbc,0.46,1,2,0.46,0.132,0.5657073732563151,1.0,0.46,0.6510158472390152,0.35686399540736624,0.6989081079516379,0.9999999999999999,0.49859770604050213,0.6709378265065615,0.49608561798248924
ZTF23abaxlrz,SN Ic,SNIbc,SNIbc,0.416,1,1,0.416,0.18999999999999997,0.5138891895964541,1.0,0.416,0.65561001388154,0.4967616962731354,0.6274330294947292,1.0,0.4917064865161751,0.8030228687670224,0.45770578396081224
ZTF23abbskff,SN Ic,SNIbc,SNIbc,0.4138079999999999,1,2,0.4138079999999999,0.20690399999999995,0.4102402186113465,0.9319999999999997,0.444,0.7133736203385529,0.5733442506547493,0.6674375036101875,0.999252969393636,0.49859770604050213,0.8316923546517851,0.5227575090882781
ZTF23abcglga,SN Ic,SNIbc,SNIbc,0.48608,1,3,0.48608,0.22816000000000003,0.537117216952971,0.992,0.49,0.7523831951747998,0.5813256410457521,0.7260422070283377,0.999996197148423,0.4967890951237502,0.8174459002938155,0.6123866811704629
ZTF23abjrolk,SN Ic,SNIbc,SNIbc,0.42115599999999986,1,5,0.42115599999999986,0.15369199999999994,0.5261351133185755,0.9979999999999998,0.42199999999999993,0.6372475707479479,0.4213535512869786,0.6477180687209231,0.9999987089311774,0.5111707620422298,0.7390122771607457,0.5152108679354618
ZTF23abomtjc,SN Ic,SNIbc,SNIbc,0.33515999999999996,1,5,0.33515999999999996,0.03704400000000002,0.3520024291236902,0.8819999999999999,0.38,0.5121631349651184,0.1247782643974289,0.6221437869862656,0.9972780639723489,0.5111707620422298,0.5005311993219068,0.4529089590350391
ZTF23absgcqv,SN Ic,SNIbc,SNIa,0.3547600000000001,0,5,0.3547600000000001,0.12936000000000006,0.4578659491272402,0.9800000000000002,0.362,0.538976573600743,0.35617843390848375,0.5617183626762693,0.9999659959588307,0.8434083693857094,0.7100799357086521,0.7129089786464733
ZTF24aaabybk,SN Ic,SNIbc,SNIbc,0.4910400000000001,1,4,0.4910400000000001,0.20988,0.5504018039137589,0.9900000000000003,0.49599999999999994,0.7327064618701032,0.5324105949711075,0.7256078962876706,0.9999944746371441,0.5038357489552927,0.8009839057370312,0.6314832192817218
ZTF24aacjcwl,SN Ic,SNIbc,SNIbc,0.4782400000000001,1,2,0.4782400000000001,0.24009600000000006,0.502621711825906,0.9760000000000002,0.49,0.7645211089177645,0.6158867321693202,0.7280517606746921,0.9999526565657888,0.49859770604050213,0.8507212255685467,0.6626582219172312
ZTF24aagtmbq,SN Ic,SNIbc,SNIbc,0.332592,1,3,0.332592,0.086592,0.46174515531713267,0.984,0.338,0.47088255556777014,0.23819569315391523,0.5348934234921602,0.9999626312550366,0.4967890951237502,0.6326936116341468,0.27033547289258053
ZTF24abhhzrp,SN Ic,SNIbc,SNIbc,0.33004799999999995,1,2,0.33004799999999995,0.058752000000000026,0.3318354713631242,0.8639999999999999,0.382,0.5214629076492975,0.1924216020490251,0.6034354481698325,0.9959008816418047,0.49859770604050213,0.5425456322739348,0.3903121756951458
ZTF24abiwzzc,SN Ic,SNIbc,SNIa,0.3332,0,4,0.3332,0.1326,0.3085778451473882,0.8500000000000001,0.39199999999999996,0.5945249492034165,0.4118863159039814,0.5796136176752604,0.9925053670110298,0.8487215993434153,0.7673537343203942,0.8515197429775075
ZTF24abltheg,SN Ic,SNIbc,SNIbc,0.49,1,2,0.49,0.16999999999999998,0.5765963385276209,1.0,0.49,0.7041541340641755,0.44532826181244356,0.7293602380825347,1.0,0.49859770604050213,0.7403626039529334,0.5594849225021195
ZTF24abnafgr,SN Ic,SNIbc,SNIbc,0.4830839999999999,1,4,0.4830839999999999,0.16897999999999996,0.5551826771254463,0.9939999999999998,0.486,0.7016154498537666,0.4438254560428279,0.724359231590976,0.9999983987273842,0.5038357489552927,0.7389213994124164,0.5554305419089066
ZTF24abncuhj,SN Ic,SNIbc,SNII,0.35712000000000005,0,5,0.35712000000000005,0.113088,0.4825850477931085,0.9920000000000001,0.36,0.5287654333042389,0.315445956866052,0.5629810516188298,0.9999927499790747,0.8645489503688297,0.679122286211384,0.791534189029185
ZTF24abnsght,SN Ic,SNIbc,SNIbc,0.37299200000000005,1,5,0.37299200000000005,0.134912,0.48645837925131064,0.9920000000000001,0.376,0.5652437872752583,0.3714162450188232,0.5834226582217331,0.9999962817096031,0.5111707620422298,0.7168847964272156,0.4191939556189306
ZTF24abqbyxd,SN Ic,SNIbc,SNIa,0.22852799999999995,0,4,0.22852799999999995,0.01324800000000001,0.26441960083912064,0.8279999999999997,0.276,0.30873188070235585,0.040038821338152175,0.4717298306180868,0.9898882835097733,0.8487215993434153,0.47226982760796593,0.45387093372041054
ZTF24absznoi,SN Ic,SNIbc,SLSN,0.28515200000000007,0,2,0.28515200000000007,0.04690000000000005,0.3868480596881182,0.9380000000000002,0.30400000000000005,0.3808718227800445,0.1311429349664298,0.509253857983385,0.9993009600410326,0.32107454401268837,0.539814947787753,0.20052446891977216
ZTF24abtnkbi,SN Ic,SNIbc,SNII,0.28828799999999993,0,3,0.28828799999999993,0.011231999999999964,0.40100635043682675,0.9359999999999997,0.308,0.3616878174757898,0.032083241482109615,0.543969632809714,0.9990320422916534,0.8705407679595135,0.4610883206921093,0.6595698970253218
ZTF25aaadytl,SN Ic,SNIbc,SNIbc,0.455088,1,1,0.455088,0.17365199999999997,0.5360100283632303,0.998,0.456,0.6925981401564062,0.4658449019186188,0.6889064104856024,0.9999989513578723,0.4917064865161751,0.7616965853042537,0.560624337242994
ZTF25aafdnuf,SN Ic,SNIbc,SNII,0.326688,0,4,0.326688,0.033864000000000005,0.4896734032461886,0.996,0.32799999999999996,0.42841753843920344,0.09627592042795491,0.5441518091973588,0.9999983252211219,0.8738761732007377,0.49561823027760776,0.4319879916437991
ZTF25abclliu,SN Ic,SNIbc,SNII,0.38592000000000004,0,2,0.38592000000000004,0.07872000000000001,0.4619759806446745,0.9600000000000001,0.402,0.5543051970658143,0.2299459057676979,0.6355900225740272,0.9998249393181229,0.87441809783826,0.5680693204950839,0.5981013467329568
ZTF25ablulax,SN Ic,SNIbc,SLSN,0.45957600000000004,0,4,0.45957600000000004,0.21211200000000002,0.5071493257105008,0.982,0.468,0.7196109479952255,0.5490895116128945,0.6970619467094787,0.9999675079677609,0.3065797104880041,0.8194574417282247,0.22850592782380502
ZTF25abqsbxy,SN Ic,SNIbc,SNII,0.276048,0,3,0.276048,0.022152000000000005,0.3090852706884798,0.8520000000000001,0.324,0.4069314056192472,0.07226851573453008,0.5300096707033015,0.991149987193371,0.8705407679595135,0.4923436079815336,0.5693581195704497
ZTF25abyevmr,SN Ic,SNIbc,SNIbc,0.37250400000000006,1,2,0.37250400000000006,0.08167200000000002,0.5068552870522487,0.9960000000000001,0.374,0.5240941048874117,0.23105478793133377,0.5959934060574461,0.9999984622415754,0.49859770604050213,0.5783133279904468,0.4693515901926824
ZTF18aawigkf,SN IIb,SNII,SNIa,0.31536800000000004,0,2,0.31536800000000004,0.071856,0.4870665336342812,0.9980000000000001,0.316,0.41633516454356895,0.18952376561510734,0.5146433899358985,0.9999996503875855,0.8515818725102239,0.5849232332335798,0.41423006424818487
ZTF18abfzfcv,SN IIb,SNII,SNIbc,0.492,0,5,0.492,0.2,0.5615548917684657,1.0,0.492,0.7442575984377382,0.529694151320272,0.7385294065944952,0.9999999999999999,0.5111707620422298,0.7908503891646064,0.5741484173218012
ZTF18abojpnr,SN IIb,SNII,SNII,0.27264,1,4,0.27264,0.040319999999999995,0.42141215077634875,0.96,0.28400000000000003,0.33286451764482544,0.10345703936004447,0.49293253680075666,0.9994471689509195,0.8738761732007377,0.5253741557900844,0.5441570387375764
ZTF18acbzvpg,SN IIb,SNII,SNIbc,0.548,0,3,0.548,0.272,0.5968358341885477,1.0,0.548,0.8071326833429294,0.6446864474311486,0.7847233066759951,1.0,0.4967890951237502,0.840793494837026,0.7018282543474929
ZTF18acnmifq,SN IIb,SNII,SNIa,0.316,0,2,0.316,0.03799999999999998,0.4951433038520605,1.0,0.316,0.4084851517878567,0.10615843601405528,0.5250716063050014,0.9999999999999999,0.8515818725102239,0.48552711382115105,0.5398100444725081
ZTF18acqxyiq,SN IIb,SNII,SNIbc,0.472,0,2,0.472,0.16599999999999998,0.5588088607865356,1.0,0.472,0.695703804070136,0.44433711363247996,0.7116294458812902,0.9999999999999999,0.49859770604050213,0.7389944632516219,0.5254348084673892
ZTF18acrcyqw,SN IIb,SNII,SNIa,0.424,0,1,0.424,0.13,0.5470391244364947,1.0,0.424,0.6023626383421735,0.34508849181115475,0.6468815566959616,1.0,0.8501719576719576,0.687827380461446,0.8372034409693841
ZTF19aadpqnb,SN IIb,SNII,SLSN,0.32204,0,1,0.32204,0.06207999999999997,0.4418678192854235,0.9700000000000001,0.33199999999999996,0.4482923834543388,0.175722073443691,0.5343862650095856,0.9997613301971828,0.3341521793902746,0.5896021402236038,0.18669389861937832
ZTF19aaejtof,SN IIb,SNII,SNIa,0.398,0,2,0.398,0.016000000000000014,0.5495450335137074,1.0,0.398,0.49857690858403625,0.045809727740882655,0.6726286847867138,1.0,0.8515818725102239,0.39089432438505056,0.4021133476936342
ZTF19aaknate,SN IIb,SNII,SNIbc,0.42914,0,4,0.42914,0.13173600000000002,0.5321037078753806,0.998,0.43000000000000005,0.6305978256871138,0.3618524477612088,0.659738038387002,0.9999996852472203,0.5038357489552927,0.6969859978977865,0.5473496513152437
ZTF19aanbpus,SN IIb,SNII,AGN,0.24262400000000003,0,4,0.24262400000000003,0.113284,0.1241345200914834,0.25200000000000006,0.314,0.5767087679849621,0.4432008807916306,0.4451831067637365,0.11078633935707015,0.37272006344171293,0.00602277078181256,0.0009375982283903657
ZTF19aapadxs,SN IIb,SNII,SNIbc,0.588,0,2,0.588,0.32999999999999996,0.6152142687538715,1.0,0.588,0.8574903986313858,0.733644329968236,0.8260550771741021,1.0000000000000002,0.49859770604050213,0.9012217979967353,0.8128521889392823
ZTF19aarfkch,SN IIb,SNII,SNII,0.36,1,1,0.36,0.04999999999999999,0.5127123534099273,1.0,0.36,0.48764620953612625,0.14312013017772296,0.5870470217610846,1.0,0.8811660561660561,0.5301194768813577,0.421837702101495
ZTF19aaugupw,SN IIb,SNII,SNIbc,0.472,0,1,0.472,0.176,0.5528087668848014,1.0,0.472,0.7050063149716308,0.4665781393031868,0.7098751778123056,1.0,0.4917064865161751,0.7552523134341865,0.5035062093343445
ZTF19aazwnwy,SN IIb,SNII,SNIa,0.44000000000000006,0,4,0.44000000000000006,0.19,0.5349478024114978,1.0000000000000002,0.43999999999999995,0.6711375704995272,0.49093409415644734,0.6625213690099283,1.0,0.8487215993434153,0.7930781980618365,0.9156202384291506
ZTF19abbthwy,SN IIb,SNII,SNIbc,0.5117840000000001,0,4,0.5117840000000001,0.2549040000000001,0.5387107688696282,0.9880000000000002,0.518,0.7924534419337793,0.6329801686145415,0.7601240451809242,0.9999898504457758,0.5038357489552927,0.84950082196506,0.6759433795313371
ZTF19abgfuhh,SN IIb,SNII,SNIbc,0.5407360000000001,0,5,0.5407360000000001,0.286272,0.5759664944568852,0.9940000000000002,0.544,0.8202121057720017,0.6842214569840113,0.7861294330190692,0.9999978697244998,0.5111707620422298,0.8611247487089015,0.7410436427939405
ZTF19abqmsnk,SN IIb,SNII,SNIbc,0.4171640000000001,0,5,0.4171640000000001,0.05389200000000005,0.5455472229572451,0.9980000000000001,0.41800000000000004,0.5554727703206814,0.1560384083612208,0.6809001323756848,0.9999997346392977,0.5111707620422298,0.5107667043538391,0.39654372310752595
ZTF19abqykei,SN IIb,SNII,SNII,0.31284,1,2,0.31284,0.023760000000000003,0.4780213463798666,0.99,0.316,0.3979207522677639,0.06738502752984604,0.5369820753620514,0.9999756595206152,0.87441809783826,0.4490373591910334,0.3300431856380349
ZTF19abxjrge,SN IIb,SNII,SNIbc,0.506,0,1,0.506,0.268,0.5538927560789793,1.0,0.506,0.7937546063497938,0.6561587100120753,0.748284365734001,1.0000000000000002,0.4917064865161751,0.8575893070745524,0.6495805532760189
ZTF19abxtcio,SN IIb,SNII,SNIbc,0.453092,0,3,0.453092,0.11177599999999999,0.5558986244611961,0.998,0.454,0.6327470640106616,0.3064115527000575,0.7008154373416253,0.999999769053158,0.4967890951237502,0.6294769975366461,0.45449326497496934
ZTF19ackjene,SN IIb,SNII,SNIbc,0.444,0,3,0.444,0.09800000000000003,0.5619833676640398,1.0,0.444,0.6090763350670652,0.269045186879101,0.6894950574170695,0.9999999999999999,0.4967890951237502,0.6016054682645208,0.45421077194693066
ZTF19acxxwvi,SN IIb,SNII,SNIbc,0.502964,0,1,0.502964,0.24651199999999995,0.5555500740065338,0.994,0.506,0.7647803153648429,0.6048709651729498,0.7380795056859917,0.9999974901450446,0.4917064865161751,0.8346511699548255,0.6649190225000289
ZTF19acyjjni,SN IIb,SNII,SNII,0.43039200000000005,1,2,0.43039200000000005,0.18012,0.44972363197803755,0.9480000000000002,0.45399999999999996,0.6913314091353298,0.4978556459964735,0.681520055532551,0.9996913402883809,0.87441809783826,0.7848388962906357,0.93472508403007
ZTF20aahgejq,SN IIb,SNII,SNIbc,0.522,0,4,0.522,0.202,0.5940373017828932,1.0,0.522,0.7419244384549457,0.504213523840561,0.7588623174992389,1.0,0.5038357489552927,0.7715709009076913,0.6184601781085515
ZTF20aatzhhl,SN IIb,SNII,SNII,0.42676000000000003,1,2,0.42676000000000003,0.19552,0.4308978740211701,0.9400000000000001,0.454,0.7212117849581419,0.5502243362927265,0.6833915152280634,0.9992189283852131,0.87441809783826,0.8136304164264658,0.9684130316966292
ZTF20aaxhzhc,SN IIb,SNII,SNIa,0.3960000000000001,0,1,0.3960000000000001,0.055999999999999994,0.5367090134672771,1.0000000000000002,0.39599999999999996,0.5314410577062653,0.15852682518141098,0.6406825896260597,1.0,0.8501719576719576,0.5191180247004923,0.5529489290749131
ZTF20abfcrzj,SN IIb,SNII,SNIbc,0.46718,0,4,0.46718,0.19879999999999998,0.5329530092265562,0.994,0.47,0.7182448881589303,0.5203936163597818,0.7027455318774832,0.9999968976809627,0.5038357489552927,0.8001988902162279,0.5808365489841334
ZTF20abwzqzo,SN IIb,SNII,SNIbc,0.45864000000000005,0,4,0.45864000000000005,0.19207999999999997,0.5042668835056281,0.9800000000000001,0.468,0.7159367095130941,0.5133067943739869,0.701117735648286,0.9999342662639927,0.5038357489552927,0.7962193789953106,0.5659498962028141
ZTF20acgiglu,SN IIb,SNII,SNIbc,0.518,0,3,0.518,0.258,0.5646439030452395,1.0,0.518,0.7972678629551156,0.6380843308425992,0.7637356362858562,1.0,0.4967890951237502,0.8399597792492737,0.6282045222577486
ZTF20actqnhg,SN IIb,SNII,SNIbc,0.508,0,2,0.508,0.21600000000000003,0.5702204806659239,1.0,0.508,0.7596380403803473,0.5527504808824194,0.7520099490249414,1.0000000000000002,0.49859770604050213,0.8118488179674865,0.6023747230598078
ZTF20acusecr,SN IIb,SNII,SNIbc,0.3889200000000001,0,4,0.3889200000000001,0.18149600000000005,0.3964576876125113,0.9260000000000004,0.41999999999999993,0.6585784162535042,0.5059546418364775,0.6308510301580006,0.9989468736264259,0.5038357489552927,0.8126359151356284,0.5414779284475567
ZTF20acwhpmj,SN IIb,SNII,SNIbc,0.50796,0,5,0.50796,0.22111199999999998,0.5595927895568679,0.996,0.51,0.7701072717158219,0.572910138787502,0.7579812877929787,0.9999991336115853,0.5111707620422298,0.8117753032943807,0.6185614797496445
ZTF20acwnqcy,SN IIb,SNII,SNIbc,0.3948,0,4,0.3948,0.15416,0.41784720086058014,0.94,0.42,0.6436619653611222,0.4401647426992571,0.6364941406380644,0.9994589393590528,0.5038357489552927,0.7671867685525592,0.50095704402134
ZTF20acwqqjs,SN IIb,SNII,SNIbc,0.37250400000000006,0,2,0.37250400000000006,0.06374400000000002,0.5101104980568114,0.9960000000000001,0.374,0.5137910127884487,0.18317372170759427,0.603991889337117,0.9999984083008135,0.49859770604050213,0.5277675619142675,0.46197238648848493
ZTF21aalimya,SN IIb,SNII,SNIbc,0.328,0,4,0.328,0.008000000000000007,0.5138907223436281,1.0,0.328,0.39746411125880565,0.022184625787919132,0.5707783348515152,1.0,0.5038357489552927,0.40947147476100887,0.2950920616578772
ZTF21aanrhag,SN IIb,SNII,SNIa,0.36000000000000004,0,1,0.36000000000000004,0.06,0.5277437853332849,1.0000000000000002,0.36,0.46269592048855473,0.15977669255459376,0.5903573015664261,1.0000000000000002,0.8501719576719576,0.5523258545548069,0.7373783886599186
ZTF21aaoiaar,SN IIb,SNII,SNIbc,0.41,0,1,0.41,0.021999999999999964,0.5729344355976106,1.0,0.41,0.5000400722894578,0.060139331431133425,0.6727184914819666,1.0000000000000002,0.4917064865161751,0.41331816242060754,0.4300749725562723
ZTF21aaquyqa,SN IIb,SNII,SNIbc,0.409032,0,5,0.409032,0.17586400000000002,0.4936027624037911,0.9880000000000001,0.414,0.6408580671802501,0.47303171439101477,0.6344350806712447,0.999983869712563,0.5111707620422298,0.7753363850979182,0.350294337194838
ZTF21aaqvsvw,SN IIb,SNII,SNIbc,0.3472,0,1,0.3472,0.03967999999999999,0.5058513627529627,0.992,0.35000000000000003,0.44101961882837104,0.10835963725141756,0.5850312629375609,0.9999845571203922,0.4917064865161751,0.5050179086863831,0.5407607120309967
ZTF21aastzsn,SN IIb,SNII,SNIa,0.353424,0,3,0.353424,0.12254400000000001,0.36868994097107344,0.888,0.398,0.5739365474585312,0.36177738412901594,0.6052716953279685,0.9957447355855493,0.8445060947109149,0.7119560135096799,0.883562608052881
ZTF21aaxxmvs,SN IIb,SNII,SNIa,0.482064,0,2,0.482064,0.16931999999999997,0.5622229834976875,0.996,0.484,0.6995245038959835,0.4463602571473321,0.7208550457088441,0.999999379260769,0.8515818725102239,0.741690054504925,0.8872693765040809
ZTF21aayfnjz,SN IIb,SNII,SNIbc,0.487024,0,1,0.487024,0.247504,0.538508457299221,0.998,0.488,0.7716734809033539,0.6233037949677223,0.7269718598085133,0.999999700639672,0.4917064865161751,0.8461148079283201,0.5854666054499731
ZTF21abfjlxb,SN IIb,SNII,SNII,0.33721199999999996,1,2,0.33721199999999996,0.05915999999999999,0.4716510393497897,0.9859999999999999,0.34199999999999997,0.4665476188726306,0.16998950804565732,0.5539391771861886,0.9999745217725338,0.87441809783826,0.5308277096258783,0.7373145850030306
ZTF21abfoace,SN IIb,SNII,SNIbc,0.552,0,3,0.552,0.28400000000000003,0.5960397099677166,1.0,0.552,0.8174406064925847,0.6664395133087027,0.7900520944478354,1.0000000000000002,0.4967890951237502,0.8504972254109245,0.7181903726420616
ZTF21abidrcn,SN IIb,SNII,SNIa,0.5020000000000001,0,3,0.5020000000000001,0.26800000000000007,0.5565101849313341,1.0000000000000002,0.502,0.7838365561614691,0.6521879177597412,0.7415115626782783,1.0,0.8445060947109149,0.8513462016127555,0.9721049238939126
ZTF21abmxkcq,SN IIb,SNII,SNIa,0.30461200000000005,0,1,0.30461200000000005,0.08514000000000002,0.39747078115837897,0.9460000000000001,0.322,0.4309609060510859,0.2297451865884974,0.5156106673683414,0.9995471850281312,0.8501719576719576,0.6526087981747895,0.6062307963593462
ZTF21abnuldi,SN IIb,SNII,SNIa,0.442,0,1,0.442,0.134,0.5454022173924833,1.0,0.442,0.6433983223355257,0.3654229647889732,0.6761842819023025,1.0,0.8501719576719576,0.6900164905627628,0.802586408116565
ZTF21abotose,SN IIb,SNII,SNIa,0.2869,0,2,0.2869,0.013299999999999979,0.407320383596222,0.95,0.302,0.3690644570212028,0.03893799120283076,0.519269496390432,0.999537799469884,0.8515818725102239,0.43103532769580344,0.3143397531027206
ZTF21abrgbex,SN IIb,SNII,SNIa,0.322704,0,2,0.322704,0.023328000000000015,0.454209771783728,0.972,0.332,0.43042694052043085,0.0695542203831237,0.5577048203967132,0.9996722475781792,0.8515818725102239,0.43239354282230535,0.32758785366470683
ZTF21abyqrli,SN IIb,SNII,SNIbc,0.588,0,1,0.588,0.282,0.6379603880321945,1.0,0.588,0.8143993831474636,0.6358351537617967,0.8105721158504473,1.0,0.4917064865161751,0.8335621134252712,0.7241026869280381
ZTF21acizlcg,SN IIb,SNII,SNIbc,0.45632,0,5,0.45632,0.23411200000000001,0.5123497144391084,0.9920000000000001,0.45999999999999996,0.7476795312999516,0.6131869376858523,0.6973132405606718,0.9999866666638578,0.5111707620422298,0.842720634350691,0.5015540243595228
ZTF22aaecdin,SN IIb,SNII,SNIbc,0.47000000000000003,0,3,0.47000000000000003,0.246,0.5394773365158401,1.0000000000000002,0.4699999999999999,0.7422877936060157,0.6109799173372705,0.7024107108374202,1.0000000000000002,0.4967890951237502,0.8385342717754727,0.6339027120539474
ZTF22aafrjnw,SN IIb,SNII,SNIbc,0.47000000000000003,0,2,0.47000000000000003,0.244,0.5472514489859663,1.0000000000000002,0.4699999999999999,0.7283891042216601,0.5979436173613668,0.7005795815822562,1.0,0.49859770604050213,0.848947290385784,0.7023734556595363
ZTF22aahgvlx,SN IIb,SNII,SNIa,0.4437,0,4,0.4437,0.12226399999999998,0.5232260273992978,0.986,0.45,0.6433259621507111,0.3393698108766942,0.691915337403318,0.9999515506568721,0.8487215993434153,0.6644684948567969,0.768287770534407
ZTF22aaotgrc,SN IIb,SNII,SNII,0.566,1,3,0.566,0.37399999999999994,0.5856258758238657,1.0,0.566,0.8673197117485009,0.7980171370941748,0.8147946891941706,1.0,0.8705407679595135,0.9011396855200878,0.9974962016032983
ZTF22aasjwqv,SN IIb,SNII,SNIa,0.444,0,4,0.444,0.232,0.5235330961139547,1.0,0.444,0.7099742580387434,0.5827688906260262,0.6666223563064794,1.0,0.8487215993434153,0.8460330611223822,0.9365667690789906
ZTF22aawcmcr,SN IIb,SNII,SNIbc,0.472,0,3,0.472,0.01599999999999996,0.6512527139528547,1.0,0.472,0.5184191107677024,0.04014829984550411,0.7365985916482881,1.0,0.4967890951237502,0.39428201756211445,0.5488203736487096
ZTF22aazuuin,SN IIb,SNII,SNIbc,0.4683119999999999,0,5,0.4683119999999999,0.23316799999999996,0.5185601625024723,0.9879999999999998,0.47400000000000003,0.7508889235602527,0.6055822360782057,0.7131949536429569,0.999958343968165,0.5111707620422298,0.8362179649946015,0.6257400323691688
ZTF22abbtzfm,SN IIb,SNII,SNII,0.31125600000000003,1,1,0.31125600000000003,0.130476,0.2806189334157654,0.786,0.396,0.5802178095894566,0.4160276478676604,0.5464627557641095,0.9596371033176014,0.8811660561660561,0.7721304180709813,0.9286626476598576
ZTF22abgibib,SN IIb,SNII,SNIbc,0.447104,0,5,0.447104,0.02395200000000003,0.5986069357883246,0.998,0.448,0.526912412585663,0.06481628814453178,0.722979926878288,0.999999579305744,0.5111707620422298,0.41404602722285355,0.5109348627580099
ZTF22ablvnwa,SN IIb,SNII,SNIbc,0.419468,0,2,0.419468,0.153076,0.5167933344591724,0.994,0.422,0.6300067084692059,0.4131419554110408,0.6445002678404309,0.999997789021029,0.49859770604050213,0.7295803130089434,0.5314837040979704
ZTF22abnvncn,SN IIb,SNII,SNII,0.30096,1,1,0.30096,0.039600000000000024,0.4722271348468513,0.99,0.304,0.38097144457902754,0.10647344520394669,0.5092493174612986,0.9999325120626983,0.8811660561660561,0.5410813198447294,0.5997846058170835
ZTF23aaawbsc,SN IIb,SNII,SLSN,0.484632,0,2,0.484632,0.30528,0.46732392685961754,0.954,0.508,0.8226050639735111,0.7429625044982386,0.7566874289230167,0.9995902843603688,0.32107454401268837,0.906148934504375,0.3401284368580457
ZTF23aadtrws,SN IIb,SNII,SNIa,0.37480800000000003,0,2,0.37480800000000003,0.040572,0.471293691636289,0.9660000000000001,0.388,0.513289251359204,0.12110534849867066,0.6378770840815564,0.9997848272391092,0.8515818725102239,0.4613606186626262,0.48216037731496575
ZTF23aaesmsf,SN IIb,SNII,SNII,0.396,1,2,0.396,0.11000000000000004,0.5174356991273623,1.0,0.396,0.5859601086007783,0.31312768091567833,0.6176883115224178,1.0,0.87441809783826,0.6381470797324863,0.7799270656981792
ZTF23aaialcw,SN IIb,SNII,SNIbc,0.37982400000000005,0,1,0.37982400000000005,0.09643200000000002,0.48684437315692375,0.984,0.38600000000000007,0.5473577943066313,0.2701864811591466,0.6059922009413246,0.9999514161250048,0.4917064865161751,0.6404495365973872,0.45248191560973045
ZTF23aazjwtl,SN IIb,SNII,SNIbc,0.443112,0,2,0.443112,0.095808,0.5544981810280267,0.998,0.444,0.6105135072728505,0.266028839112445,0.6930105047857973,0.9999997843097235,0.49859770604050213,0.5897968868530997,0.4413560701414242
ZTF23abfpegt,SN IIb,SNII,SNIa,0.4841279999999999,0,3,0.4841279999999999,0.16137599999999996,0.552053772794135,0.9839999999999998,0.492,0.6934394812208099,0.424646158061671,0.7269413556500282,0.9999646475356404,0.8445060947109149,0.7167056168914998,0.8836763394731586
ZTF23abjrolf,SN IIb,SNII,SNIbc,0.477044,0,4,0.477044,0.13173600000000002,0.5725216123739821,0.998,0.47800000000000004,0.66062011918812,0.3490889086939704,0.7220418505060083,0.9999993282631858,0.5038357489552927,0.6603666715843485,0.5130300120276782
ZTF23abobwsd,SN IIb,SNII,SNIa,0.4830319999999999,0,2,0.4830319999999999,0.23153599999999996,0.5515403694213434,0.9979999999999998,0.48400000000000004,0.7432399491609316,0.5827907883110295,0.7172802114557792,0.9999989702339179,0.8515818725102239,0.8348364760955908,0.9548842743819823
ZTF23abspaqj,SN IIb,SNII,SNII,0.43788000000000005,1,4,0.43788000000000005,0.22784000000000001,0.37966294818096713,0.8900000000000001,0.492,0.7664970089357669,0.6276900466186871,0.7227166815070071,0.9983514477686782,0.8738761732007377,0.8565075828384179,0.9804990736892658
ZTF23abtdizt,SN IIb,SNII,SNIbc,0.30513599999999996,0,4,0.30513599999999996,0.013104000000000005,0.4016843443353981,0.9359999999999999,0.32599999999999996,0.41271077927868044,0.04005629371359343,0.5519662053615352,0.9989758390071389,0.5038357489552927,0.43682283040825487,0.3047244453405014
ZTF24aahaanm,SN IIb,SNII,SNIa,0.31744000000000006,0,2,0.31744000000000006,0.03571200000000002,0.4774894178822702,0.9920000000000002,0.32,0.4161007742322404,0.10172453397915437,0.5314548258019244,0.9999919710379882,0.8515818725102239,0.47545712335489504,0.302309645405895
ZTF24aaknlar,SN IIb,SNII,SNIbc,0.29680800000000007,0,3,0.29680800000000007,0.035856,0.48357247914547974,0.9960000000000002,0.298,0.36376652088078637,0.0945331715872193,0.5096939807067844,0.9999927875964197,0.4967890951237502,0.5274707356682798,0.4343662431309127
ZTF24aaoosca,SN IIb,SNII,SNII,0.28536000000000006,1,1,0.28536000000000006,0.09020000000000003,0.2779350598535164,0.8200000000000001,0.34800000000000003,0.4844341241650029,0.28404680100602714,0.5147272602643362,0.9833552977598584,0.8811660561660561,0.6892982006675761,0.8044423052918995
ZTF24abkbany,SN IIb,SNII,SNIbc,0.5288080000000001,0,1,0.5288080000000001,0.270368,0.5644725818963956,0.9940000000000002,0.5319999999999999,0.8026708490981321,0.6505786538319546,0.7712125346519618,0.9999971955656595,0.4917064865161751,0.8499706389934516,0.6901176371469105
ZTF24abzsuck,SN IIb,SNII,SNIbc,0.45342,0,2,0.45342,0.16631999999999997,0.5233952383458411,0.9900000000000001,0.45799999999999996,0.6905205895580585,0.45447780546596894,0.694320355119813,0.999989234297973,0.49859770604050213,0.7469675544642085,0.5023013311204246
ZTF25aagzocg,SN IIb,SNII,SNIa,0.38016,0,3,0.38016,0.027720000000000022,0.5150091863158373,0.9899999999999999,0.38400000000000006,0.4931118027160402,0.07997881996279038,0.6397358979303726,0.9999916506129632,0.8445060947109149,0.4521398091419809,0.48550131298409915
ZTF25aatclux,SN IIb,SNII,SLSN,0.47174400000000005,0,4,0.47174400000000005,0.23025600000000002,0.4527857489795305,0.9360000000000002,0.504,0.773566192644071,0.61060350974143,0.7405364102130028,0.9993156466226757,0.3065797104880041,0.8431131158491795,0.27635973685061965
ZTF25abogteg,SN IIb,SNII,SNIa,0.1924,0,4,0.1924,0.05928,0.08602699311012496,0.52,0.36999999999999994,0.4299362953613594,0.24740294219479173,0.3229064020736513,0.791108242496516,0.8487215993434153,0.6210368498108227,0.9332007777979996
ZTF25abwjtwc,SN IIb,SNII,SNIa,0.20707999999999993,0,2,0.20707999999999993,0.018599999999999978,0.1892078814808713,0.6199999999999999,0.33399999999999996,0.3577355480084884,0.07095174405321614,0.3859677802414032,0.8145963184486024,0.8515818725102239,0.42188330154890546,0.5583726657223336
ZTF25abwkieo,SN IIb,SNII,SNII,0.332,1,2,0.332,0.04600000000000004,0.5014795648192241,1.0,0.332,0.43873403211801365,0.12966434455384113,0.5477288910172283,1.0,0.87441809783826,0.49952477103333603,0.5791490812502398
ZTF25acctbaz,SN IIb,SNII,SNII,0.392428,1,4,0.392428,0.161704,0.4824541014995264,0.986,0.398,0.603128115396604,0.4277841353872227,0.6077548061827327,0.9999771989213165,0.8738761732007377,0.7671382210488137,0.9294365049282163
ZTF25ackyfnb,SN IIb,SNII,SNIa,0.3900600000000001,0,4,0.3900600000000001,0.02178000000000002,0.5242961100027475,0.9900000000000002,0.394,0.49838173704743216,0.062345867979656244,0.6593785261331693,0.9999842256705972,0.8487215993434153,0.40912415859829904,0.44631166201568023
ZTF18aadmssd,SN IIn,SNII,SNII,0.270272,1,5,0.270272,0.042848000000000025,0.2901460602704602,0.8240000000000001,0.328,0.4178691676060606,0.14096732810186058,0.5226656949576225,0.9861625685502334,0.8645489503688297,0.533712414359317,0.7276864301582073
ZTF18abltfho,SN IIn,SNII,SNII,0.328,1,1,0.328,0.06,0.4987054270111422,1.0,0.328,0.4330623590353665,0.16223127874206628,0.536400910414791,1.0,0.8811660561660561,0.5785353432971828,0.5969710478835727
ZTF18acvgjqv,SN IIn,SNII,SLSN,0.5019840000000001,0,1,0.5019840000000001,0.08764800000000006,0.633851820049623,0.9960000000000001,0.504,0.6073939551241646,0.21848698623358892,0.7441431379475116,0.9999967584176729,0.3341521793902746,0.531728325317355,0.38426350256156394
ZTF18aczuooo,SN IIn,SNII,SNII,0.30318000000000006,1,2,0.30318000000000006,0.06063600000000002,0.446325225030771,0.9780000000000002,0.31,0.40072051546400494,0.16347014802077756,0.5099072645655477,0.999934577471978,0.87441809783826,0.5629695186866422,0.5363641447052021
ZTF18adbmrug,SN IIn,SNII,SNIa,0.622,0,3,0.622,0.384,0.6406557008390785,1.0,0.622,0.88744695703868,0.7934830522320439,0.8508031111172301,0.9999999999999998,0.8445060947109149,0.8955341530994423,0.9939313843847486
ZTF19aacjbsj,SN IIn,SNII,SLSN,0.43572800000000006,0,1,0.43572800000000006,0.036632,0.5345261931161953,0.9640000000000002,0.45199999999999996,0.5423405580579077,0.1000960385732661,0.7174852954012811,0.9997636641621757,0.3341521793902746,0.4310541587576544,0.37291282651823204
ZTF19aadgimr,SN IIn,SNII,SNII,0.364,1,1,0.364,0.04999999999999999,0.5130744493680355,1.0,0.364,0.496776242722398,0.14435269440944243,0.592956550454955,1.0,0.8811660561660561,0.5274161664393865,0.614392082655072
ZTF19aaksxgp,SN IIn,SNII,SLSN,0.546,0,3,0.546,0.21800000000000003,0.614347619794317,1.0,0.546,0.7594561230948675,0.5286755796849957,0.7786918629649181,1.0,0.32347780476687044,0.7771999128014054,0.3208572693299082
ZTF19aamkmxv,SN IIn,SNII,SNII,0.35064000000000006,1,5,0.35064000000000006,0.017531999999999992,0.4727814191758333,0.9740000000000002,0.36,0.46947397076332936,0.05403709779813698,0.6123313670947971,0.9997542638619975,0.8645489503688297,0.43865857949352066,0.5033989906460803
ZTF19aanfqug,SN IIn,SNII,SLSN,0.340736,0,3,0.340736,0.015488000000000002,0.45392506720809656,0.968,0.352,0.45350558144853825,0.04672530541509662,0.5974192429334821,0.9998693083868927,0.32347780476687044,0.4360438154132774,0.23433314623622684
ZTF19aanqzhm,SN IIn,SNII,SNIbc,0.42416000000000004,0,3,0.42416000000000004,0.13303199999999998,0.47610738668287655,0.9640000000000002,0.43999999999999995,0.6449623260146162,0.37735283829379396,0.6721025317054592,0.9997734065777363,0.4967890951237502,0.6946320926556409,0.4640756475666093
ZTF19aaozsuh,SN IIn,SNII,SNII,0.366,1,1,0.366,0.09399999999999997,0.5068696539154893,1.0,0.366,0.5238816662201622,0.26102435133012664,0.5748474095984315,0.9999999999999999,0.8811660561660561,0.6456684716509818,0.8550183064230693
ZTF19aapzbjr,SN IIn,SNII,SLSN,0.6467040000000001,0,5,0.6467040000000001,0.361276,0.6761318824229241,0.9980000000000001,0.648,0.8740712953026328,0.7496955212714906,0.8567815419295277,0.999999510323603,0.3214158156316022,0.8775165496021887,0.47191766791409534
ZTF19aasekcx,SN IIn,SNII,SNII,0.465068,1,2,0.465068,0.08582799999999996,0.5839400587874559,0.998,0.46599999999999997,0.605387872831098,0.23048979881350085,0.7196363424739635,0.9999993501989883,0.87441809783826,0.5599288211625658,0.7519524803184267
ZTF19aavjukt,SN IIn,SNII,SLSN,0.3648,0,1,0.3648,0.0019200000000000328,0.4678342258174196,0.96,0.38,0.4678068466512463,0.005700600838816405,0.6523200381163089,0.999730069395819,0.3341521793902746,0.37200319960559414,0.2917565505121617
ZTF19abdviwl,SN IIn,SNII,SLSN,0.45218399999999986,0,5,0.45218399999999986,0.12350399999999989,0.5443366887854517,0.9959999999999998,0.45399999999999996,0.6524522260173239,0.34747488243176444,0.7028747917434859,0.9999990094095611,0.3214158156316022,0.6713216251140155,0.24552096394334205
ZTF19abecaca,SN IIn,SNII,SNII,0.395208,1,3,0.395208,0.13373200000000002,0.510954681854108,0.998,0.396,0.5927894694435278,0.3670586194001829,0.610024004830993,0.9999979080232108,0.8705407679595135,0.7060271116568679,0.7726748003938775
ZTF19abgndlf,SN IIn,SNII,SNIa,0.462,0,5,0.462,0.20400000000000001,0.5548233733560327,1.0,0.462,0.698952667326647,0.5246725858636199,0.6906967171567895,1.0,0.8434083693857094,0.7958619581924389,0.9400762317129626
ZTF19ablojrw,SN IIn,SNII,SNIa,0.516,0,4,0.516,0.18,0.6170833530634459,1.0,0.516,0.7080315653007263,0.44699264964085406,0.7401909277501668,1.0,0.8487215993434153,0.7355411700503109,0.896622629079154
ZTF19abpidqn,SN IIn,SNII,SNIa,0.326624,0,1,0.326624,0.06419200000000003,0.4137156408087892,0.944,0.34600000000000003,0.4689239869843611,0.1868858914676096,0.5563639075858067,0.9991740831779249,0.8501719576719576,0.5896082554153342,0.612446193690777
ZTF19abstsvm,SN IIn,SNII,SNII,0.218544,1,1,0.218544,0.030623999999999985,0.18377997932854828,0.696,0.314,0.3774475558162667,0.1116680009803982,0.422758957414319,0.9333336062434412,0.8811660561660561,0.5386028219933022,0.3645407229638543
ZTF19abulzhy,SN IIn,SNII,SNII,0.37468,1,4,0.37468,0.10846,0.4770514181345389,0.986,0.38,0.5613171785011518,0.30780880186693266,0.5891864892374428,0.9999798686286705,0.8738761732007377,0.6787754930596116,0.7086079764332541
ZTF19acapech,SN IIn,SNII,SLSN,0.530424,0,5,0.530424,0.253764,0.5330743282359595,0.954,0.556,0.8054910341066259,0.6348180003994761,0.7890741613169503,0.999446558858954,0.3214158156316022,0.8382514371810187,0.3329972024488637
ZTF19aceqlxc,SN IIn,SNII,SNII,0.25459200000000004,1,4,0.25459200000000004,0.06739200000000001,0.17546682624990262,0.6240000000000001,0.408,0.5173433768400811,0.2643116086849334,0.4831176248188369,0.8669115832545797,0.8738761732007377,0.6442681376794197,0.7905314879438926
ZTF19acftude,SN IIn,SNII,SLSN,0.59,0,4,0.59,0.32399999999999995,0.6152462526360578,1.0,0.59,0.8532813340198108,0.7195032436210198,0.8266358481948523,1.0,0.3065797104880041,0.8755794287373798,0.41429044532767356
ZTF19acukucu,SN IIn,SNII,SNIa,0.33858,0,1,0.33858,0.05741999999999997,0.47917005760677844,0.99,0.34199999999999997,0.4669966202316511,0.16374843624465896,0.5513859079198198,0.9999687497352974,0.8501719576719576,0.5676963032381765,0.32446040487195926
ZTF19acyjviz,SN IIn,SNII,SLSN,0.58,0,4,0.58,0.27999999999999997,0.6303041029798516,1.0,0.58,0.8133771786712077,0.6378441175931128,0.8055343967531632,1.0,0.3065797104880041,0.8407925239244772,0.37588748972951114
ZTF19acyjysk,SN IIn,SNII,SLSN,0.45792,0,2,0.45792,0.11638799999999999,0.5039967127259684,0.954,0.48000000000000004,0.6515606536120122,0.32437102427365694,0.7259647067393782,0.9995088844608335,0.32107454401268837,0.6440523242504176,0.30737417930213384
ZTF19acyldun,SN IIn,SNII,SNII,0.32135600000000003,1,2,0.32135600000000003,0.06985999999999998,0.48825864191806323,0.9980000000000002,0.32199999999999995,0.4309315446745311,0.18863214730887565,0.5207840244525155,0.9999995592779121,0.87441809783826,0.5731990872736088,0.5468261436168121
ZTF19adannbl,SN IIn,SNII,SNIa,0.312,0,4,0.312,0.043999999999999984,0.49483058476020136,1.0,0.312,0.3967671185531344,0.11816949691634038,0.5206854874047764,1.0,0.8487215993434153,0.5277873648121542,0.5510474435502125
ZTF20aaaddgy,SN IIn,SNII,SLSN,0.385116,0,3,0.385116,0.126456,0.4403681461932465,0.958,0.402,0.6091186014691413,0.36887099702163084,0.6171382840182476,0.9995108676622213,0.32347780476687044,0.7026917459975083,0.15889123659844745
ZTF20aacbyec,SN IIn,SNII,SNIbc,0.40185600000000005,0,2,0.40185600000000005,0.18740400000000002,0.4487785849006731,0.9660000000000002,0.416,0.6608192849606499,0.5096598934071435,0.629268856436731,0.9998554332231644,0.49859770604050213,0.7975992247414727,0.43330413535794654
ZTF20aadtarr,SN IIn,SNII,SLSN,0.47528800000000004,0,4,0.47528800000000004,0.11391200000000001,0.5541144146514652,0.9820000000000001,0.484,0.643153630284695,0.3031110803732882,0.7302549900902375,0.9999583722550326,0.3065797104880041,0.6142508847646958,0.30272118277396454
ZTF20aadxrvb,SN IIn,SNII,SNII,0.40518800000000005,1,1,0.40518800000000005,0.005987999999999993,0.5572692649391776,0.9980000000000002,0.40599999999999997,0.49068642712885485,0.016683619333940025,0.6877212854410564,0.9999990273737605,0.8811660561660561,0.36724232335889234,0.3862261058542136
ZTF20aadyyvk,SN IIn,SNII,SLSN,0.6259200000000001,0,1,0.6259200000000001,0.4068480000000001,0.5875173529843769,0.9780000000000002,0.64,0.9105309636674961,0.8311004322182738,0.8745183694516937,0.9999709905236009,0.3341521793902746,0.9058895453184452,0.5205339767032777
ZTF20aamrreb,SN IIn,SNII,YSO,0.16796,0,3,0.16796,0.04799199999999999,0.06851222413723379,0.326,0.368,0.34933343100532604,0.19023857686623985,0.2727527244244695,0.34418126912355523,0.4721120803595031,0.12570421274474758,0.1197698148177202
ZTF20aattztb,SN IIn,SNII,SLSN,0.4907280000000001,0,4,0.4907280000000001,0.14296800000000004,0.5415644130313189,0.9660000000000002,0.508,0.679396447760551,0.37442971269896785,0.7432163444049187,0.9998987734301779,0.3065797104880041,0.6741621558285301,0.3073084076752441
ZTF20aaurfwa,SN IIn,SNII,SNII,0.49368000000000006,1,1,0.49368000000000006,0.18392000000000003,0.5308322514769489,0.9680000000000002,0.51,0.7216712812972953,0.47730651928938883,0.7408874501042726,0.999898310076991,0.8811660561660561,0.7535116486795297,0.9526459015146554
ZTF20aavhixe,SN IIn,SNII,SNII,0.502,1,3,0.502,0.246,0.5547117197709415,1.0,0.502,0.7817908459866549,0.6197982583457541,0.7459096951616483,0.9999999999999999,0.8705407679595135,0.8334195706246014,0.9811590293213509
ZTF20aawijco,SN IIn,SNII,SNII,0.503976,1,5,0.503976,0.22509599999999996,0.5609952080849986,0.996,0.506,0.7655218989006258,0.5787581032973768,0.7488113646788486,0.999998849495509,0.8645489503688297,0.8165119336766986,0.9749786209867827
ZTF20abonvte,SN IIn,SNII,SLSN,0.46,0,1,0.46,0.228,0.532948862899002,1.0,0.46,0.728337843969365,0.5798607666788378,0.6888199016291919,1.0,0.3341521793902746,0.8334210308004836,0.26401401267536173
ZTF20abpmqnr,SN IIn,SNII,SNIbc,0.330672,0,1,0.330672,0.06772800000000001,0.491761649594764,0.996,0.332,0.437290604873262,0.18053874972582706,0.5443604562511721,0.9999975484876392,0.4917064865161751,0.5938712732274369,0.5172610484834469
ZTF20abqgbum,SN IIn,SNII,SNIa,0.34173600000000004,0,1,0.34173600000000004,0.05695600000000001,0.4678043352720268,0.9820000000000002,0.348,0.47648147497836046,0.16453707665110068,0.5614483734620583,0.9999274865929144,0.8501719576719576,0.5632030204650871,0.7073571937575989
ZTF20abtjjhb,SN IIn,SNII,SNII,0.40344,1,3,0.40344,0.07281600000000005,0.5027368581917306,0.984,0.41000000000000003,0.568724680396714,0.21157581491047656,0.6557028529154709,0.9999454295274521,0.8705407679595135,0.560369658479382,0.6069029609982821
ZTF20abyxjvm,SN IIn,SNII,SLSN,0.44344000000000006,0,1,0.44344000000000006,0.06940800000000003,0.5189197924260542,0.9640000000000001,0.46,0.5867911752260097,0.19167530073160588,0.7171692611477339,0.9998219798525905,0.3341521793902746,0.5169443937943674,0.3381199040902314
ZTF20abzjoxd,SN IIn,SNII,SLSN,0.4,0,3,0.4,0.11000000000000004,0.5206941538327838,1.0,0.4,0.5876768262181857,0.3105381870517162,0.6232681886810669,1.0,0.32347780476687044,0.6549837046026984,0.18628748664949515
ZTF20acbekkx,SN IIn,SNII,SLSN,0.506984,0,3,0.506984,0.253492,0.5527154792063834,0.998,0.508,0.7898712885654491,0.6335786854157499,0.7526652185489913,0.999998891322377,0.32347780476687044,0.839397156784012,0.26050116964384834
ZTF20achjwqt,SN IIn,SNII,SNII,0.326656,1,2,0.326656,0.063104,0.3893408198918,0.9279999999999999,0.35200000000000004,0.49135955858679736,0.19458808966197577,0.5604678445946188,0.9987903602418033,0.87441809783826,0.5469052600954089,0.50615219068167
ZTF20acklcyp,SN IIn,SNII,SNII,0.4031840000000001,1,4,0.4031840000000001,0.14283200000000007,0.40147909667330783,0.9040000000000001,0.44600000000000006,0.6561831287239993,0.4189201397790572,0.6667765697655843,0.9975337730520012,0.8738761732007377,0.74210910287781,0.8686568700834367
ZTF20aclkvjy,SN IIn,SNII,SNIa,0.42315200000000003,0,1,0.42315200000000003,0.21956,0.509344885867544,0.998,0.42400000000000004,0.6765733266536512,0.5529525992650753,0.6371963883787075,0.9999996186693199,0.8501719576719576,0.8334836378152624,0.9146589302141608
ZTF20acqgklx,SN IIn,SNII,SLSN,0.430976,0,2,0.430976,0.05964400000000003,0.5143952053685894,0.962,0.44800000000000006,0.5683969507576602,0.16780898910912023,0.7031448685091384,0.9998160882444334,0.32107454401268837,0.5033301414156536,0.30781422091897676
ZTF20acqqdkl,SN IIn,SNII,SLSN,0.501992,0,2,0.501992,0.22800399999999998,0.513441426195602,0.958,0.524,0.7725648019472471,0.5862495706959718,0.7581150295963164,0.9995749014476208,0.32107454401268837,0.8337099430025466,0.3084148994002946
ZTF20actkulc,SN IIn,SNII,SNII,0.42054,1,3,0.42054,0.09975600000000001,0.5066752445671876,0.978,0.43000000000000005,0.6028340191984537,0.2826970269730081,0.6684683079446034,0.999847584814886,0.8705407679595135,0.6194995913119731,0.7129497726224393
ZTF20acveyyv,SN IIn,SNII,SNII,0.49,1,2,0.49,0.15799999999999997,0.5789580485097199,1.0,0.49,0.6939624599329165,0.41584334039343634,0.7325756698471251,1.0,0.87441809783826,0.7176947504076175,0.921301380881891
ZTF20acwobku,SN IIn,SNII,SNII,0.30207999999999996,1,3,0.30207999999999996,0.02265600000000001,0.42244507557168043,0.9439999999999998,0.32,0.39433273430674015,0.0656903316211982,0.5459437360732862,0.9983570754163789,0.8705407679595135,0.4843762367403844,0.7306825979259416
ZTF21aagnqnz,SN IIn,SNII,SNII,0.37171200000000004,1,4,0.37171200000000004,0.08905599999999997,0.4547763939167784,0.9680000000000002,0.38399999999999995,0.5549693211701039,0.26147352745947566,0.6029613466754392,0.9998145465367976,0.8738761732007377,0.6313480096935249,0.6175380161384132
ZTF21aahfjrr,SN IIn,SNII,SLSN,0.5746,0,3,0.5746,0.37481600000000004,0.48046947628077996,0.884,0.65,0.9108709778361476,0.8337698207675039,0.8708734619352123,0.9969464314934875,0.32347780476687044,0.9087875053957982,0.5098450330257464
ZTF21aakupth,SN IIn,SNII,SNIbc,0.39720400000000006,0,2,0.39720400000000006,0.047904,0.5322179149727566,0.9980000000000001,0.398,0.5315414385627716,0.13850607986579394,0.651714763012676,0.9999997362618519,0.49859770604050213,0.4733881040364173,0.5022853255417501
ZTF21aaoqbbw,SN IIn,SNII,SLSN,0.43,0,1,0.43,0.05399999999999999,0.5636858320370529,1.0,0.43,0.5565605426918725,0.14908280227731285,0.6917403884761507,1.0,0.3341521793902746,0.48705683677423167,0.3014226838471848
ZTF21aaowaxx,SN IIn,SNII,SNII,0.46754000000000007,1,2,0.46754000000000007,0.22116000000000005,0.498794847548804,0.9700000000000002,0.482,0.7464850416008016,0.5807104632572192,0.7170377568475534,0.9996720928594605,0.87441809783826,0.8321886737143994,0.9721694759046897
ZTF21aappkns,SN IIn,SNII,SLSN,0.366,0,3,0.366,0.035999999999999976,0.5197758452725645,1.0,0.366,0.48612158599741206,0.10449367016183353,0.6069231219376532,0.9999999999999999,0.32347780476687044,0.4831004784317951,0.1866547796809983
ZTF21aaqhqke,SN IIn,SNII,SNII,0.35568,1,4,0.35568,0.061776,0.43123382735559335,0.9359999999999999,0.38,0.49634877290004603,0.17787518591431273,0.6081632971512865,0.9992689541444619,0.8738761732007377,0.5478384101088714,0.5053328994277063
ZTF21aaradzm,SN IIn,SNII,SLSN,0.538748,0,3,0.538748,0.22265600000000002,0.5947860961625066,0.994,0.542,0.7642581933384393,0.5444870270182607,0.7745758394779622,0.999997371580928,0.32347780476687044,0.7875337091912441,0.3037336890894175
ZTF21aarcobt,SN IIn,SNII,SNII,0.436,1,1,0.436,0.20199999999999999,0.5215516182948038,1.0,0.436,0.6914859563952777,0.5286165270226055,0.6563975112004825,1.0000000000000002,0.8811660561660561,0.8129670324002968,0.9496577390393413
ZTF21aautijg,SN IIn,SNII,SLSN,0.60192,0,5,0.60192,0.29898,0.6338178631024134,0.99,0.608,0.8335841178416813,0.671369807663549,0.8261103023631133,0.9999946922709986,0.3214158156316022,0.8490733993188005,0.4112161719124367
ZTF21aavuqzr,SN IIn,SNII,SLSN,0.601584,0,2,0.601584,0.40836,0.6191586974808618,0.996,0.604,0.8830157102292807,0.8217250596029263,0.8364067189987485,0.99999907943776,0.32107454401268837,0.9315087521847739,0.4745800677166445
ZTF21aaxtije,SN IIn,SNII,SNII,0.347852,1,5,0.347852,0.005243999999999971,0.37676728185117214,0.874,0.398,0.48183025680087477,0.01713638988698496,0.6676628189779816,0.9968165990779191,0.8645489503688297,0.38915208242003635,0.34950727694107336
ZTF21aaydxoo,SN IIn,SNII,SNIbc,0.474,0,4,0.474,0.192,0.5593458107269954,1.0,0.474,0.7064298768784647,0.49532367390850096,0.703950902177231,1.0000000000000002,0.5038357489552927,0.7832192007591009,0.5955932288880157
ZTF21aaygmrl,SN IIn,SNII,SLSN,0.654,0,2,0.654,0.484,0.6307022130507727,1.0,0.654,0.9413308007684751,0.9015826856472313,0.9003172992647299,1.0,0.32107454401268837,0.9499239258640126,0.6257119098170564
ZTF21aazgkjf,SN IIn,SNII,SLSN,0.355256,0,4,0.355256,0.08367600000000003,0.2855582939588567,0.734,0.48400000000000004,0.6211597976406753,0.28857918605168037,0.6747265077176154,0.9763710806087474,0.3065797104880041,0.6296173238458306,0.3077992147712784
ZTF21abccdld,SN IIn,SNII,AGN,0.2601,0,5,0.2601,0.141212,0.09653734424512861,0.308,0.386,0.6978723476497347,0.5899236872472481,0.5366123862296871,0.18186222198902802,0.4440919904837431,0.03337090549958751,0.008351837279618066
ZTF21abebgfr,SN IIn,SNII,SNIbc,0.39382000000000006,0,4,0.39382000000000006,0.19594000000000003,0.45207988225501317,0.9700000000000002,0.40599999999999997,0.6387095620489145,0.5098582713558221,0.611630621102343,0.9998242109114215,0.5038357489552927,0.8197636923209274,0.4522953189005121
ZTF21abghumo,SN IIn,SNII,SLSN,0.56886,0,4,0.56886,0.35728400000000005,0.5821473033689541,0.998,0.5700000000000001,0.8686082765705858,0.7815638651597984,0.818421377426059,0.9999988562473903,0.3065797104880041,0.9015690260437764,0.3974643581232848
ZTF21abgjldn,SN IIn,SNII,SLSN,0.347976,0,5,0.347976,0.05637599999999998,0.46068319396703084,0.972,0.35800000000000004,0.48577139209419956,0.16703370909532333,0.5847519182558134,0.9998414495499712,0.3214158156316022,0.5469651960838965,0.06944451187375472
ZTF21abhibro,SN IIn,SNII,SNII,0.493012,1,5,0.493012,0.211576,0.566407185614658,0.998,0.494,0.7406779000208018,0.5460598569012696,0.7302018638162733,0.999999700422257,0.8645489503688297,0.8016023439614262,0.9633687691262819
ZTF21abhqqfa,SN IIn,SNII,SNIa,0.336648,0,3,0.336648,0.021911999999999987,0.5152329671332472,0.996,0.338,0.4090895995543017,0.059548648879596044,0.5810283586268155,0.9999908118273789,0.8445060947109149,0.4675358860190297,0.6510486884598246
ZTF21abjhiqp,SN IIn,SNII,SLSN,0.592704,0,2,0.592704,0.42336,0.47880142226991285,0.882,0.672,0.9385935814597968,0.8891054918711889,0.8978369310151814,0.9969138829256574,0.32107454401268837,0.9486825051090485,0.6490129662857347
ZTF21abpmlxu,SN IIn,SNII,SLSN,0.5346,0,1,0.5346,0.17028,0.6187204160234918,0.99,0.5399999999999999,0.703975878332866,0.41516949685389126,0.7627194013886514,0.9999944439270612,0.3341521793902746,0.6992148872768507,0.3522733886579463
ZTF21abpxquj,SN IIn,SNII,SNIa,0.27522,0,2,0.27522,0.0019800000000000373,0.47021515277288317,0.99,0.278,0.3118334819161789,0.005244052862155513,0.504776336837288,0.9999677523513242,0.8515818725102239,0.43116109952039094,0.21306344074567002
ZTF21abtorlk,SN IIn,SNII,SLSN,0.44910000000000005,0,5,0.44910000000000005,0.05987999999999999,0.5783997746581435,0.9980000000000002,0.44999999999999996,0.5728473156527556,0.16558003573784896,0.713958278287617,0.9999994614963423,0.3214158156316022,0.5086580824683034,0.33191213943425113
ZTF21abujgmr,SN IIn,SNII,SNIbc,0.28454399999999996,0,5,0.28454399999999996,0.007904000000000022,0.46832964213628003,0.9879999999999998,0.28800000000000003,0.3392538939327478,0.022035660219935915,0.5075590996843447,0.9999580335952877,0.5111707620422298,0.4332312905064087,0.2703862256910318
ZTF21abxlmuw,SN IIn,SNII,SLSN,0.488832,0,4,0.488832,0.280896,0.4325448477322139,0.9119999999999999,0.536,0.8339371500757852,0.7197351362574603,0.7792436961991878,0.9976943610565993,0.3065797104880041,0.8861735264649208,0.36200262378474496
ZTF21accgsbf,SN IIn,SNII,SLSN,0.413504,0,5,0.413504,0.02385599999999999,0.5549122107765521,0.994,0.416,0.5147720516449511,0.06799489344155607,0.6890150303543718,0.9999949990948026,0.3214158156316022,0.427691102796261,0.3206675080387813
ZTF21acckcni,SN IIn,SNII,SNII,0.35984400000000005,1,2,0.35984400000000005,0.14695200000000003,0.4097641259479572,0.9420000000000002,0.382,0.5846769240150526,0.41427827199681,0.580325165098247,0.9989742089477673,0.87441809783826,0.7426266810512984,0.8571042739419553
ZTF22aadesjc,SN IIn,SNII,SLSN,0.5848000000000001,0,5,0.5848000000000001,0.39560000000000006,0.45991904707178255,0.8600000000000001,0.68,0.9296336698922727,0.8665443124042473,0.893964619274823,0.9978087451722062,0.3214158156316022,0.9125455114349075,0.5623028756955811
ZTF22aaetqzk,SN IIn,SNII,AGN,0.475552,0,5,0.475552,0.36129599999999995,0.3188198954871575,0.17800000000000002,0.3459999999999999,0.9233625760415994,0.8925357926629683,0.8543062307180871,0.014257864112435103,0.4440919904837431,0.0038902943804017395,0.00031268340564801405
ZTF22aafnzvd,SN IIn,SNII,SNIbc,0.348,0,5,0.348,0.08399999999999996,0.5047731195938135,1.0,0.348,0.48239538377212954,0.23271501601704403,0.5607317000854275,0.9999999999999999,0.5111707620422298,0.6097010657155745,0.44288548571335146
ZTF22aagvtzz,SN IIn,SNII,SNII,0.336,1,5,0.336,0.06,0.4990029222332568,1.0,0.336,0.460474159356086,0.17237539691652898,0.5449751857761519,1.0,0.8645489503688297,0.5629104213602677,0.468407406746679
ZTF22aagvxjc,SN IIn,SNII,SLSN,0.464,0,1,0.464,0.10600000000000004,0.5736306780989915,1.0,0.464,0.6287144606322166,0.2845558448795844,0.7136253164202205,1.0,0.3341521793902746,0.6046521990782249,0.29752869268459137
ZTF22aahedwz,SN IIn,SNII,SNIa,0.493012,0,3,0.493012,0.27345200000000003,0.5434622036099814,0.998,0.494,0.7822791020779564,0.6641833310622388,0.7337663854691945,0.9999985068630423,0.8445060947109149,0.8582375151538287,0.9732699599284579
ZTF22aajcupz,SN IIn,SNII,SLSN,0.52668,0,2,0.52668,0.27918000000000004,0.547984268536279,0.99,0.532,0.8194684491801317,0.6804250520658923,0.7802351103213461,0.9999849598012118,0.32107454401268837,0.8786995358862918,0.3566325746548963
ZTF22aanesux,SN IIn,SNII,SNII,0.390816,1,1,0.390816,0.118944,0.4285224579493889,0.9440000000000001,0.414,0.6093712041006286,0.34713201779691877,0.6365219231021042,0.999550786088294,0.8811660561660561,0.6912679839249557,0.7923886962703027
ZTF22aanjyae,SN IIn,SNII,SNII,0.447792,1,3,0.447792,0.14730000000000004,0.5173335589773894,0.982,0.456,0.6635778901505006,0.40238684922829243,0.6892021094837286,0.9999570965241693,0.8705407679595135,0.7093019120368955,0.8672583121480397
ZTF22aanwibf,SN IIn,SNII,SLSN,0.36590400000000006,0,1,0.36590400000000006,0.07946400000000003,0.417249514881989,0.9240000000000002,0.396,0.5522492568398049,0.239582950238396,0.619005351384262,0.9974048369059922,0.3341521793902746,0.6056033121507036,0.18969429441564972
ZTF22aaohilj,SN IIn,SNII,SLSN,0.554652,0,1,0.554652,0.25247600000000003,0.6007389581559173,0.994,0.558,0.7901615511119312,0.5974545894965303,0.7867807509612148,0.9999984510984885,0.3341521793902746,0.817868248885991,0.352559396940143
ZTF22aapkbkl,SN IIn,SNII,SLSN,0.5544399999999999,0,1,0.5544399999999999,0.3801399999999999,0.43384587786757267,0.8299999999999998,0.668,0.9175873206145836,0.85521216355449,0.8703614278444635,0.9939280749278243,0.3341521793902746,0.9152801553783081,0.5379001552136157
ZTF22aapmawo,SN IIn,SNII,SNIa,0.5571360000000001,0,1,0.5571360000000001,0.297648,0.5322630352124191,0.9540000000000001,0.5840000000000001,0.8424023478802986,0.699671767919867,0.8174831079920226,0.9996882263657124,0.8501719576719576,0.8637463473115171,0.9843676159536535
ZTF22aarrawv,SN IIn,SNII,SLSN,0.574,0,3,0.574,0.33399999999999996,0.6036419765583172,1.0,0.574,0.8532742047446705,0.742120023545772,0.8132816551355643,1.0000000000000002,0.32347780476687044,0.8803592340660197,0.34864224980575
ZTF22aasoali,SN IIn,SNII,SLSN,0.56608,0,3,0.56608,0.25180800000000003,0.5951290825254169,0.976,0.5800000000000001,0.7926787053156452,0.5923555872126982,0.799407055844656,0.9999074394238806,0.32347780476687044,0.8118200484911576,0.3493967246526552
ZTF22aatfjcy,SN IIn,SNII,SNII,0.499,1,5,0.499,0.23353200000000002,0.5522351932213292,0.998,0.5,0.7772942960308947,0.6046451981729658,0.7483670876695521,0.9999991681970716,0.8645489503688297,0.8303506830042976,0.9795099582054069
ZTF22aawfeov,SN IIn,SNII,SLSN,0.50764,0,2,0.50764,0.20776,0.5398782193615013,0.98,0.518,0.7555122999967333,0.5361020418367258,0.7592313089363234,0.9999725268171249,0.32107454401268837,0.8024908046725632,0.31656587211009285
ZTF22aazbxmi,SN IIn,SNII,SLSN,0.34,0,5,0.34,0.10400000000000004,0.4965502186400612,1.0,0.34,0.4814893194225365,0.2798541347532886,0.5381429215967615,0.9999999999999999,0.3214158156316022,0.6547897724801185,0.133342450923862
ZTF22abeyzcl,SN IIn,SNII,SNIa,0.428,0,3,0.428,0.132,0.533073153711056,1.0,0.428,0.6355685002533221,0.3671403513154124,0.6592866025424555,0.9999999999999999,0.8445060947109149,0.6889127920980744,0.7744186690731191
ZTF22abfnfud,SN IIn,SNII,SLSN,0.432,0,4,0.432,0.07,0.5629607381400883,1.0,0.432,0.5714853815706763,0.19266750241494396,0.683770833765598,1.0,0.3065797104880041,0.5273374489542529,0.2537143807511449
ZTF22abfyvhf,SN IIn,SNII,SNIa,0.354576,0,2,0.354576,0.057767999999999986,0.5135270250935338,0.996,0.356,0.46038524691930977,0.15720221916898697,0.5866325224573872,0.9999976659451177,0.8515818725102239,0.5346956683494763,0.6972979837612763
ZTF22abghrui,SN IIn,SNII,SLSN,0.46267200000000014,0,2,0.46267200000000014,0.2527560000000001,0.3341802385710355,0.7140000000000002,0.648,0.8417519984306058,0.7102395343037315,0.7996620630247885,0.9747666237089361,0.32107454401268837,0.9075343472947871,0.604191316812709
ZTF22abizuah,SN IIn,SNII,AGN,0.46728000000000003,0,5,0.46728000000000003,0.30868799999999996,0.34621862195014763,0.26,0.316,0.8898890109455307,0.8221960055011872,0.8205243301652883,0.036930837660245845,0.4440919904837431,0.0026687225833202937,9.911525383145325e-05
ZTF22abqseiq,SN IIn,SNII,SNIa,0.332,0,5,0.332,0.028000000000000025,0.5022183208823428,1.0,0.332,0.4369579938362278,0.08278300519807014,0.5566491974451472,1.0,0.8434083693857094,0.4794273550320039,0.31183569020222307
ZTF22abtcpig,SN IIn,SNII,SNII,0.282864,1,5,0.282864,0.10225600000000001,0.19335866977262106,0.664,0.426,0.5896589642293553,0.38730831653428255,0.5500690696349255,0.9317949125800217,0.8645489503688297,0.7243748165041867,0.8077810615603948
ZTF22abtsypf,SN IIn,SNII,SLSN,0.5721599999999999,0,5,0.5721599999999999,0.27263999999999994,0.5727063186372912,0.9599999999999999,0.596,0.8199908288529176,0.6447270764281977,0.8168723869803742,0.9998278907270371,0.3214158156316022,0.8380592415415337,0.3971017069500166
ZTF23aaabzea,SN IIn,SNII,Blazar,0.370164,0,3,0.370164,0.121644,0.30240674052129013,0.202,0.482,0.6697431747913674,0.4058264748077119,0.6723603269122775,0.045706980947090026,0.7081681205392546,0.008546085682169515,0.999198853403545
ZTF23aaarwbd,SN IIn,SNII,SNIa,0.36926,0,5,0.36926,0.12973999999999997,0.4977207058275597,0.998,0.37,0.5579609688487567,0.359150942470757,0.5724880774521717,0.9999983581110535,0.8434083693857094,0.7109613785819757,0.7422374237911626
ZTF23aablgzj,SN IIn,SNII,SNIbc,0.327936,0,5,0.327936,0.005856000000000028,0.46520168283116514,0.976,0.336,0.42134105380425024,0.01771580144750151,0.5823680849689696,0.9999330020605713,0.5111707620422298,0.4130467294555437,0.45653214110459495
ZTF23aadtvmb,SN IIn,SNII,AGN,0.68208,0,4,0.68208,0.606816,0.526752420169569,0.174,0.41000000000000003,0.9840255405560403,0.9781843366134171,0.9615662189589518,0.009567068388359232,0.37272006344171293,0.002741196879089717,0.02595044659581632
ZTF23aaecexq,SN IIn,SNII,SLSN,0.435128,0,4,0.435128,0.045908000000000004,0.5696838518863265,0.998,0.436,0.5488114265398686,0.12536680239246906,0.7014093259580039,0.999999739738466,0.3065797104880041,0.4516727586817943,0.3009873539599505
ZTF23aajjzbm,SN IIn,SNII,SLSN,0.596804,0,4,0.596804,0.377244,0.5977307957822018,0.998,0.598,0.8904700061763928,0.8034713788047911,0.846210308436736,0.9999987693743628,0.3065797104880041,0.9046618582405638,0.4515965846723395
ZTF23aajkisd,SN IIn,SNII,SLSN,0.5931280000000001,0,2,0.5931280000000001,0.4026200000000001,0.5604870708414746,0.9820000000000002,0.604,0.9075618827338784,0.8445674675359934,0.8586529079159579,0.9999811581718828,0.32107454401268837,0.9360525306033594,0.5205418642185092
ZTF23aalgqsq,SN IIn,SNII,SNII,0.23713999999999993,1,2,0.23713999999999993,0.061059999999999975,0.1970892166402124,0.7099999999999997,0.334,0.42408964103367536,0.21334649105853049,0.4475923753958222,0.9222396441044559,0.87441809783826,0.6118326177091709,0.386733380912307
ZTF23aansdlc,SN IIn,SNII,SNIa,0.44111600000000006,0,5,0.44111600000000006,0.20958000000000004,0.5176486290582021,0.9980000000000001,0.442,0.714002925210755,0.5604202332761336,0.6721792393975222,0.9999997088286768,0.8434083693857094,0.820375674373457,0.8979153168518283
ZTF23aapsuva,SN IIn,SNII,SLSN,0.54768,0,1,0.54768,0.22102799999999995,0.5850903174416834,0.978,0.5599999999999999,0.7625430552158855,0.5330342576667249,0.7835231733944417,0.9999586095406473,0.3341521793902746,0.7790472329538456,0.3633506097397799
ZTF23aaquolj,SN IIn,SNII,SLSN,0.434,0,3,0.434,0.09999999999999998,0.5472439960850644,1.0,0.434,0.6110811152248165,0.2797677231169734,0.6793135051587036,1.0,0.32347780476687044,0.6124177189946385,0.2264624608274473
ZTF23aatdcey,SN IIn,SNII,SLSN,0.42115600000000003,0,3,0.42115600000000003,0.06786399999999998,0.5514246113814385,0.9980000000000002,0.42199999999999993,0.5621131809851171,0.18932588252326088,0.6708369708829395,0.9999990696691774,0.32347780476687044,0.5383409368479133,0.22788655917253411
ZTF23aavmthe,SN IIn,SNII,AGN,0.6764760000000001,0,5,0.6764760000000001,0.548872,0.5423045485956596,0.09600000000000003,0.44399999999999995,0.9774418703313844,0.959111795585852,0.9537804068103124,0.002301100918997558,0.4440919904837431,0.0052473673179705615,0.0015777978495303696
ZTF23aavtugd,SN IIn,SNII,SLSN,0.31236,0,3,0.31236,0.011508000000000018,0.331042047780139,0.8220000000000001,0.38,0.465971073308908,0.03914200556861114,0.6079638167734909,0.9787991887469716,0.32347780476687044,0.4348222836312767,0.3185148036408742
ZTF23aavvckk,SN IIn,SNII,SLSN,0.4216320000000001,0,5,0.4216320000000001,0.007807999999999982,0.5498146510031968,0.9760000000000003,0.432,0.5007046549899952,0.021822403185101424,0.7107654971155895,0.9999545628737545,0.3214158156316022,0.3800720451865618,0.39580005627700704
ZTF23aaxldkr,SN IIn,SNII,SLSN,0.4,0,2,0.4,0.134,0.5206539415635956,1.0,0.4,0.5935946724638533,0.36592209617796867,0.617845959773301,1.0,0.32107454401268837,0.6950845363979509,0.23648688392081374
ZTF23abfglcy,SN IIn,SNII,SNIbc,0.4,0,3,0.4,0.06,0.5454861752110742,1.0,0.4,0.5310532467287004,0.16783796019841496,0.6419809992765586,0.9999999999999999,0.4967890951237502,0.5299150766493548,0.4410500163546234
ZTF23abgnxri,SN IIn,SNII,SNII,0.32832000000000006,1,2,0.32832000000000006,0.126144,0.3148601583443259,0.8640000000000002,0.37999999999999995,0.5669838303561615,0.38544809579857453,0.575126400934131,0.995948117024927,0.87441809783826,0.7284658975482832,0.8110154317095908
ZTF23abjhwem,SN IIn,SNII,SLSN,0.350304,0,1,0.350304,0.04920000000000002,0.4815440886327119,0.984,0.356,0.47272244986242906,0.14014469787788886,0.5831659782248184,0.9999568633927356,0.3341521793902746,0.531721835175819,0.1863232779368017
ZTF23abjikaf,SN IIn,SNII,SNIa,0.41778,0,1,0.41778,0.17226,0.4960272107297419,0.99,0.422,0.6593945449796779,0.46763102353128166,0.6387824863524157,0.9999761262730198,0.8501719576719576,0.7797866072155163,0.8300090490323736
ZTF23abjvuwc,SN IIn,SNII,SNII,0.37558399999999986,1,4,0.37558399999999986,0.1393919999999999,0.4523908411251214,0.9679999999999997,0.38799999999999996,0.5769622454198993,0.38080466809416047,0.5962379601494268,0.9997471579352083,0.8738761732007377,0.736275529013862,0.8044739003434592
ZTF23absdibx,SN IIn,SNII,SLSN,0.618,0,2,0.618,0.366,0.6316606980659603,1.0,0.618,0.88315161914819,0.7757721879811241,0.8526367344633008,1.0,0.32107454401268837,0.9162243473112895,0.5087904036222839
ZTF24aaabljq,SN IIn,SNII,SNII,0.38533200000000006,1,3,0.38533200000000006,0.05476799999999998,0.49581669300868625,0.9780000000000002,0.39399999999999996,0.5269641205183498,0.15869933036241668,0.6369305796441387,0.9998372224596872,0.8705407679595135,0.5226090264736656,0.4748481923072344
ZTF24aafqxmg,SN IIn,SNII,SLSN,0.57536,0,2,0.57536,0.372992,0.5668847281516186,0.992,0.58,0.8891388117311949,0.8127497883256959,0.8372657943546173,0.9999937762314226,0.32107454401268837,0.9269227597754641,0.4716932789198527
ZTF24aahdfdo,SN IIn,SNII,SNII,0.39024,1,3,0.39024,0.17855999999999997,0.3354086228593326,0.72,0.542,0.7127379310812183,0.542128329268396,0.674058633530842,0.9057797845194521,0.8705407679595135,0.8319651800469537,0.9778799300370792
ZTF24aaifila,SN IIn,SNII,SLSN,0.4484039999999999,0,4,0.4484039999999999,0.09081599999999995,0.4962475707426849,0.9459999999999998,0.474,0.6158539890498587,0.25204879211445913,0.7209021930969166,0.9996555494485052,0.3065797104880041,0.5694553035199749,0.300399237380378
ZTF24aaisnlp,SN IIn,SNII,SNII,0.4831439999999999,1,3,0.4831439999999999,0.15515599999999996,0.5439063556564621,0.9819999999999998,0.49200000000000005,0.6918732566447702,0.41207972267061455,0.732203214493425,0.9999625588168054,0.8705407679595135,0.7059700293303871,0.9099799085536903
ZTF24aaleeji,SN IIn,SNII,SNIa,0.3485519999999999,0,1,0.3485519999999999,0.16581599999999994,0.31489259032048855,0.8459999999999999,0.412,0.6404423421931735,0.4975855808523293,0.6006144806081078,0.9903233258905583,0.8501719576719576,0.8117015290683777,0.8921511256874628
ZTF24aatjphv,SN IIn,SNII,SNII,0.176952,1,4,0.176952,0.02060400000000001,0.1561498497250009,0.606,0.292,0.27589018952093447,0.069025548388267,0.34078328135378877,0.7924929196018062,0.8738761732007377,0.397771928733555,0.022454019271021444
ZTF24aayqrow,SN IIn,SNII,SLSN,0.320424,0,4,0.320424,0.06624799999999997,0.26505234636120534,0.6759999999999999,0.47400000000000003,0.5726997868585134,0.2385360689001601,0.6148083448052972,0.9354841937184002,0.3065797104880041,0.5962099992381586,0.3983879910457722
ZTF24abkpuna,SN IIn,SNII,SNII,0.157696,1,1,0.157696,0.0020479999999999943,0.07886119041556194,0.512,0.308,0.28315827949049804,0.00847066535143709,0.288449694054452,0.758438216590193,0.8811660561660561,0.3635853990936836,0.23945184840829414
ZTF24abpiwwi,SN IIn,SNII,SLSN,0.448384,0,3,0.448384,0.123008,0.5346974534461085,0.992,0.452,0.6454906718903073,0.34043622472312046,0.6955954264243691,0.9999952211270249,0.32347780476687044,0.6582981387659059,0.2184759232673523
ZTF24abrumcf,SN IIn,SNII,SNIa,0.17544800000000002,0,5,0.17544800000000002,0.029448000000000002,0.1070384336827811,0.4820000000000001,0.364,0.32763349744385184,0.11620804440190338,0.32041733805903516,0.6100810451133301,0.8434083693857094,0.30867195818935317,0.6096983264859179
ZTF24abuvlqg,SN IIn,SNII,SNII,0.25113599999999997,1,5,0.25113599999999997,0.01152000000000003,0.18958329861528678,0.5759999999999998,0.43600000000000005,0.45070988605374335,0.04773293812756235,0.5433005241908124,0.8681098762446992,0.8645489503688297,0.39017511392229215,0.28692039490997584
ZTF24abxpkhb,SN IIn,SNII,SNIa,0.387156,0,5,0.387156,0.194416,0.3348802701041398,0.838,0.462,0.733900127290585,0.5947461146508329,0.6763140495844349,0.9896456026271794,0.8434083693857094,0.8377856101425962,0.9419702570636116
ZTF25aafofmu,SN IIn,SNII,SNIa,0.27864000000000005,0,2,0.27864000000000005,0.06966,0.26281790013092077,0.8100000000000002,0.344,0.4742029055554869,0.23293916232820572,0.5174811560048443,0.985316191519714,0.8515818725102239,0.6118048799676125,0.5641946531432018
ZTF25aagbrpb,SN IIn,SNII,SNII,0.431868,1,3,0.431868,0.039439999999999975,0.5504465743289921,0.986,0.438,0.5432764716173555,0.10895896917003622,0.7070338289287974,0.999957184766801,0.8705407679595135,0.45822314305184153,0.5482166665727394
ZTF25aagtjfn,SN IIn,SNII,SLSN,0.40435200000000004,0,1,0.40435200000000004,0.03887999999999997,0.5080050001870811,0.9720000000000002,0.416,0.5278041943192294,0.11048984472472112,0.6750677940075213,0.999884777754452,0.3341521793902746,0.4585039083024993,0.28362685489293127
ZTF25aapsisw,SN IIn,SNII,SNII,0.392224,1,4,0.392224,0.117008,0.33313005088005787,0.8240000000000001,0.476,0.6639751899651567,0.37271496231824086,0.6983712410945636,0.9930482226416195,0.8738761732007377,0.6942869932553667,0.8669609378483136
ZTF25aaqqfkv,SN IIn,SNII,SLSN,0.18328,0,5,0.18328,0.018559999999999993,0.1363820512833468,0.5800000000000001,0.31599999999999995,0.32515652659748795,0.07306959965598986,0.34662643948547556,0.8050066151329869,0.3214158156316022,0.3909278276551443,0.26962286862015034
ZTF25abbzfjz,SN IIn,SNII,SLSN,0.4279240000000001,0,5,0.4279240000000001,0.070992,0.5275740383918667,0.9860000000000002,0.434,0.5836666525620139,0.20491705585164777,0.6933139580320995,0.9999797265603245,0.3214158156316022,0.5513175167042574,0.2744251355814995
ZTF25abcznka,SN IIn,SNII,SLSN,0.5229519999999999,0,3,0.5229519999999999,0.22355199999999992,0.5794745373161673,0.9979999999999998,0.524,0.7668393848270795,0.5585963846811139,0.7645915374295403,0.9999992552901351,0.32347780476687044,0.7971846538629771,0.2800603525099116
ZTF25abgvdwu,SN IIn,SNII,SLSN,0.29388000000000003,0,2,0.29388000000000003,0.05765999999999996,0.39632265404316613,0.9300000000000003,0.31599999999999995,0.409834299724416,0.16447386332374225,0.513097755906468,0.9964819031565553,0.32107454401268837,0.5637412072063538,0.254919612962977
ZTF25abjjlgl,SN IIn,SNII,SNIa,0.2952000000000001,0,1,0.2952000000000001,0.01980000000000004,0.3626638383668249,0.9000000000000001,0.328,0.4132661573867781,0.06156479535074222,0.5470864388999825,0.9960718654723573,0.8501719576719576,0.47386964788047264,0.7041848595970541
ZTF25abpzwne,SN IIn,SNII,SNIbc,0.2511,0,5,0.2511,0.014579999999999982,0.26132973911448387,0.8099999999999999,0.31,0.3687929139158971,0.04901421660752858,0.5219287216709596,0.9899734566821548,0.5111707620422298,0.4509041745231789,0.49552964003490785
ZTF25abxqslz,SN IIn,SNII,SNII,0.21285600000000002,1,4,0.21285600000000002,0.001447999999999977,0.22561980954832483,0.7240000000000001,0.294,0.31602260077017114,0.004977808273596951,0.4334628140126008,0.9234268624772386,0.8738761732007377,0.4182488037139915,0.1960492160380096
ZTF25acgorke,SN IIn,SNII,SLSN,0.40986000000000006,0,5,0.40986000000000006,0.14057999999999998,0.49720487653588574,0.9900000000000002,0.414,0.6387287370484757,0.40408791499483443,0.6395609289582355,0.999983033602408,0.3214158156316022,0.7302003620740518,0.16610284889675844
ZTF18aapifti,SN IIP,SNII,AGN,0.31283200000000005,0,2,0.31283200000000005,0.05264000000000002,0.22412698982109214,0.09200000000000003,0.278,0.5655363488657347,0.1986717770843146,0.6410331966188043,0.0050528759017240245,0.33797817302971944,0.0002863866945883544,0.00461104190796909
ZTF18aaszvfn,SN IIP,SNII,SNII,0.396,1,1,0.396,0.10200000000000004,0.5222741058570394,1.0,0.396,0.5710616906425076,0.2851988840149919,0.6190257875393606,1.0,0.8811660561660561,0.6460721164103559,0.7583300809546073
ZTF18aatlfus,SN IIP,SNII,SNII,0.19548000000000001,1,1,0.19548000000000001,0.036719999999999975,0.10448118358264491,0.54,0.362,0.4074761033552228,0.15619615105249224,0.349950518012869,0.803416331618244,0.8811660561660561,0.5409012245922866,0.9988701668698388
ZTF18abcfdzu,SN IIP,SNII,SNII,0.38218,1,1,0.38218,0.06402000000000002,0.47380877097183016,0.97,0.394,0.5354082046544959,0.18571171597673447,0.6312336216211314,0.9999019572044234,0.8811660561660561,0.5497877418322206,0.5414992167464763
ZTF18abckutn,SN IIP,SNII,SNII,0.431136,1,2,0.431136,0.187624,0.5160187102162365,0.998,0.432,0.6836027433176461,0.5049338544498747,0.6550331492852735,0.9999996433640055,0.87441809783826,0.78691696216867,0.9303610389503579
ZTF18abcpmwh,SN IIP,SNII,SNII,0.3821400000000001,1,4,0.3821400000000001,0.15048000000000003,0.48369668548034495,0.9900000000000002,0.386,0.589306956985485,0.4053365171121769,0.5875625313227738,0.9999725420105545,0.8738761732007377,0.7578479992702081,0.8661594730827733
ZTF18abfzixe,SN IIP,SNII,SNII,0.20719599999999994,1,2,0.20719599999999994,0.033239999999999964,0.10516483398675591,0.5539999999999999,0.37399999999999994,0.4387171542701781,0.14777784605511757,0.40874569490750623,0.859018581766598,0.87441809783826,0.5285426336482899,0.036856584857982225
ZTF18abrlljc,SN IIP,SNII,SNIa,0.318,0,3,0.318,0.03200000000000003,0.49861043317250364,1.0,0.318,0.40457908092240513,0.08883028046700908,0.5350607969893948,1.0,0.8445060947109149,0.5036671672992885,0.5911816993890292
ZTF18acbwasc,SN IIP,SNII,SNII,0.43152,1,1,0.43152,0.1953,0.41682539231146476,0.93,0.46399999999999997,0.7282076628524868,0.5486264389162931,0.6943967808523572,0.9993478633627153,0.8811660561660561,0.8134721491274368,0.9638729766194198
ZTF18accnmri,SN IIP,SNII,CV/Nova,0.183992,0,4,0.183992,0.07495199999999999,0.05999770734968557,0.202,0.292,0.4388281042558482,0.30886807559541796,0.2873759055678875,0.0903537736840476,0.544744708107119,0.005733521786716629,0.16610422290299173
ZTF18adowxvg,SN IIP,SNII,SNII,0.2655799999999999,1,2,0.2655799999999999,0.07075599999999999,0.1987266268552612,0.5419999999999998,0.49000000000000005,0.5380080773219174,0.2781515442592978,0.5035776969682448,0.6834255827062897,0.87441809783826,0.6176148570035739,0.926949074392829
ZTF19aadnxog,SN IIP,SNII,SNII,0.4612159999999999,1,3,0.4612159999999999,0.24452399999999996,0.5159125741297776,0.9939999999999998,0.464,0.7492119285294732,0.6210366601634583,0.6964461739176255,0.999990701608397,0.8705407679595135,0.843047150638649,0.9797952664044199
ZTF19aauqwna,SN IIP,SNII,SNII,0.468,1,4,0.468,0.18600000000000005,0.546854039271738,1.0,0.468,0.7110718679673443,0.4921880354902668,0.7035627493525285,1.0,0.8738761732007377,0.7813164846521423,0.9500883765900318
ZTF19aavbkly,SN IIP,SNII,SNII,0.494,1,3,0.494,0.298,0.540011331513661,1.0,0.494,0.8009661973415347,0.7086604008995432,0.7376836325878546,1.0,0.8705407679595135,0.876379159582827,0.9913252894029873
ZTF19aavjzrz,SN IIP,SNII,YSO,0.31682400000000005,0,1,0.31682400000000005,0.21568800000000005,0.13467784180300713,0.20600000000000002,0.42400000000000004,0.7982716620413216,0.7420435406959908,0.6551855089272214,0.06660023539328058,0.4735449735449736,0.016706164165575344,9.808296983437324e-05
ZTF19aavkptg,SN IIP,SNII,SNII,0.400392,1,3,0.400392,0.141432,0.5043435158677917,0.996,0.402,0.6144657391938261,0.3925723105170556,0.6158195173735964,0.9999962288122657,0.8705407679595135,0.720843761269206,0.8295193268432313
ZTF19abiahko,SN IIP,SNII,SNII,0.45,1,1,0.45,0.202,0.5369414099592557,1.0,0.45,0.6928786999284489,0.5193164943571138,0.6749479215252927,1.0,0.8811660561660561,0.8030152699927882,0.9529500568239817
ZTF19abqyoxj,SN IIP,SNII,SNII,0.492032,1,3,0.492032,0.21824000000000005,0.5457648459964335,0.992,0.49600000000000005,0.7483978823763584,0.5582450959953922,0.7322011419651737,0.9999940369694336,0.8705407679595135,0.8031149690677398,0.9655932252808996
ZTF19abrtjsf,SN IIP,SNII,SNIa,0.436,0,5,0.436,0.10199999999999998,0.5560556156454721,1.0,0.436,0.6097111724056796,0.28671136555692145,0.6790395542155718,1.0,0.8434083693857094,0.6271978872494363,0.7444098916809552
ZTF19abtslqm,SN IIP,SNII,SNII,0.288,1,2,0.288,0.009999999999999953,0.49481413570295474,1.0,0.288,0.3312331505658938,0.026385279846568743,0.5167438771599238,1.0,0.87441809783826,0.44674137807258335,0.5627067151195749
ZTF19abzgdfu,SN IIP,SNII,SNIbc,0.37392000000000003,0,5,0.37392000000000003,0.09446399999999999,0.4751062909746565,0.9840000000000001,0.38,0.559960473544728,0.28027704248894597,0.5992226499645485,0.9999834225971606,0.5111707620422298,0.643951388887631,0.3401535811382336
ZTF19acbhvgi,SN IIP,SNII,SNII,0.35349600000000003,1,1,0.35349600000000003,0.187872,0.23067459612067165,0.6180000000000001,0.572,0.747444414517569,0.6190408740823474,0.6676243928282718,0.8913262710245669,0.8811660561660561,0.8639611914339078,0.9962925691206542
ZTF19aceckht,SN IIP,SNII,SNII,0.4384639999999999,1,2,0.4384639999999999,0.20633599999999996,0.5063583894124191,0.9919999999999998,0.442,0.704042006882356,0.5459865546285758,0.6678277482736794,0.9999935414766153,0.87441809783826,0.8139043936946554,0.9518023746905973
ZTF19acftfav,SN IIP,SNII,SNII,0.62,1,5,0.62,0.436,0.6157149396370059,1.0,0.62,0.9184811041847011,0.867741775460487,0.8725436804201196,1.0,0.8645489503688297,0.9145735278563095,0.9991150577281092
ZTF19achjqbk,SN IIP,SNII,SLSN,0.279744,0,4,0.279744,0.0019839999999999858,0.4738811568314716,0.992,0.282,0.31759400089576084,0.00521443103911251,0.511685825315344,0.9999939523167478,0.3065797104880041,0.4188444952986358,0.36643065497125893
ZTF19actfxcd,SN IIP,SNII,SNII,0.488064,1,1,0.488064,0.23807999999999999,0.5458742104578787,0.9920000000000001,0.49199999999999994,0.7455788259791704,0.5880358358489186,0.7210796545130989,0.9999923693571955,0.8811660561660561,0.8302606387167111,0.9790276141298659
ZTF20aaspvan,SN IIP,SNII,SNII,0.44436000000000003,1,3,0.44436000000000003,0.07534799999999997,0.5205354888251659,0.9660000000000002,0.45999999999999996,0.5929701083817168,0.20889149453075295,0.7138119923287087,0.999870407760423,0.8705407679595135,0.5440610380664721,0.7006863316218596
ZTF20abwftit,SN IIP,SNII,SNII,0.6237,1,5,0.6237,0.37818000000000007,0.6172114632789487,0.99,0.63,0.8943776107235383,0.797488720263064,0.8631953077104838,0.9999976573545428,0.8645489503688297,0.8940724656770763,0.998317090381575
ZTF20abxmwwd,SN IIP,SNII,SNII,0.402112,1,2,0.402112,0.18544000000000002,0.46580410009154793,0.976,0.41200000000000003,0.6486564804357526,0.4968733308147284,0.6247474145213492,0.9999167276849896,0.87441809783826,0.7922463844536103,0.9380326613534171
ZTF20accmutv,SN IIP,SNII,SNII,0.41035200000000005,1,5,0.41035200000000005,0.23731200000000002,0.32401948634583944,0.8240000000000001,0.498,0.799770430842794,0.6976884906724744,0.7254467904491448,0.9893803233098203,0.8645489503688297,0.8763243173507324,0.9909307990387529
ZTF20acfkzcg,SN IIP,SNII,SNII,0.63616,1,5,0.63616,0.38964799999999994,0.6350271353043369,0.994,0.6399999999999999,0.8993819098150905,0.8055410105714973,0.8693586533081439,0.9999988532211849,0.8645489503688297,0.896018221517581,0.9985160716973533
ZTF20acngnrs,SN IIP,SNII,SLSN,0.4790399999999999,0,3,0.4790399999999999,0.14570799999999995,0.5661014008178493,0.9979999999999998,0.48000000000000004,0.6792482195621042,0.38823999775379964,0.7243922865187389,0.9999997892061634,0.32347780476687044,0.6892519913482839,0.25276457028493465
ZTF20acprmuv,SN IIP,SNII,SNII,0.389084,1,4,0.389084,0.19362,0.3919853329865681,0.922,0.422,0.6710008257746375,0.5356937056130477,0.630646429185019,0.9985189861485979,0.8738761732007377,0.8303950926443823,0.9559196304181544
ZTF21aaabwem,SN IIP,SNII,SNII,0.478,1,2,0.478,0.22999999999999998,0.5415038417770851,1.0,0.478,0.7562323386175205,0.5943250077919904,0.7174861141861318,0.9999999999999998,0.87441809783826,0.836727081088358,0.97517904820818
ZTF21aajgdeu,SN IIP,SNII,SNII,0.348712,1,2,0.348712,0.02107600000000004,0.443202587380658,0.958,0.36400000000000005,0.4728980647071737,0.0644191461014173,0.6136076077603128,0.999797089613947,0.87441809783826,0.4121976343572364,0.5427218541599166
ZTF21aakvroo,SN IIP,SNII,SNII,0.504988,1,2,0.504988,0.16965999999999998,0.5837526586324446,0.998,0.506,0.710198495045376,0.4387334761479545,0.7479169955441787,0.999999819526088,0.87441809783826,0.7358703387569143,0.9416967467830837
ZTF21acceboj,SN IIP,SNII,SNII,0.7029,1,5,0.7029,0.5524199999999999,0.6499249248941965,0.99,0.71,0.9652689565895096,0.9407908971257801,0.9354774871584034,0.9999941057725643,0.8645489503688297,0.9274945874954975,0.999741664530752
ZTF21acheiti,SN IIP,SNII,SNIbc,0.44,0,3,0.44,0.10399999999999998,0.5508477959469273,1.0,0.44,0.6187741088619433,0.2893199360858662,0.686174067220478,1.0,0.4967890951237502,0.6186557390969829,0.41809385656574183
ZTF21aciobmz,SN IIP,SNII,SNII,0.405188,1,4,0.405188,0.175648,0.509010253368539,0.998,0.40599999999999997,0.6244285067379645,0.45791699399476493,0.6168591395762559,0.9999996932922905,0.8738761732007377,0.7851851039162475,0.8863877915069833
ZTF21acjxiqw,SN IIP,SNII,SLSN,0.33432,0,3,0.33432,0.146464,0.27526640975279015,0.796,0.42,0.6385232200443849,0.4725468316578555,0.6006312553457664,0.9806666667251559,0.32347780476687044,0.788829048226551,0.2534774232961017
ZTF22aaijrci,SN IIP,SNII,SNII,0.42914,1,5,0.42914,0.08383200000000002,0.544454390682527,0.998,0.43000000000000005,0.5962143649579367,0.24109614793867296,0.6838517368690946,0.9999991619468974,0.8645489503688297,0.5867055042742985,0.6981777371009906
ZTF22aajivyw,SN IIP,SNII,SNII,0.506,1,3,0.506,0.20800000000000002,0.573213553359537,1.0,0.506,0.7481563179235634,0.5311105286808961,0.7469437701003415,1.0,0.8705407679595135,0.783626623873902,0.9631984511757637
ZTF22aapqaqe,SN IIP,SNII,SLSN,0.4347,0,2,0.4347,0.05216399999999999,0.5293695369952948,0.966,0.45,0.5596844998621087,0.14517255459597017,0.7078340279598954,0.9998037178924972,0.32107454401268837,0.4832152067949899,0.3273832192878385
ZTF22abhsxph,SN IIP,SNII,SNII,0.55912,1,5,0.55912,0.33932799999999996,0.5244711299582041,0.964,0.58,0.8780598686011459,0.783253697865218,0.833785118109407,0.9998951333512829,0.8645489503688297,0.8929189546222017,0.9974916590221375
ZTF22abykdbm,SN IIP,SNII,SNII,0.517824,1,4,0.517824,0.19443199999999994,0.5811764710513563,0.992,0.5219999999999999,0.7334934247240211,0.48810702036232345,0.7559357348019715,0.9999948631902317,0.8738761732007377,0.7610013236641965,0.9489807671529724
ZTF23aaelqpq,SN IIP,SNII,SNII,0.4038360000000001,1,5,0.4038360000000001,0.053476000000000024,0.4447677107237962,0.9220000000000002,0.438,0.5654921858580537,0.16244335921400332,0.6981092527017636,0.9991145333112212,0.8645489503688297,0.5112153736669983,0.6204004544894267
ZTF23abawdgm,SN IIP,SNII,SNII,0.520856,1,1,0.520856,0.161028,0.6060908940751526,0.994,0.524,0.6966374188134423,0.4016403099550474,0.7572715395848015,0.9999882493298258,0.8811660561660561,0.6900296448110829,0.9336185825080773
ZTF23abjrdem,SN IIP,SNII,SLSN,0.4485879999999999,0,1,0.4485879999999999,0.14029199999999992,0.4168102306085605,0.8659999999999999,0.5179999999999999,0.6925871429796701,0.40282516836694915,0.7404340644565761,0.9960789800225079,0.3341521793902746,0.6975789442226252,0.32820171621714567
ZTF23abkhajf,SN IIP,SNII,SLSN,0.42777200000000004,0,3,0.42777200000000004,0.13823199999999997,0.450138464854945,0.9340000000000002,0.45799999999999996,0.6591188860964329,0.3944084757249666,0.6875293416348003,0.9991694612794229,0.32347780476687044,0.7050981450295648,0.1993892263796053
ZTF23absirul,SN IIP,SNII,SNII,0.4052159999999999,1,5,0.4052159999999999,0.08441999999999994,0.4497429079542583,0.9379999999999998,0.432,0.5926881307487906,0.2530994147605936,0.6750563533787145,0.9995887936857749,0.8645489503688297,0.5994478655138156,0.6933178117762179
ZTF24aaejjps,SN IIP,SNII,SNIa,0.282048,0,4,0.282048,0.036160000000000025,0.3475093981429791,0.904,0.312,0.39209944465077673,0.10712669741156561,0.5198820593115188,0.998165244122766,0.8487215993434153,0.5181728498982872,0.5386360203409255
ZTF24aahewml,SN IIP,SNII,SLSN,0.27602399999999994,0,1,0.27602399999999994,0.038192000000000004,0.3145698408740396,0.8679999999999998,0.318,0.3975561525726511,0.11628209181509686,0.5252890880392783,0.9950792577283449,0.3341521793902746,0.5415863253218837,0.20773789571150597
ZTF24aaibcrw,SN IIP,SNII,SNIa,0.3348,0,2,0.3348,0.1404,0.35344815145956965,0.9,0.372,0.5607743316386797,0.4043762140232947,0.56245441529068,0.9971766635513725,0.8515818725102239,0.7461705651297799,0.7311747029511977
ZTF24abljlku,SN IIP,SNII,SNII,0.3367840000000001,1,5,0.3367840000000001,0.11457600000000001,0.33187284633821745,0.8680000000000002,0.388,0.5904042196788123,0.37131433795137,0.5870740486421867,0.994705591633982,0.8645489503688297,0.7183962660664203,0.841419547819845
ZTF24abqlxaf,SN IIP,SNII,SLSN,0.295356,0,2,0.295356,0.03520800000000002,0.44941709761612236,0.978,0.302,0.3769746074511227,0.09718814382542346,0.5088074990058897,0.9998826760175101,0.32107454401268837,0.4958052016104405,0.21153410381057852
ZTF25abbslda,SN IIP,SNII,SNII,0.467484,1,3,0.467484,0.09193200000000001,0.553071461581272,0.978,0.47800000000000004,0.6156429256583651,0.24662032334738765,0.7273549845922581,0.9999496393178735,0.8705407679595135,0.5735094278499603,0.7726408134370495
ZTF25abwjmwj,SN IIP,SNII,SNIa,0.215156,0,1,0.215156,0.0072199999999999764,0.1798789487939363,0.722,0.298,0.3460438773246591,0.026382790288978886,0.45458125593410625,0.9663696910361912,0.8501719576719576,0.4656499981121409,0.42848011466571995
ZTF18aahatvc,SN Ia-91T,SNIa,SNIa,0.476216,1,4,0.476216,0.243048,0.5160959155935945,0.988,0.482,0.7586547852877636,0.6145468506557097,0.7173223724194766,0.999989889794157,0.8487215993434153,0.8502934565197281,0.9551901279441314
ZTF18aapictz,SN Ia-91T,SNIa,SLSN,0.19745600000000005,0,1,0.19745600000000005,0.01492400000000002,0.12349475370142093,0.5740000000000002,0.344,0.3809294727332938,0.06357528093837916,0.3791453519655765,0.8457328983871676,0.3341521793902746,0.44596072574645507,0.18540397267400704
ZTF18aaqqoqs,SN Ia-91T,SNIa,SNIa,0.4431119999999999,1,5,0.4431119999999999,0.03792400000000001,0.5840017942538781,0.9979999999999998,0.444,0.5437188878636439,0.10444006886448798,0.7151110309167372,0.9999998229016638,0.8434083693857094,0.4523508220683241,0.5996205893138609
ZTF18aaumeys,SN Ia-91T,SNIa,SNIa,0.322,1,2,0.322,0.04999999999999999,0.4962303186368179,1.0,0.322,0.42356264806727756,0.13861057968352875,0.5293437526466651,0.9999999999999999,0.8515818725102239,0.5171679925603982,0.5870149099479834
ZTF18aavrmlf,SN Ia-91T,SNIa,Periodic-Other,0.18026399999999998,0,2,0.18026399999999998,0.061572,0.07797918370911505,0.37799999999999995,0.314,0.4030582048121636,0.2520270688767149,0.27962582304862993,0.3672871316935997,0.5459647410480083,0.07697590607680546,0.0015378435235607916
ZTF18aaytovs,SN Ia-91T,SNIa,SNIa,0.4538839999999999,1,1,0.4538839999999999,0.10713999999999996,0.5264364926697402,0.9739999999999999,0.46599999999999997,0.6288011773478899,0.2924246140589083,0.709344243241506,0.9999328390009625,0.8501719576719576,0.613886574462803,0.7636009212769046
ZTF18abauprj,SN Ia-91T,SNIa,SNIa,0.216996,1,5,0.216996,0.024396,0.20637874790422728,0.642,0.33799999999999997,0.38428263830749654,0.09510050241987938,0.4076666932838403,0.848831308511998,0.8434083693857094,0.4398766924529777,0.45228157669631963
ZTF18abfcsjs,SN Ia-91T,SNIa,SNIa,0.42874000000000007,1,1,0.42874000000000007,0.20176000000000005,0.46430729460259423,0.9700000000000001,0.442,0.7029513862695982,0.5425565522076605,0.6643531309696494,0.9998909544845996,0.8501719576719576,0.8187296485207735,0.8951792763040775
ZTF18abgmcmv,SN Ia-91T,SNIa,SNIbc,0.484,0,5,0.484,0.10999999999999999,0.5969568977713244,1.0,0.484,0.639821522317648,0.2937900108937641,0.7336259794458735,1.0,0.5111707620422298,0.617190334674501,0.5335334000524975
ZTF18abhgrff,SN Ia-91T,SNIa,SNII,0.1881,0,1,0.1881,0.04332,0.13215260096523407,0.57,0.33,0.34958085295829416,0.15928721565976112,0.3276050027052976,0.7840208134681104,0.8811660561660561,0.5304785836417025,0.1632305186139864
ZTF18abmkaps,SN Ia-91T,SNIa,SNIa,0.498,1,4,0.498,0.14400000000000002,0.5944723868557271,1.0,0.498,0.6771471845447198,0.3710088514383115,0.7395826458633039,1.0000000000000002,0.8487215993434153,0.6725186625482179,0.8401896308057732
ZTF18accngee,SN Ia-91T,SNIa,QSO,0.32659999999999995,0,3,0.32659999999999995,0.14767999999999998,0.18858780578212075,0.08799999999999998,0.292,0.7063376130575982,0.5333065228478688,0.6452489891883335,0.005484600627593813,0.7081681205392546,0.0014035584530151077,0.9940349403624574
ZTF18acmvcme,SN Ia-91T,SNIa,SNIbc,0.16463999999999998,0,1,0.16463999999999998,0.05376,0.0883109269073763,0.41999999999999993,0.392,0.32386650615590407,0.19460129640777662,0.24330026722213605,0.552562446233731,0.4917064865161751,0.47723792394087633,0.999999999999925
ZTF18acnbgpw,SN Ia-91T,SNIa,SNIa,0.386,1,4,0.386,0.118,0.5107833594334386,1.0,0.386,0.5732946171672832,0.3279218217669386,0.5967635741252879,1.0,0.8487215993434153,0.6930288746527515,0.6979609912800449
ZTF19aalzmmt,SN Ia-91T,SNIa,SNIa,0.41200000000000003,1,1,0.41200000000000003,0.124,0.5244870271823774,1.0000000000000002,0.4119999999999999,0.6110001867282799,0.34508485286830215,0.6360474192530978,1.0,0.8501719576719576,0.6890466739776868,0.743825053381182
ZTF19aamfxby,SN Ia-91T,SNIa,SNIa,0.5700000000000001,1,1,0.5700000000000001,0.34,0.5889538295443716,1.0,0.5700000000000001,0.8623882170212726,0.7576883817121866,0.8173781008061924,1.0,0.8501719576719576,0.8881545591402638,0.9892851446014451
ZTF19aaocbes,SN Ia-91T,SNIa,SNIbc,0.36277999999999994,0,1,0.36277999999999994,0.09117999999999998,0.449941383196507,0.9699999999999999,0.374,0.5420127809784805,0.2653644777755127,0.5852731998232901,0.9998791056146631,0.4917064865161751,0.6430020916103458,0.29914336873382186
ZTF19aarifvr,SN Ia-91T,SNIa,SNIa,0.43000000000000005,1,2,0.43000000000000005,0.15399999999999997,0.5287565085464809,1.0000000000000002,0.42999999999999994,0.6563588885736475,0.4247084183031068,0.6577397271319132,1.0,0.8515818725102239,0.727269909751133,0.8188581800616744
ZTF19aarprog,SN Ia-91T,SNIa,SNIa,0.484,1,2,0.484,0.15399999999999997,0.5722624632603976,1.0,0.484,0.6903098745158718,0.4095445420103839,0.7287488357280971,0.9999999999999999,0.8515818725102239,0.7120872026987151,0.8548153007939236
ZTF19aavidqf,SN Ia-91T,SNIa,SNIa,0.492,1,1,0.492,0.242,0.5504767647978749,1.0,0.492,0.7671477901942694,0.6080205998481718,0.7304089314897249,0.9999999999999999,0.8501719576719576,0.83750511009279,0.9553751378896613
ZTF19aawwlxc,SN Ia-91T,SNIa,SNIa,0.5140000000000001,1,5,0.5140000000000001,0.3320000000000001,0.5486699620622353,1.0000000000000002,0.514,0.8355368428811887,0.7652217154901044,0.7710318725522635,1.0,0.8434083693857094,0.8939186611077358,0.9863361731766421
ZTF19aaxffum,SN Ia-91T,SNIa,SNIa,0.518,1,2,0.518,0.20400000000000001,0.589716934530225,1.0,0.518,0.7455249273324398,0.5154841277128752,0.7568059072783733,1.0,0.8515818725102239,0.789678842771211,0.9327249472595105
ZTF19abdkdir,SN Ia-91T,SNIa,SNIa,0.536,1,4,0.536,0.28400000000000003,0.5727352667818144,1.0,0.536,0.8202191414168685,0.6784541315230183,0.782193973953227,1.0,0.8487215993434153,0.8665809069704045,0.9730761757378718
ZTF19abjarhj,SN Ia-91T,SNIa,SNIa,0.65,1,4,0.65,0.42600000000000005,0.6442692824922169,1.0,0.65,0.9151379266493055,0.8383392903063088,0.8808467947278961,1.0,0.8487215993434153,0.9108343814828297,0.9949736546831804
ZTF19abjswdz,SN Ia-91T,SNIa,SNIa,0.46413600000000005,1,3,0.46413600000000005,0.18525599999999998,0.5335943253674174,0.9960000000000002,0.46599999999999997,0.7142518415979195,0.4971015728611077,0.7034481688924887,0.9999976343393883,0.8445060947109149,0.7701277725045016,0.8856480456489978
ZTF19abqrrto,SN Ia-91T,SNIa,SNIa,0.16865600000000003,1,4,0.16865600000000003,0.021236000000000005,0.13744936652247597,0.508,0.3320000000000001,0.2788567795517647,0.07494581269033332,0.2936120489006945,0.6280435235693644,0.8487215993434153,0.2720696006318404,0.0008169659292282717
ZTF19abqsojs,SN Ia-91T,SNIa,SNIa,0.477044,1,4,0.477044,0.20359200000000005,0.5503740898036582,0.9980000000000001,0.478,0.7233541754697426,0.5250995297076836,0.710673718242602,0.9999984586878383,0.8487215993434153,0.8008099911796551,0.9246029761045028
ZTF19abzvvkb,SN Ia-91T,SNIa,SNIa,0.5780000000000001,1,4,0.5780000000000001,0.28200000000000003,0.6257138688984287,1.0,0.5780000000000001,0.8158901563356609,0.6438504361891653,0.805688315530247,1.0,0.8487215993434153,0.843949922566117,0.9734392410091389
ZTF19acbjlnt,SN Ia-91T,SNIa,SNIa,0.376488,1,2,0.376488,0.06573600000000002,0.5110325105310182,0.996,0.378,0.521003266242999,0.1890420746257822,0.6091427535435368,0.9999992132957274,0.8515818725102239,0.5313261041367324,0.5624579444103631
ZTF19acgemqj,SN Ia-91T,SNIa,SNIa,0.42978,1,1,0.42978,0.20532,0.38343374733685864,0.8699999999999999,0.49400000000000005,0.7608269870000239,0.5926211476898284,0.717115949001845,0.9923343328969613,0.8501719576719576,0.8333120516485709,0.9456617258255534
ZTF19achjpyc,SN Ia-91T,SNIa,SNIa,0.46,1,4,0.46,0.188,0.5385927597917168,1.0,0.46,0.7098399637368011,0.5007149002157157,0.6936758305376469,1.0,0.8487215993434153,0.790207242400612,0.8832657646616917
ZTF19acigkma,SN Ia-91T,SNIa,SNIa,0.3567000000000001,1,2,0.3567000000000001,0.15486000000000005,0.3280363797597565,0.8700000000000001,0.41000000000000003,0.639342161585275,0.4715185573681183,0.6131192089012092,0.9962624279193414,0.8515818725102239,0.7774149035514853,0.7630724821600738
ZTF19acordoi,SN Ia-91T,SNIa,SNIa,0.5337520000000001,1,5,0.5337520000000001,0.33310800000000007,0.5151121563060472,0.9740000000000002,0.548,0.8660655678551806,0.7820101129137723,0.809386567416128,0.9999367479569127,0.8434083693857094,0.8954020351546107,0.9896736620872452
ZTF19acxxwiz,SN Ia-91T,SNIa,SNIa,0.32,1,5,0.32,0.028000000000000025,0.49769431747311177,1.0,0.32,0.41478673554904977,0.08134433235351118,0.5374217467789046,0.9999999999999999,0.8434083693857094,0.4824248081372723,0.28153498121960896
ZTF20aaiaaoi,SN Ia-91T,SNIa,SNIa,0.3992,1,1,0.3992,0.187624,0.5031070433355278,0.998,0.4,0.6245631051010041,0.48168623168703717,0.6040146474842039,0.9999989596276209,0.8501719576719576,0.802257823249997,0.8657195122226603
ZTF20aakodiq,SN Ia-91T,SNIa,SNIa,0.444,1,1,0.444,0.124,0.5478114465156527,1.0,0.444,0.6389315268715813,0.34039892785643683,0.6834005898508192,1.0000000000000002,0.8501719576719576,0.6658652987102992,0.7686703651216664
ZTF20aamfpcj,SN Ia-91T,SNIa,SNIa,0.391216,1,2,0.391216,0.143712,0.5064739540116558,0.998,0.392,0.5925263682394735,0.39038279355090877,0.6028984519926819,0.9999997274909994,0.8515818725102239,0.7174479559485255,0.8423730308348609
ZTF20aaosoct,SN Ia-91T,SNIa,SNIa,0.5349280000000001,1,1,0.5349280000000001,0.247504,0.5821805926700371,0.9980000000000002,0.5359999999999999,0.7888013195921239,0.6025147037667651,0.7757179416120047,0.9999990084234287,0.8501719576719576,0.8232716626415161,0.9620096118415583
ZTF20abkrwdu,SN Ia-91T,SNIa,SNIa,0.542,1,4,0.542,0.22000000000000003,0.6120519095741208,1.0,0.542,0.7587090613424398,0.5327245595080651,0.7728769390280112,0.9999999999999999,0.8487215993434153,0.7866525979437402,0.9404305648050917
ZTF20abvqibv,SN Ia-91T,SNIa,SNIa,0.335328,1,4,0.335328,0.07185600000000003,0.4922388347148652,0.998,0.336,0.4609513135120903,0.19789626719545844,0.5367123036245762,0.999998285993541,0.8487215993434153,0.5994502949663492,0.6497552084304993
ZTF20acbttnt,SN Ia-91T,SNIa,SNIa,0.6254880000000002,1,2,0.6254880000000002,0.4780800000000001,0.5986213424892153,0.9960000000000003,0.628,0.9341163919448391,0.9027847257539939,0.8858871409654008,0.9999974006163754,0.8515818725102239,0.9502275388243858,0.9978860093141307
ZTF20achrklb,SN Ia-91T,SNIa,SNIa,0.612,1,2,0.612,0.428,0.6038146199642581,1.0,0.612,0.916295074076892,0.8618384533285505,0.8675251793488655,0.9999999999999998,0.8515818725102239,0.9404960765393611,0.9965990663396468
ZTF20acobxlz,SN Ia-91T,SNIa,SNIa,0.582,1,1,0.582,0.372,0.5946326015910082,1.0,0.582,0.8783301656834182,0.7960898149601201,0.8293027510722661,0.9999999999999999,0.8501719576719576,0.9006161195918997,0.9928899186357493
ZTF20acopmey,SN Ia-91T,SNIa,SNIa,0.500996,1,3,0.500996,0.305388,0.5385894087453795,0.998,0.502,0.8106900241392337,0.7207066364993049,0.7479955009208519,0.9999994759805502,0.8445060947109149,0.8798798078367978,0.9734473224485399
ZTF20acpwjus,SN Ia-91T,SNIa,SNIa,0.516,1,3,0.516,0.19,0.5922616636615807,1.0,0.516,0.7306982351426429,0.4808985825506349,0.7548752603584771,0.9999999999999999,0.8445060947109149,0.7501263174382434,0.9193229809125161
ZTF20acqfssi,SN Ia-91T,SNIa,SNIa,0.516964,1,2,0.516964,0.24151599999999995,0.567703145508061,0.998,0.518,0.7830182270466729,0.6045642333842756,0.7615631153004772,0.9999984742373023,0.8515818725102239,0.8418456543205931,0.9595069627394676
ZTF20acwnrty,SN Ia-91T,SNIa,SNIa,0.572,1,4,0.572,0.31999999999999995,0.6001872705652711,1.0,0.572,0.8477922408778442,0.7218230480273029,0.812650170739492,0.9999999999999998,0.8487215993434153,0.8794167716905732,0.9841701167232163
ZTF20aczgoml,SN Ia-91T,SNIa,SNIa,0.368,1,4,0.368,0.066,0.5112429455481542,1.0,0.368,0.5148169564065763,0.1897357309292056,0.590078470668169,1.0,0.8487215993434153,0.5678902878133153,0.44675124601132044
ZTF21aaahliy,SN Ia-91T,SNIa,SNIa,0.367872,1,5,0.367872,0.07663999999999999,0.46754444985025556,0.958,0.384,0.5152042043159109,0.22001095657139647,0.611296040136388,0.9992713568416132,0.8434083693857094,0.5852457422422241,0.7458422944993661
ZTF21aaahyjj,SN Ia-91T,SNIa,SNIa,0.395208,1,3,0.395208,0.181636,0.5026694345670919,0.998,0.396,0.6168831323948517,0.47050781385386614,0.6002879458662314,0.99999830603794,0.8445060947109149,0.7823118891862931,0.8065670970373063
ZTF21aagpbkj,SN Ia-91T,SNIa,SNIa,0.40800000000000003,1,2,0.40800000000000003,0.07799999999999996,0.5395537303574105,1.0000000000000002,0.4079999999999999,0.5635598929993285,0.2211902928595873,0.648575501465075,1.0000000000000002,0.8515818725102239,0.5531875513970497,0.624845099410568
ZTF21aagtqgz,SN Ia-91T,SNIa,SNIa,0.616,1,2,0.616,0.332,0.6496016237498595,1.0,0.616,0.8555458751327154,0.716746644208574,0.8378242982962526,1.0,0.8515818725102239,0.8955944242604398,0.9885974759973166
ZTF21aagxmfv,SN Ia-91T,SNIa,SNIa,0.524,1,5,0.524,0.278,0.5688426884576199,1.0,0.524,0.8137665995494875,0.6796106433728948,0.7733863591585666,0.9999999999999998,0.8434083693857094,0.8611510122450453,0.9773519539564929
ZTF21aajtsba,SN Ia-91T,SNIa,SNIa,0.434,1,4,0.434,0.08200000000000002,0.5544812801041535,1.0,0.434,0.5906012890282705,0.22772655528284658,0.6853696588540562,1.0,0.8487215993434153,0.5615330790111912,0.6205902083465228
ZTF21aamucom,SN Ia-91T,SNIa,SNIa,0.46706399999999987,1,4,0.46706399999999987,0.1916159999999999,0.5424487774372322,0.9979999999999999,0.4679999999999999,0.7128617072021114,0.5041335167452885,0.7016677070298442,0.9999979995342408,0.8487215993434153,0.7899439184439451,0.9051383104236886
ZTF21aanrvcq,SN Ia-91T,SNIa,SNIa,0.512,1,1,0.512,0.256,0.5622469138542987,1.0,0.512,0.7885102454906119,0.630967798651866,0.7537764507781732,1.0,0.8501719576719576,0.8438255705016412,0.9647124581368806
ZTF21aapjmpq,SN Ia-91T,SNIa,SNIa,0.626,1,5,0.626,0.37,0.6418906657824914,1.0,0.626,0.8872840827978363,0.7820197233961113,0.8585757753199605,0.9999999999999999,0.8434083693857094,0.8892963191934717,0.9932611041871942
ZTF21aapvxnf,SN Ia-91T,SNIa,SNIa,0.479208,1,4,0.479208,0.251292,0.4927971270855668,0.9740000000000001,0.492,0.7794855692010837,0.641093296182097,0.7316774757587057,0.9999243730503704,0.8487215993434153,0.8602094507370666,0.9587587747282633
ZTF21aatnxwt,SN Ia-91T,SNIa,SNIa,0.446,1,1,0.446,0.15800000000000003,0.5372801244182306,1.0,0.446,0.6732799833801214,0.42956305030973074,0.6783706684609355,1.0,0.8501719576719576,0.7389033343340299,0.8064489026157473
ZTF21aauapli,SN Ia-91T,SNIa,SNIbc,0.4197600000000001,0,4,0.4197600000000001,0.039600000000000024,0.5421701600697482,0.9900000000000002,0.424,0.5383922203523124,0.11082668684708674,0.6914728295783877,0.9999731606746638,0.5038357489552927,0.4419601412884146,0.40577616976160646
ZTF21aavhlok,SN Ia-91T,SNIa,SNIa,0.5720000000000001,1,5,0.5720000000000001,0.35200000000000004,0.5875826273369195,1.0,0.5720000000000001,0.8768909943329062,0.7870121504850065,0.8291309663092208,0.9999999999999999,0.8434083693857094,0.8947083144284813,0.9917935281909978
ZTF21aaxtrlt,SN Ia-91T,SNIa,SNIa,0.4620000000000001,1,5,0.4620000000000001,0.21600000000000005,0.5360024543907764,1.0000000000000002,0.46199999999999997,0.7347113655765954,0.5711784885399129,0.6997405057720285,1.0,0.8434083693857094,0.8212597068753256,0.9333660411407196
ZTF21abbxdcm,SN Ia-91T,SNIa,SNIbc,0.271328,0,2,0.271328,0.0019520000000000093,0.4464430254714298,0.9760000000000001,0.27799999999999997,0.30750519704419066,0.0051712648006176365,0.5115896362582317,0.9998947738847325,0.49859770604050213,0.4385018330801828,0.4989762648854817
ZTF21abegynu,SN Ia-91T,SNIa,SNIa,0.656,1,1,0.656,0.402,0.6669415222620112,1.0,0.656,0.8972583797506835,0.7982850073689718,0.8709565068095052,1.0,0.8501719576719576,0.8949833431993092,0.9943393797347976
ZTF21abfflmp,SN Ia-91T,SNIa,SNIa,0.598,1,2,0.598,0.346,0.6151230675598539,1.0,0.598,0.8718791516795237,0.757353717593698,0.8393518810407001,1.0,0.8515818725102239,0.9096962929909952,0.9909801385142193
ZTF21abhshmt,SN Ia-91T,SNIa,SNIa,0.32595199999999996,1,1,0.32595199999999996,0.07408000000000003,0.3944126868840365,0.9259999999999999,0.352,0.4946740635402241,0.22292969733827717,0.5495587413927445,0.9968642495713819,0.8501719576719576,0.6223540310037092,0.7156363849215205
ZTF21abienbe,SN Ia-91T,SNIa,SNIbc,0.534,0,4,0.534,0.15600000000000003,0.6432437818190067,1.0,0.534,0.6867968801101719,0.37931333425287456,0.7593534269378921,1.0,0.5038357489552927,0.671559461092644,0.5885348244765123
ZTF21abqsysj,SN Ia-91T,SNIa,SNIa,0.412,1,5,0.412,0.128,0.5219523840950545,1.0,0.412,0.6252182735780654,0.36768647224268886,0.640498170515535,1.0,0.8434083693857094,0.7032737731797356,0.7284956071796717
ZTF21abujefa,SN Ia-91T,SNIa,SNIa,0.5,1,4,0.5,0.306,0.5429553744529936,1.0,0.5,0.8066048717167268,0.717416751103669,0.7436717137873707,1.0,0.8487215993434153,0.8907722327761601,0.9795463606792075
ZTF21acdalyp,SN Ia-91T,SNIa,SNIa,0.48384,1,4,0.48384,0.22271999999999997,0.4866249106031214,0.9600000000000001,0.504,0.7677107350568151,0.58483048084052,0.7440206141951291,0.999792179729885,0.8487215993434153,0.8277399846206637,0.9458070232697998
ZTF21acfccil,SN Ia-91T,SNIa,SNIa,0.31752400000000003,1,3,0.31752400000000003,0.025323999999999958,0.4622044151686602,0.9740000000000002,0.32599999999999996,0.39544950514293603,0.06982236801110403,0.5635498268785875,0.9998580411103539,0.8445060947109149,0.4852589481688355,0.6726964208174397
ZTF21acfqldh,SN Ia-91T,SNIa,SNIa,0.469396,1,1,0.469396,0.210148,0.5068522366431003,0.9819999999999999,0.47800000000000004,0.740900240516786,0.5543763853849745,0.7145149513451571,0.9999673481145687,0.8501719576719576,0.8112538580758517,0.928259045695373
ZTF21acgyciq,SN Ia-91T,SNIa,SNIa,0.552,1,3,0.552,0.28600000000000003,0.5955250174304847,1.0,0.552,0.8187414389083919,0.6701250072666858,0.7902118515393233,1.0,0.8445060947109149,0.8522077941104617,0.979138145849432
ZTF21achaxze,SN Ia-91T,SNIa,SNIa,0.581312,1,5,0.581312,0.384896,0.5683362183316019,0.992,0.5860000000000001,0.9000296452126113,0.8322891808251968,0.8486977086267676,0.9999977795395909,0.8434083693857094,0.9069186162843222,0.9944769131807318
ZTF21achcwnd,SN Ia-91T,SNIa,SNIa,0.526,1,3,0.526,0.258,0.5722823945363835,1.0,0.526,0.7990126013767765,0.6337961972648272,0.771070368491048,1.0,0.8445060947109149,0.8368334134565116,0.9664429722437805
ZTF21achdxdn,SN Ia-91T,SNIa,SNIa,0.606,1,2,0.606,0.42,0.6009695983713341,1.0,0.606,0.9112583636653734,0.854407645214285,0.8615885405845817,0.9999999999999999,0.8515818725102239,0.9386562079308209,0.9962907874287847
ZTF22aaettxg,SN Ia-91T,SNIa,SNIa,0.534,1,1,0.534,0.27,0.5767717488491514,1.0,0.534,0.8073333082621696,0.6502096906713977,0.7770881870112243,1.0,0.8501719576719576,0.8482531367679936,0.971759395693846
ZTF22aahhvqj,SN Ia-91T,SNIa,SNIa,0.23711999999999994,1,3,0.23711999999999994,0.005472000000000005,0.3706256302546517,0.9119999999999998,0.26,0.2716479740618162,0.014426975565265565,0.4786654521569772,0.9942229797784812,0.8445060947109149,0.484794831096164,0.4894983259329339
ZTF22aaijnqy,SN Ia-91T,SNIa,SNIa,0.456,1,4,0.456,0.16400000000000003,0.5424622747021062,1.0,0.456,0.6869861395966652,0.4433804854450002,0.6918568739780149,0.9999999999999999,0.8487215993434153,0.7502571739470826,0.8443496966098871
ZTF22aakndny,SN Ia-91T,SNIa,SNIa,0.656,1,3,0.656,0.41400000000000003,0.6595823541482361,1.0,0.656,0.9069758825562996,0.8188083746872961,0.877578163859906,1.0000000000000002,0.8445060947109149,0.9017821172109066,0.9956766933657418
ZTF22aalizik,SN Ia-91T,SNIa,SNIa,0.5860000000000001,1,2,0.5860000000000001,0.328,0.6083992408708789,1.0000000000000002,0.586,0.8597017600220549,0.7345386032849044,0.8287048265387023,0.9999999999999999,0.8515818725102239,0.901357307438408,0.9884827280470506
ZTF22aalpfln,SN Ia-91T,SNIa,SNIa,0.722,1,5,0.722,0.528,0.6982329117980399,1.0,0.722,0.9559573645618296,0.9142880243764187,0.9294210347904391,1.0,0.8434083693857094,0.921495701370604,0.998458860170681
ZTF22aasppdz,SN Ia-91T,SNIa,SNIa,0.502,1,4,0.502,0.26,0.5530890966306209,1.0,0.502,0.7862929907864576,0.6422406661371166,0.7434129319450022,0.9999999999999999,0.8487215993434153,0.8580275831261512,0.9623080300257852
ZTF22aaznbmz,SN Ia-91T,SNIa,SNIbc,0.353292,0,3,0.353292,0.015967999999999982,0.5214544368138989,0.998,0.354,0.4424245385667326,0.04533401916732355,0.6020962296157464,0.9999981874279833,0.4967890951237502,0.4382087465069907,0.44097149495258875
ZTF22abegjkl,SN Ia-91T,SNIa,SNIa,0.614,1,5,0.614,0.41000000000000003,0.6103782072793327,1.0,0.614,0.9130215435261102,0.8470045788817225,0.8688299595384268,1.0000000000000002,0.8434083693857094,0.9091265659209489,0.995900322838918
ZTF22abghdno,SN Ia-91T,SNIa,SNIa,0.54,1,5,0.54,0.23200000000000004,0.5992455925233928,1.0,0.54,0.7802405159481666,0.5756377138179156,0.7816720430409323,0.9999999999999999,0.8434083693857094,0.808496218653512,0.9586741213980217
ZTF22abmygmc,SN Ia-91T,SNIa,SNIa,0.45472,1,2,0.45472,0.20188,0.5012626936710649,0.98,0.464,0.7214548744848981,0.539706150285975,0.6973464255381591,0.9999333449237826,0.8515818725102239,0.8073835219197908,0.9242484903241913
ZTF22abnehge,SN Ia-91T,SNIa,SNIa,0.394,1,5,0.394,0.09600000000000003,0.5185267052358565,1.0,0.394,0.5789884564223778,0.2814514973894327,0.6230850314964596,1.0,0.8434083693857094,0.6389273959769444,0.5950898881038406
ZTF22abnfsjo,SN Ia-91T,SNIa,SNIa,0.5780000000000001,1,5,0.5780000000000001,0.35400000000000004,0.5918131172338039,1.0,0.5780000000000001,0.8799902719266037,0.7881482485993172,0.8343504084543113,1.0,0.8434083693857094,0.8944832131515714,0.9920357421015606
ZTF22abnxovx,SN Ia-91T,SNIa,SNIa,0.536,1,2,0.536,0.30200000000000005,0.5677605778152051,1.0,0.536,0.8352021371562415,0.7159963552872197,0.7875940538863415,1.0,0.8515818725102239,0.8934677022494554,0.9820764567962726
ZTF22aboapcj,SN Ia-91T,SNIa,SNIa,0.512,1,4,0.512,0.14400000000000002,0.6154276458178892,1.0,0.512,0.6757336731901713,0.3622724076425323,0.7480540951174302,1.0,0.8487215993434153,0.6611455938649266,0.845343488981997
ZTF22absygcs,SN Ia-91T,SNIa,SNIa,0.5,1,5,0.5,0.21600000000000003,0.5686822796439983,1.0,0.5,0.7550978301459976,0.5590443368110534,0.7425013603647665,1.0,0.8434083693857094,0.8068600864059634,0.944980684110069
ZTF22abubrek,SN Ia-91T,SNIa,SNIa,0.5169640000000001,1,1,0.5169640000000001,0.291416,0.5502150271285202,0.9980000000000002,0.518,0.8174780279850635,0.6984794241079866,0.7647082430090019,0.9999995872325143,0.8501719576719576,0.8733626471769219,0.9757361698628026
ZTF22abynlvk,SN Ia-91T,SNIa,SNIa,0.45200000000000007,1,4,0.45200000000000007,0.192,0.5346775134695716,1.0000000000000002,0.45199999999999996,0.7008891268404669,0.5072294946415737,0.6807475858427864,0.9999999999999999,0.8487215993434153,0.7983599760691337,0.8989098757037329
ZTF23aadjpsn,SN Ia-91T,SNIa,SNIa,0.38000000000000006,1,5,0.38000000000000006,0.09600000000000003,0.5213529666096629,1.0000000000000002,0.37999999999999995,0.5370045716518471,0.2687869238213307,0.6031357935032291,0.9999999999999999,0.8434083693857094,0.6305259926717707,0.7409076859998593
ZTF23aadvpwt,SN Ia-91T,SNIa,SNIa,0.5700000000000001,1,3,0.5700000000000001,0.25,0.6392797320258172,1.0,0.5700000000000001,0.7850605924259849,0.581418827441858,0.7910375881443468,0.9999999999999998,0.8445060947109149,0.8067374395046516,0.964766840955543
ZTF23aaeieqk,SN Ia-91T,SNIa,SNIa,0.44426000000000004,1,1,0.44426000000000004,0.18041999999999997,0.4838534580271223,0.9700000000000002,0.45799999999999996,0.7043692490378114,0.4944629668625704,0.6895501756905873,0.9997929869386001,0.8501719576719576,0.7810209383329312,0.8906455019335672
ZTF23aaghvsv,SN Ia-91T,SNIa,SNIa,0.59,1,3,0.59,0.344,0.6073457580809957,1.0,0.59,0.8692243630374353,0.7567311698559608,0.8332077388868551,1.0,0.8445060947109149,0.8835813829897602,0.9905142295215328
ZTF23aakprat,SN Ia-91T,SNIa,SNIa,0.606,1,4,0.606,0.408,0.6021312121451323,1.0,0.606,0.9058553728772027,0.8386972372087157,0.8575714675474415,0.9999999999999999,0.8487215993434153,0.9144624277288094,0.9941808482735832
ZTF23aaynddf,SN Ia-91T,SNIa,SNIa,0.427144,1,2,0.427144,0.15768400000000005,0.5230114000239876,0.998,0.42800000000000005,0.6526906575529199,0.4315168029130864,0.6533961847075078,0.9999997672972468,0.8515818725102239,0.7355894283454265,0.9154818612142099
ZTF23abankfn,SN Ia-91T,SNIa,SNIa,0.446,1,3,0.446,0.16599999999999998,0.5342812093097009,1.0,0.446,0.6832529665619939,0.4530982585695895,0.6786607021862443,1.0,0.8445060947109149,0.7462281337333355,0.8338282551547792
ZTF23abauieq,SN Ia-91T,SNIa,SNIa,0.390836,1,2,0.390836,0.18068800000000002,0.46964915367584126,0.982,0.398,0.6227651259744553,0.47776773395853067,0.6041266787589814,0.9999643546961917,0.8515818725102239,0.7846513017534943,0.7973185529649871
ZTF23abcvqkd,SN Ia-91T,SNIa,SNIa,0.39,1,4,0.39,0.126,0.5169676329573778,1.0,0.39,0.5706399313615251,0.3403863816235216,0.6038580592292968,1.0000000000000002,0.8487215993434153,0.7005004919647609,0.7993315997431113
ZTF23abffvrm,SN Ia-91T,SNIa,SNIa,0.53892,1,4,0.53892,0.27943999999999997,0.5751695636968743,0.998,0.5399999999999999,0.8158060321304194,0.6667720738143915,0.7832444944951195,0.9999984522539727,0.8487215993434153,0.8608376129719091,0.9730314232443474
ZTF23abjxqwr,SN Ia-91T,SNIa,SNIbc,0.331968,0,4,0.331968,0.06019199999999997,0.3763994106067102,0.912,0.364,0.50131978642075,0.18652680546314476,0.5801854539104132,0.9982294292362808,0.5038357489552927,0.5702957872643549,0.45282301617871545
ZTF23abofyzh,SN Ia-91T,SNIa,SNIa,0.4015199999999999,1,4,0.4015199999999999,0.10898399999999991,0.45698777832302895,0.9559999999999997,0.42,0.6083584479722866,0.31710061214341867,0.6499883073159997,0.9995662383417058,0.8487215993434153,0.6624108658402554,0.7354094326119758
ZTF23abqbpob,SN Ia-91T,SNIa,SNIa,0.509952,1,3,0.509952,0.28884,0.5459200314545127,0.996,0.512,0.807132550363376,0.6926671367251668,0.7564846294289019,0.999998040761622,0.8445060947109149,0.8671139287849807,0.9787444831272775
ZTF23abvbwys,SN Ia-91T,SNIa,SNIa,0.266,1,3,0.266,0.0,0.4904617538324729,1.0,0.266,0.2836437132390846,0.0,0.49929512657119157,1.0,0.8445060947109149,0.45952857278049164,0.555731295950366
ZTF24aaheeel,SN Ia-91T,SNIa,SNIa,0.341736,1,2,0.341736,0.09230799999999997,0.4629688170567188,0.982,0.348,0.48974874346929054,0.25598999406898004,0.5514307486132678,0.9999618296756794,0.8515818725102239,0.6215339771683117,0.6456473911616986
ZTF24aahnnsa,SN Ia-91T,SNIa,SNII,0.3077440000000001,0,4,0.3077440000000001,0.035872000000000015,0.4050393042471394,0.9440000000000002,0.326,0.42665569302377576,0.1068520399862507,0.5357621670847876,0.999076484820151,0.8738761732007377,0.5108494147509199,0.6542794868924865
ZTF24aaiaaxr,SN Ia-91T,SNIa,SNIbc,0.28080000000000005,0,1,0.28080000000000005,0.0126,0.3510034166243422,0.9000000000000002,0.31199999999999994,0.38069036315095733,0.03851606239490635,0.5322860298797143,0.997423068513615,0.4917064865161751,0.4619985627582166,0.41277859311656157
ZTF24aaosmwq,SN Ia-91T,SNIa,SNII,0.357864,0,2,0.357864,0.126984,0.43353967390652304,0.962,0.37200000000000005,0.5574975099889303,0.35835343154969723,0.5718523646148431,0.9997267505530256,0.87441809783826,0.6976078947093322,0.8491204605792809
ZTF24aaqzycc,SN Ia-91T,SNIa,SNIa,0.34762799999999994,1,1,0.34762799999999994,0.12176799999999999,0.4601335346082407,0.9819999999999998,0.35400000000000004,0.5131482252308467,0.32472727799438195,0.5476389807978441,0.9999502557990996,0.8501719576719576,0.7137724399153011,0.6578924301309309
ZTF24abqqoxy,SN Ia-91T,SNIa,SNIa,0.25452800000000003,1,3,0.25452800000000003,0.041904,0.2327045752511444,0.7760000000000001,0.32799999999999996,0.4081630269997765,0.14010377647552763,0.5170606665917463,0.9833468210274635,0.8445060947109149,0.5657448279215743,0.7390002371480989
ZTF24abzsmux,SN Ia-91T,SNIa,SNIa,0.381808,1,1,0.381808,0.12661999999999995,0.4588169262391655,0.974,0.392,0.5903521881644509,0.3588508586428566,0.6015956233036543,0.9999002757728197,0.8501719576719576,0.7144663674244078,0.7185057448633545
ZTF25aaqgddb,SN Ia-91T,SNIa,SNIa,0.397176,1,4,0.397176,0.154128,0.487572786806983,0.988,0.40199999999999997,0.618534208995886,0.4211732646317466,0.6116106834422274,0.999970053886641,0.8487215993434153,0.761380689273914,0.8023393097726994
ZTF25aaudpzv,SN Ia-91T,SNIa,SNIa,0.3996159999999999,1,3,0.3996159999999999,0.22121599999999994,0.3612972610711197,0.8919999999999999,0.44799999999999995,0.7242832824986218,0.61431943598511,0.6661160614057763,0.9975019278042424,0.8445060947109149,0.8475013513083844,0.9321407326187875
ZTF25aawterb,SN Ia-91T,SNIa,SLSN,0.294816,0,3,0.294816,0.003984000000000043,0.4862153523440389,0.996,0.29600000000000004,0.34766167015802596,0.010882182173483912,0.5249575053815823,0.9999981818123309,0.32347780476687044,0.4443668658170428,0.347136749295338
ZTF25abuvoav,SN Ia-91T,SNIa,SNIbc,0.393212,0,5,0.393212,0.105788,0.5257535441873864,0.998,0.394,0.5579954795757572,0.2936559514668058,0.6191621630431234,0.9999986396197506,0.5111707620422298,0.6470800840564707,0.5525703239420527
ZTF25acgqggy,SN Ia-91T,SNIa,SNIa,0.38,1,2,0.38,0.134,0.5056075587169346,1.0,0.38,0.5743293902414647,0.36752037949566596,0.5842940030371471,1.0,0.8515818725102239,0.6988084484214343,0.7885528827370542
ZTF25acgqhjx,SN Ia-91T,SNIa,SNIa,0.498,1,4,0.498,0.274,0.5477229572639184,1.0,0.498,0.7901265548775568,0.6669188139454688,0.7390091856701358,1.0,0.8487215993434153,0.8705421284008674,0.9683226318616474
ZTF18abltdfj,SN Ia-91bg,SNIa,SNIbc,0.508,0,2,0.508,0.202,0.5829181985993418,1.0,0.508,0.7393959008287062,0.5146050830589266,0.7454056351392182,1.0,0.49859770604050213,0.7891374174264582,0.6145096739985726
ZTF19aanhgqg,SN Ia-91bg,SNIa,SNIa,0.412,1,1,0.412,0.00599999999999995,0.571034122995943,1.0,0.412,0.4920691844178354,0.01648934737767732,0.6931723228257243,1.0,0.8501719576719576,0.36514189692982174,0.4342454381097502
ZTF19abhibzk,SN Ia-91bg,SNIa,SNIa,0.624748,1,5,0.624748,0.33532799999999996,0.6638023744875217,0.998,0.626,0.8579596955787037,0.7209355160418979,0.8409504355157716,0.9999998374236833,0.8434083693857094,0.8683713592192759,0.9889139791680945
ZTF20abegopd,SN Ia-91bg,SNIa,SNIbc,0.435064,0,2,0.435064,0.18097200000000002,0.4125743561130637,0.914,0.476,0.7277920823686767,0.5220199590764103,0.7112481889864208,0.9988003836630099,0.49859770604050213,0.7948752137131517,0.5550516296718468
ZTF20abjapav,SN Ia-91bg,SNIa,SNIbc,0.469168,0,2,0.469168,0.12126799999999999,0.5639458050376012,0.994,0.472,0.6477767180959064,0.3268833713006486,0.7167164992946988,0.9999962438329872,0.49859770604050213,0.6448545475977162,0.5017132056101052
ZTF20acgkuay,SN Ia-91bg,SNIa,SNIbc,0.488,0,3,0.488,0.08199999999999996,0.625919291578622,1.0,0.488,0.6001773303909762,0.20975163134213248,0.7342035375642672,0.9999999999999999,0.4967890951237502,0.5403206043547863,0.5304478333444573
ZTF20acvbrbv,SN Ia-91bg,SNIa,SNIbc,0.42398,0,1,0.42398,0.14395600000000003,0.4977054861736081,0.9860000000000001,0.43,0.6497556816240657,0.4019043225350325,0.6575213669378404,0.9999778227287328,0.4917064865161751,0.7255376288137099,0.40690968124700766
ZTF21aawihwx,SN Ia-91bg,SNIa,SNIbc,0.436,0,5,0.436,0.043999999999999984,0.5770647347462615,1.0,0.436,0.5487828600557537,0.12292991072108173,0.7047705519202566,1.0,0.5111707620422298,0.4726038766633639,0.47011141811906776
ZTF21abulrsl,SN Ia-91bg,SNIa,SNIa,0.389272,1,1,0.389272,0.013832000000000011,0.5217889289333209,0.988,0.394,0.49163010288128345,0.039636874909262654,0.6656754559194036,0.9999727075923569,0.8501719576719576,0.39653352319267493,0.40926291592947756
ZTF21abyguqw,SN Ia-91bg,SNIa,SNIa,0.31868799999999997,1,1,0.31868799999999997,0.08140400000000003,0.3357088849190548,0.8659999999999999,0.368,0.5162634568721092,0.2560967971561641,0.5634741321387868,0.9921970351363535,0.8501719576719576,0.6452969661178827,0.6576527557709727
ZTF21acincqb,SN Ia-91bg,SNIa,SNIbc,0.400392,0,2,0.400392,0.011952000000000018,0.5520043185819876,0.996,0.402,0.4905792524517838,0.03370794690863954,0.6750478036512204,0.9999980989566413,0.49859770604050213,0.38362344942097926,0.4101885963504011
ZTF22aajjdkr,SN Ia-91bg,SNIa,SNIbc,0.576,0,2,0.576,0.29599999999999993,0.6152675401207164,1.0,0.576,0.8316261888729538,0.67883708516907,0.8112448763880066,0.9999999999999999,0.49859770604050213,0.8791273439783057,0.7723616301103957
ZTF22aakejxf,SN Ia-91bg,SNIa,SNIbc,0.3690120000000001,0,3,0.3690120000000001,0.003864000000000034,0.48114113320537144,0.9660000000000002,0.38200000000000006,0.47238794128492134,0.01148086362079137,0.6549536785136816,0.9996892289317243,0.4967890951237502,0.38893985961999517,0.38494230300492926
ZTF22abfwihc,SN Ia-91bg,SNIa,SNIa,0.5,1,1,0.5,0.21400000000000002,0.5634887800007093,1.0,0.5,0.7522496623010838,0.5468032202284443,0.740914132026739,1.0000000000000002,0.8501719576719576,0.7992941969784549,0.9329305172851381
ZTF22abmdqzf,SN Ia-91bg,SNIa,SNIa,0.40880400000000006,1,3,0.40880400000000006,0.011736000000000024,0.5338230143759507,0.9780000000000002,0.418,0.49989271726030754,0.03290170370609807,0.6943969955674336,0.9999091187730692,0.8445060947109149,0.39711883862994607,0.5018315131727887
ZTF22abtcsar,SN Ia-91bg,SNIa,SNIbc,0.32454800000000006,0,1,0.32454800000000006,0.02626400000000001,0.4143420017305399,0.9380000000000001,0.34600000000000003,0.4439984906679445,0.0790499236295904,0.5779776541570103,0.9990473436444786,0.4917064865161751,0.4757110777802198,0.39423717732926006
ZTF22abunjts,SN Ia-91bg,SNIa,SNIbc,0.441288,0,5,0.441288,0.089424,0.5203397485671015,0.9720000000000001,0.45399999999999996,0.6092895936422875,0.25417721323662695,0.7044913992159926,0.9999328047544557,0.5111707620422298,0.5916254819289184,0.487382871995108
ZTF22abveefy,SN Ia-91bg,SNIa,SNIa,0.43392,1,4,0.43392,0.12672,0.48478256505761486,0.96,0.452,0.644482321479293,0.35584900467929204,0.6868637987999545,0.9997089704738361,0.8487215993434153,0.6813122058279539,0.8062141024483921
ZTF23aafgazi,SN Ia-91bg,SNIa,SNIa,0.319748,1,1,0.319748,0.0018919999999999493,0.41984497762368167,0.9460000000000001,0.33799999999999997,0.42374354130621683,0.005802773731952426,0.5823870928878251,0.9993964262975794,0.8501719576719576,0.4029696551641357,0.2867591443817926
ZTF23ablrwcj,SN Ia-91bg,SNIa,SNIbc,0.450192,0,5,0.450192,0.11155199999999998,0.5610534170169574,0.9959999999999999,0.452,0.624885194178221,0.3079295963406583,0.6922105244500145,0.9999990166185789,0.5111707620422298,0.6412176212103474,0.4958418706134765
ZTF25aacaoby,SN Ia-91bg,SNIa,SNIbc,0.48902000000000007,0,3,0.48902000000000007,0.197604,0.5660753469314265,0.9980000000000002,0.48999999999999994,0.7229834049072029,0.5073792805787878,0.722684728296584,0.9999993558012887,0.4967890951237502,0.7743536561159737,0.5809720403053162
ZTF18acyxnyw,SLSN-I,SLSN,SLSN,0.7635040000000002,1,2,0.7635040000000002,0.6721120000000002,0.6504191121451298,0.9520000000000002,0.802,0.9895292633385189,0.9827693026807923,0.9749915862935485,0.9997678903516891,0.32107454401268837,0.9659534502614057,0.7987556463539585
ZTF19aanesgt,SLSN-I,SLSN,SLSN,0.6724519999999999,1,4,0.6724519999999999,0.5304679999999999,0.611110959971048,0.9859999999999999,0.682,0.9582360043280566,0.9325036266264206,0.9215720214523789,0.9999897395496219,0.3065797104880041,0.9323234206313851,0.6131423309264019
ZTF19aarphwc,SLSN-I,SLSN,SLSN,0.780436,1,5,0.780436,0.63872,0.7355591617889347,0.998,0.782,0.9808054123906244,0.9640077735888061,0.9621776428287151,0.9999996248146781,0.3214158156316022,0.9305697134821028,0.7118094302954763
ZTF19aavouyw,SLSN-I,SLSN,SLSN,0.722,1,1,0.722,0.57,0.6825504284435928,1.0,0.722,0.9658399154481634,0.9399766879708833,0.9368650278713586,1.0,0.3341521793902746,0.9304077959373007,0.6617724303448465
ZTF19aawfbtg,SLSN-I,SLSN,SLSN,0.88,1,5,0.88,0.822,0.8182452030891105,1.0,0.88,0.9977598528736981,0.9962343417586554,0.9934442739823522,1.0,0.3214158156316022,0.9350225241622778,0.7810347302420634
ZTF19abfvnns,SLSN-I,SLSN,SLSN,0.38476800000000005,1,1,0.38476800000000005,0.22177600000000003,0.2757648029939913,0.6680000000000001,0.576,0.7758534717954602,0.670395414114608,0.6991032638869283,0.9023484901270293,0.3341521793902746,0.8818223637007503,0.5547713836329755
ZTF19abnacvf,SLSN-I,SLSN,SLSN,0.801164,1,4,0.801164,0.71568,0.7266696329968583,0.994,0.8059999999999999,0.9906782578270155,0.985239540953133,0.9772633515084749,0.9999967661008426,0.3065797104880041,0.9386287050824024,0.7354442719038071
ZTF19abpbopt,SLSN-I,SLSN,SLSN,0.706,1,2,0.706,0.5519999999999999,0.6671014786074092,1.0,0.706,0.9637009596813069,0.9367463183404556,0.9329090372045457,1.0000000000000002,0.32107454401268837,0.9573125298580873,0.6950318206076904
ZTF19abxgmzr,SLSN-I,SLSN,SNIbc,0.374496,0,3,0.374496,0.07768799999999998,0.5029832572933287,0.996,0.376,0.5355944705270625,0.2245458106103233,0.5979035758773248,0.9999976895195797,0.4967890951237502,0.5904935620458991,0.2519878983348307
ZTF19acbonaa,SLSN-I,SLSN,SLSN,0.81,1,5,0.81,0.6980000000000001,0.755815813101625,1.0,0.81,0.9892742390222237,0.9804263141282782,0.9760399849724043,0.9999999999999999,0.3214158156316022,0.9330646542461989,0.74332305047722
ZTF19acfwynw,SLSN-I,SLSN,SLSN,0.8556080000000001,1,2,0.8556080000000001,0.7765680000000001,0.7761394857091,0.9880000000000002,0.866,0.9957171622637878,0.9920159934897879,0.9890127862526834,0.9999967739685479,0.32107454401268837,0.9675310356278265,0.8228035871557557
ZTF19acgjpgh,SLSN-I,SLSN,SLSN,0.77,1,4,0.77,0.654,0.7128737465351573,1.0,0.77,0.9833254033529797,0.971283469042465,0.9638751686025927,1.0000000000000002,0.3065797104880041,0.9368654011799589,0.707178764704995
ZTF19ackjrru,SLSN-I,SLSN,SLSN,0.834648,1,5,0.834648,0.75696,0.7638055806325281,0.996,0.838,0.9949447069233935,0.9914808540710616,0.9866965791853723,0.9999981643520899,0.3214158156316022,0.9345730992544142,0.7671942632182801
ZTF19adaivcf,SLSN-I,SLSN,SLSN,0.8491520000000001,1,2,0.8491520000000001,0.7360640000000002,0.7932439935598322,0.9920000000000001,0.8560000000000001,0.9910671642469249,0.9823684636232847,0.9807350171687144,0.9999983358643212,0.32107454401268837,0.9659130209155548,0.8068616247462245
ZTF20aahbfmf,SLSN-I,SLSN,SLSN,0.750984,1,4,0.750984,0.6613439999999999,0.6835939599626637,0.996,0.754,0.9828613013346436,0.975857279390386,0.9611712004749339,0.9999990533659712,0.3065797104880041,0.9382313685399628,0.706200904524282
ZTF20aaifybu,SLSN-I,SLSN,SLSN,0.673484,1,3,0.673484,0.5721799999999999,0.5521204020253329,0.938,0.718,0.9740217207511034,0.9623907942225163,0.9446590864396139,0.9997118686854329,0.32347780476687044,0.9372101508145397,0.6802942688141714
ZTF20aattyuz,SLSN-I,SLSN,SLSN,0.734,1,2,0.734,0.63,0.6802357400261123,1.0,0.734,0.9782564211746727,0.9683251526451689,0.9532451005738268,1.0,0.32107454401268837,0.9631894359698013,0.7583223193034313
ZTF20aayprqz,SLSN-I,SLSN,SLSN,0.66,1,3,0.66,0.48400000000000004,0.6358316146758896,1.0,0.66,0.9416611085654963,0.8987892538961338,0.9021492456395859,1.0,0.32347780476687044,0.9237256424918591,0.5435640567484554
ZTF20abobpcb,SLSN-I,SLSN,SLSN,0.8022720000000001,1,4,0.8022720000000001,0.7124800000000001,0.7073810259310491,0.9760000000000001,0.8220000000000001,0.9917800346813056,0.9856952034222671,0.980047985955414,0.9999552298657125,0.3065797104880041,0.938451953534438,0.7399000196670549
ZTF20abpuwxl,SLSN-I,SLSN,SLSN,0.8573040000000001,1,3,0.8573040000000001,0.76788,0.7734770992902117,0.9720000000000001,0.882,0.9948000537422936,0.9897512727529623,0.9876615638553196,0.999953986059379,0.32347780476687044,0.9410808625796521,0.7718672816933873
ZTF20acphdcg,SLSN-I,SLSN,SLSN,0.6872800000000001,1,3,0.6872800000000001,0.5111040000000001,0.619587461093196,0.9680000000000002,0.71,0.9553912755633013,0.9157306335960999,0.9254287675078169,0.9997759321819496,0.32347780476687044,0.9268883287046793,0.6212332313730107
ZTF20acpyldh,SLSN-I,SLSN,SLSN,0.819,1,5,0.819,0.74984,0.6841736010833379,0.9099999999999999,0.9,0.9967919576480824,0.9940404448853284,0.9912435974971596,0.999614098027101,0.3214158156316022,0.9348271888808743,0.7795041790151227
ZTF21aaarmti,SLSN-I,SLSN,SLSN,0.762,1,5,0.762,0.658,0.7076340573120146,1.0,0.762,0.9836505637199121,0.9751218205946192,0.9640662834639512,1.0,0.3214158156316022,0.9328872660860845,0.7227880580314253
ZTF21aagpymw,SLSN-I,SLSN,SLSN,0.736524,1,4,0.736524,0.5608759999999999,0.6994599977279208,0.998,0.738,0.9628306547299892,0.9285105206514375,0.9370656690132692,0.9999998620074649,0.3065797104880041,0.9293979790050338,0.6479868918962739
ZTF21aalhtgv,SLSN-I,SLSN,SLSN,0.682632,1,5,0.682632,0.45908000000000004,0.6707246794712487,0.998,0.684,0.9318285934608751,0.8667312460074792,0.9027325829942853,0.999999543623404,0.3214158156316022,0.9112234734901925,0.5715047268868991
ZTF21aavdqgf,SLSN-I,SLSN,SLSN,0.364536,1,5,0.364536,0.07370400000000005,0.49937743673638724,0.996,0.36600000000000005,0.5228214711027986,0.2176884605402329,0.5862133759674344,0.9999965086815378,0.3214158156316022,0.5936216844625554,0.16919964475614785
ZTF21abbqeea,SLSN-I,SLSN,SLSN,0.45738,1,2,0.45738,0.2541,0.3443114311615909,0.77,0.594,0.8411862296909611,0.7159757644505986,0.789650574380736,0.9794358850454628,0.32107454401268837,0.9049835406214554,0.4992986429235191
ZTF21abcpsjy,SLSN-I,SLSN,SLSN,0.7088399999999999,1,2,0.7088399999999999,0.5048999999999999,0.6729529548551554,0.9899999999999999,0.716,0.9471778311873843,0.8964140849140113,0.9199196020273825,0.999996634500408,0.32107454401268837,0.9493147386331933,0.6725804096880623
ZTF21abrqria,SLSN-I,SLSN,SLSN,0.470112,1,3,0.470112,0.049799999999999955,0.6104296466653761,0.996,0.472,0.5607605873803074,0.12912988447123597,0.7311681589773895,0.9999987924514067,0.32347780476687044,0.47074700136057057,0.38414698884343174
ZTF21absyjff,SLSN-I,SLSN,SLSN,0.729996,1,2,0.729996,0.54606,0.656458240188513,0.958,0.762,0.9615947076395701,0.923855109154984,0.9383557533673024,0.9998895021992457,0.32107454401268837,0.9552566701898461,0.717817166594741
ZTF21accwovq,SLSN-I,SLSN,SLSN,0.6487,1,3,0.6487,0.46906000000000003,0.6223819107690793,0.998,0.65,0.9369909761545141,0.890397674969192,0.8957922958973139,0.9999998547921568,0.32347780476687044,0.9218519927933827,0.5481283053636823
ZTF22aadeuwu,SLSN-I,SLSN,SNII,0.47916,0,3,0.47916,0.17622,0.5403674835090081,0.99,0.484,0.7120196736755185,0.4682015057240933,0.7240006884497382,0.999992336220864,0.8705407679595135,0.7472694303366082,0.9318618025706379
ZTF22aadqgoa,SLSN-I,SLSN,SLSN,0.16092,1,4,0.16092,0.010800000000000004,0.13440298097929326,0.54,0.298,0.24225999120594394,0.03614736718405623,0.3202482638738767,0.6967279751164535,0.3065797104880041,0.27325743722317547,0.7085952969358797
ZTF22aakyeps,SLSN-I,SLSN,SNIa,0.3755360000000001,0,2,0.3755360000000001,0.14944800000000003,0.4340856971329834,0.9580000000000002,0.392,0.5935524956811343,0.41332699795702105,0.6012639213217744,0.999768907850067,0.8515818725102239,0.7412368486470479,0.842542982900278
ZTF22aarqrxf,SLSN-I,SLSN,SLSN,0.724928,1,1,0.724928,0.54948,0.6523932584951232,0.964,0.752,0.9624866237312518,0.9268540767931027,0.9377843736756561,0.9998947470260884,0.3341521793902746,0.92690398504317,0.6657592329108465
ZTF22abcvfgs,SLSN-I,SLSN,SLSN,0.214396,1,1,0.214396,0.0016120000000000023,0.28452701017581394,0.806,0.266,0.27324190985497926,0.004749558866592285,0.44541506506488027,0.9598247625837273,0.3341521793902746,0.45608658694845144,0.26914533583607775
ZTF22abkbmob,SLSN-I,SLSN,SLSN,0.755412,1,1,0.755412,0.59892,0.6760545590638277,0.966,0.782,0.9737295697577769,0.9486132181843561,0.9531125150567967,0.9999359050245252,0.3341521793902746,0.9309733934024429,0.6997168967041261
ZTF22abvcnnl,SLSN-I,SLSN,SLSN,0.6147680000000001,1,3,0.6147680000000001,0.4291400000000001,0.5994069143461799,0.9980000000000001,0.616,0.9184500891356703,0.8625431442449113,0.8703772805226883,0.9999998372199957,0.32347780476687044,0.9157929009933624,0.483344914382139
ZTF23aaccacy,SLSN-I,SLSN,SLSN,0.643524,1,4,0.643524,0.426408,0.6027158749155725,0.978,0.658,0.9194915116851634,0.8460403999550964,0.885873386323963,0.9999598774254104,0.3065797104880041,0.9125762495488339,0.53421527511053
ZTF23aazodoj,SLSN-I,SLSN,SLSN,0.395784,1,2,0.395784,0.137664,0.44187489872528396,0.9560000000000001,0.414,0.6318459651079124,0.40033893412292093,0.6345239763900836,0.9996756859096971,0.32107454401268837,0.7114422101889759,0.1653672870159156
ZTF23abjhbcr,SLSN-I,SLSN,SNIa,0.5926680000000001,0,5,0.5926680000000001,0.36186000000000007,0.5803174520628714,0.9780000000000001,0.606,0.8842019746282772,0.7908406124079267,0.8453537383290854,0.9999606019614643,0.8434083693857094,0.8939929645738236,0.9932580734512454
ZTF23abvokyz,SLSN-I,SLSN,SLSN,0.5289400000000001,1,4,0.5289400000000001,0.29940000000000005,0.5601134119705751,0.9980000000000001,0.53,0.8245906023739021,0.706293952746006,0.7761874393946397,0.9999997452667588,0.3065797104880041,0.8801146352509166,0.3520718569574663
ZTF24aacrbua,SLSN-I,SLSN,SLSN,0.54984,1,3,0.54984,0.403848,0.49338900744493974,0.948,0.5800000000000001,0.9007948291892127,0.8601955233511556,0.8393838501907772,0.9991623273683412,0.32347780476687044,0.9184187268675358,0.4441693337911951
ZTF24aadfmaf,SLSN-I,SLSN,SNII,0.446,0,1,0.446,0.222,0.5261544321857827,1.0,0.446,0.7079443287053975,0.5650206920789091,0.6695591922289197,1.0000000000000002,0.8811660561660561,0.8307536975227788,0.9658373970743662
ZTF24aagfeti,SLSN-I,SLSN,SNII,0.3952,0,4,0.3952,0.08694400000000002,0.5062854985220402,0.988,0.4,0.5576548422138674,0.24477058568762128,0.6300845791368735,0.9999833363799797,0.8738761732007377,0.6031547644628211,0.6077057493381967
ZTF24aagterj,SLSN-I,SLSN,SNIa,0.295788,0,2,0.295788,0.01695599999999997,0.3969003515094849,0.942,0.314,0.3959993067829889,0.05127433333393189,0.5318414660144768,0.9994893242470773,0.8515818725102239,0.42852471756909394,0.1840254221299197
ZTF24aaysowl,SLSN-I,SLSN,SLSN,0.27972,1,1,0.27972,0.08258400000000002,0.22504816300629105,0.666,0.42000000000000004,0.5512075066165878,0.30671893214872503,0.5120684340944257,0.8848691224099323,0.3341521793902746,0.66978370168584,0.1539702679059417
ZTF24abtmueg,SLSN-I,SLSN,SLSN,0.7439999999999999,1,1,0.7439999999999999,0.5733759999999999,0.6950924101150202,0.9919999999999998,0.7500000000000001,0.9662594242872307,0.9346940976632454,0.9420884258179764,0.9999976714053137,0.3341521793902746,0.9284850637958142,0.6747196485702721
ZTF25aajbcmc,SLSN-I,SLSN,SLSN,0.46641600000000005,1,1,0.46641600000000005,0.23700000000000002,0.4580270233439748,0.9480000000000002,0.49199999999999994,0.7706483538875509,0.6224291169341996,0.7287237298663662,0.9996225175415182,0.3341521793902746,0.845614877505856,0.29401665586840975
ZTF25aanxtou,SLSN-I,SLSN,SNII,0.34344,0,1,0.34344,0.08395200000000003,0.42091544090957866,0.954,0.36000000000000004,0.514760130564199,0.2463676072558988,0.564368397985122,0.9996251023849161,0.8811660561660561,0.6365608526470719,0.6232280976458568
ZTF25aaxegmh,SLSN-I,SLSN,SNIa,0.39,0,5,0.39,0.132,0.5098077227657867,1.0,0.39,0.5967256472729116,0.3738915418119569,0.6032847104359094,1.0,0.8434083693857094,0.7160341573449196,0.7065545954787121
ZTF25abixhdc,SLSN-I,SLSN,SNII,0.36845999999999995,0,1,0.36845999999999995,0.1335,0.3596425990599579,0.8899999999999998,0.41400000000000003,0.6328549176289698,0.4103588720464321,0.6222880819535437,0.9964652902200604,0.8811660561660561,0.7448194469783057,0.8662207205905126
ZTF25abmjfcf,SLSN-I,SLSN,SNIa,0.375248,0,4,0.375248,0.12774400000000002,0.5014082409716629,0.998,0.376,0.555159654026449,0.3442793869803834,0.5807342471303374,0.9999996428666769,0.8487215993434153,0.712641029394798,0.768868524028482
ZTF25abxfsza,SLSN-I,SLSN,SLSN,0.5981960000000001,1,3,0.5981960000000001,0.385216,0.5245718358832834,0.9260000000000002,0.6459999999999999,0.9095995571493695,0.8282173033989412,0.8735173285185023,0.9985941358237043,0.32347780476687044,0.9060423491980836,0.5004737333305906
ZTF25acemaph,SLSN-I,SLSN,SNII,0.327212,0,5,0.327212,0.10602400000000001,0.36818513877398606,0.9139999999999999,0.35800000000000004,0.5274182359108663,0.3200619276244224,0.5527829270029497,0.9982105120096557,0.8645489503688297,0.6857522716163464,0.7148361130243999
