{
  "step4_brier_scores": {
    "ALeRCE": 0.48618462477558355,
    "Fink_RF": 0.8305146257073565,
    "Fink_SNN": 0.5128030371987624,
    "NEEDLE": 0.24113606187975398
  },
  "step5_bin_sensitivity": {
    "5": 0.06041404959205145,
    "10": 0.0663599019006138,
    "15": 0.07348914121414396,
    "20": 0.07472222126447238,
    "25": 0.07520997677093898
  },
  "step6_perclass_postscaling": {
    "SN": {
      "before": 0.17118655516014877,
      "after": 0.17692780969721614,
      "T": 1.851892773284246
    },
    "SLSN-I": {
      "before": 0.11818954993548537,
      "after": 0.18663044551535676,
      "T": 2.0343752292334685
    },
    "TDE": {
      "before": 0.07042007610737819,
      "after": 0.08518134842718196,
      "T": 0.5385315515955893
    },
    "aggregate": {
      "before": 0.07348914121414396,
      "after": 0.16656389147374429
    }
  },
  "step7_decision_table": {
    "0.5": {
      "raw": {
        "n_pass": 392,
        "precision": 0.8979591836734694,
        "recall": 0.31597845601436264
      },
      "calibrated": {
        "n_pass": 972,
        "precision": 0.7839506172839507,
        "recall": 0.6840215439856373
      }
    },
    "0.6": {
      "raw": {
        "n_pass": 134,
        "precision": 0.9402985074626866,
        "recall": 0.11310592459605028
      },
      "calibrated": {
        "n_pass": 812,
        "precision": 0.8275862068965517,
        "recall": 0.6032315978456014
      }
    },
    "0.7": {
      "raw": {
        "n_pass": 40,
        "precision": 1.0,
        "recall": 0.03590664272890485
      },
      "calibrated": {
        "n_pass": 627,
        "precision": 0.8708133971291866,
        "recall": 0.49012567324955114
      }
    },
    "0.8": {
      "raw": {
        "n_pass": 20,
        "precision": 1.0,
        "recall": 0.017953321364452424
      },
      "calibrated": {
        "n_pass": 425,
        "precision": 0.9105882352941177,
        "recall": 0.3473967684021544
      }
    },
    "0.9": {
      "raw": {
        "n_pass": 1,
        "precision": 1.0,
        "recall": 0.0008976660682226212
      },
      "calibrated": {
        "n_pass": 194,
        "precision": 0.9484536082474226,
        "recall": 0.1651705565529623
      }
    }
  }
}