oid,spectroscopic_type,redshift,peakmag,SNIa,SNIbc,SNII,SLSN,QSO,AGN,Blazar,CV/Nova,YSO,LPV,E,DSCT,RRL,CEP,Periodic-Other
ZTF21aaewexx,SN Ia,0.06,18.1065,0.43362,0.3366,0.1386,0.08118,0.0,8e-05,0.000272,0.007552,9.6e-05,0.000128,0.000328,0.000224,0.000648,0.000464,0.000208
ZTF25aairenk,SN Ia,0.079,18.1415,0.356172,0.2215,0.200236,0.108092,0.001496,0.005508,0.001564,0.02278,0.002652,0.02192,0.00592,0.0064,0.02064,0.02096,0.00416
ZTF22aauuxul,SN Ia,0.08492,18.5461,0.558,0.234,0.132,0.076,0.0,0.0,0.0,0.0,0.0,0.0,0.0,0.0,0.0,0.0,0.0
ZTF23abhafym,SN Ia,0.05,18.0159,0.52894,0.285428,0.103792,0.07984,0.0,0.0,0.0,0.0,0.0,0.000232,0.000224,0.000216,0.000692,0.000408,0.000228
ZTF24abqldco,SN Ia,0.059,18.3299,0.3992,0.227544,0.235528,0.135728,5.2e-05,0.00022,0.000468,0.001108,0.000152,0.0,0.0,0.0,0.0,0.0,0.0
ZTF23aaqmfgs,SN Ia,0.07,17.7426,0.626,0.236,0.086,0.052,0.0,0.0,0.0,0.0,0.0,0.0,0.0,0.0,0.0,0.0,0.0
ZTF19acygjgx,SN Ia,0.069,18.9418,0.34,0.43,0.148,0.082,0.0,0.0,0.0,0.0,0.0,0.0,0.0,0.0,0.0,0.0,0.0
ZTF22aalsbwt,SN Ia,0.058,17.9019,0.35352,0.26514,0.247464,0.115876,0.00016,0.000128,0.000496,0.006224,0.000992,0.0017,0.00118,0.00124,0.003,0.00122,0.00166
ZTF19acelcan,SN Ia,0.044,16.6408,0.348336,0.181056,0.251904,0.202704,8e-05,4.8e-05,0.000176,0.007408,0.000288,0.000784,0.001424,0.001504,0.002256,0.000672,0.00136
ZTF23aaaboss,SN Ia,0.046,17.5654,0.148096,0.212176,0.202208,0.14952,0.00304,0.0144,0.01152,0.03968,0.01136,0.011232,0.0312,0.010816,0.009568,0.032864,0.11232
ZTF20acoyyly,SN Ia,0.04755,18.3109,0.482,0.38,0.098,0.04,0.0,0.0,0.0,0.0,0.0,0.0,0.0,0.0,0.0,0.0,0.0
ZTF21abhthvj,SN Ia,0.0689,18.2499,0.422,0.254,0.172,0.152,0.0,0.0,0.0,0.0,0.0,0.0,0.0,0.0,0.0,0.0,0.0
ZTF21aaqzkhx,SN Ia,0.05082,18.0267,0.658,0.244,0.074,0.024,0.0,0.0,0.0,0.0,0.0,0.0,0.0,0.0,0.0,0.0,0.0
ZTF18aasdted,SN Ia,0.01815,15.7176,0.283432,0.30938,0.271456,0.133732,8e-06,1.6e-05,0.000152,0.001784,4e-05,0.0,0.0,0.0,0.0,0.0,0.0
ZTF19abimlck,SN Ia,0.04808,17.7957,0.117576,0.141432,0.098832,0.06816,0.00336,0.0196,0.01288,0.04872,0.19544,0.039984,0.055272,0.035868,0.072912,0.03528,0.054684
ZTF20actpuan,SN Ia,0.075,18.3557,0.546,0.246,0.112,0.096,0.0,0.0,0.0,0.0,0.0,0.0,0.0,0.0,0.0,0.0,0.0
ZTF18aamzgzi,SN Ia,0.0179,15.2602,0.026928,0.046512,0.077112,0.053448,0.008176,0.025112,0.040296,0.1606,0.057816,0.08568,0.088704,0.044352,0.122976,0.063504,0.098784
ZTF22abnuakd,SN Ia,0.062,18.7609,0.426,0.384,0.142,0.048,0.0,0.0,0.0,0.0,0.0,0.0,0.0,0.0,0.0,0.0,0.0
ZTF19abuonnx,SN Ia,0.0898,18.9437,0.486,0.258,0.154,0.102,0.0,0.0,0.0,0.0,0.0,0.0,0.0,0.0,0.0,0.0,0.0
ZTF19abvalfd,SN Ia,0.03144,16.8834,0.508,0.334,0.116,0.042,0.0,0.0,0.0,0.0,0.0,0.0,0.0,0.0,0.0,0.0,0.0
ZTF19aavkhuy,SN Ia,0.03,17.6035,0.536,0.278,0.132,0.054,0.0,0.0,0.0,0.0,0.0,0.0,0.0,0.0,0.0,0.0,0.0
ZTF21aaphvyi,SN Ia,0.08143,18.5337,0.454,0.28,0.18,0.086,0.0,0.0,0.0,0.0,0.0,0.0,0.0,0.0,0.0,0.0,0.0
ZTF22abgawlh,SN Ia,0.05,17.8486,0.306,0.194,0.298,0.202,0.0,0.0,0.0,0.0,0.0,0.0,0.0,0.0,0.0,0.0,0.0
ZTF20acsesce,SN Ia,0.052,18.1831,0.408,0.472,0.078,0.042,0.0,0.0,0.0,0.0,0.0,0.0,0.0,0.0,0.0,0.0,0.0
ZTF22abatsyj,SN Ia,0.08,18.4683,0.602,0.248,0.106,0.044,0.0,0.0,0.0,0.0,0.0,0.0,0.0,0.0,0.0,0.0,0.0
ZTF19abgrcxs,SN Ia,0.0825,18.8067,0.499,0.26946,0.153692,0.075848,0.000132,0.001176,0.000576,4e-05,7.6e-05,0.0,0.0,0.0,0.0,0.0,0.0
ZTF20achkgng,SN Ia,0.1,18.7782,0.514,0.266,0.12,0.1,0.0,0.0,0.0,0.0,0.0,0.0,0.0,0.0,0.0,0.0,0.0
ZTF19aavlnjz,SN Ia,0.085,18.6971,0.351016,0.291856,0.21692,0.126208,0.000112,0.000216,0.000396,0.001024,0.000252,0.003096,0.002088,0.001128,0.002112,0.001008,0.002568
ZTF20acxzkkf,SN Ia,0.04324,17.3578,0.58,0.298,0.084,0.038,0.0,0.0,0.0,0.0,0.0,0.0,0.0,0.0,0.0,0.0,0.0
ZTF19aaoyech,SN Ia,0.06,18.2369,0.596,0.26,0.1,0.044,0.0,0.0,0.0,0.0,0.0,0.0,0.0,0.0,0.0,0.0,0.0
ZTF18acaezsx,SN Ia,0.05118,17.6258,0.42504,0.25208,0.1656,0.07728,0.001496,0.003388,0.002244,0.011572,0.0033,0.00174,0.011832,0.014732,0.015892,0.004408,0.009396
ZTF18aajivpr,SN Ia,0.0515,18.2865,0.248,0.356,0.264,0.132,0.0,0.0,0.0,0.0,0.0,0.0,0.0,0.0,0.0,0.0,0.0
ZTF19acrdqej,SN Ia,0.044,17.5214,0.57,0.218,0.136,0.076,0.0,0.0,0.0,0.0,0.0,0.0,0.0,0.0,0.0,0.0,0.0
ZTF22absqvgm,SN Ia,0.095,18.4561,0.32934,0.161676,0.15968,0.347304,0.0,0.0,0.0,0.0,0.0,7.6e-05,0.000292,0.00022,0.000696,0.000368,0.000348
ZTF20abnrdse,SN Ia,0.075,18.4765,0.32934,0.261476,0.203592,0.203592,0.000112,0.000188,0.000252,0.001244,0.000204,0.0,0.0,0.0,0.0,0.0,0.0
ZTF21aaqpykm,SN Ia,0.06,18.3473,0.438,0.238,0.194,0.13,0.0,0.0,0.0,0.0,0.0,0.0,0.0,0.0,0.0,0.0,0.0
ZTF20aaivvwa,SN Ia,0.1,18.6918,0.452056,0.216688,0.14944,0.115816,0.003472,0.03864,0.009296,0.00056,0.004032,0.00104,0.0018,0.00106,0.00062,0.00158,0.0039
ZTF22abizgac,SN Ia,0.078,18.6647,0.67864,0.211576,0.077844,0.02994,0.0,0.0,0.0,0.0,0.0,0.00022,0.000208,0.000132,0.00056,0.00056,0.00032
ZTF19abvhduf,SN Ia,0.029,15.0866,0.31936,0.303392,0.235528,0.13972,0.0,1.2e-05,3.6e-05,0.00192,3.2e-05,0.0,0.0,0.0,0.0,0.0,0.0
ZTF23aabmevr,SN Ia,0.039,17.83,0.463072,0.351296,0.097804,0.085828,2.8e-05,6.8e-05,6.4e-05,0.001692,0.000148,0.0,0.0,0.0,0.0,0.0,0.0
ZTF22aaoidkm,SN Ia,0.099,18.9751,0.409696,0.21476,0.127204,0.07434,0.01728,0.05664,0.01224,0.02664,0.0072,0.0054,0.007992,0.005508,0.008532,0.008424,0.018144
ZTF25aaxeojh,SN Ia,0.049,17.3066,0.285696,0.162816,0.204288,0.1152,0.002736,0.008352,0.004896,0.051984,0.004032,0.07424,0.01024,0.01536,0.02848,0.02528,0.0064
ZTF20abswjae,SN Ia,0.07427,18.9132,0.27072,0.235,0.23876,0.19552,0.00168,0.010584,0.013776,0.010332,0.005628,0.000972,0.00234,0.000756,0.00054,0.00378,0.009612
ZTF22aaoewrn,SN Ia,0.086,18.6228,0.602,0.22,0.114,0.064,0.0,0.0,0.0,0.0,0.0,0.0,0.0,0.0,0.0,0.0,0.0
ZTF18acptgzz,SN Ia,0.09,18.815,0.306,0.402,0.182,0.11,0.0,0.0,0.0,0.0,0.0,0.0,0.0,0.0,0.0,0.0,0.0
ZTF21abdlrpr,SN Ia,0.065,17.9715,0.574,0.216,0.13,0.08,0.0,0.0,0.0,0.0,0.0,0.0,0.0,0.0,0.0,0.0,0.0
ZTF23aawmbkn,SN Ia,0.06709,17.9719,0.407184,0.285428,0.193612,0.111776,0.0,0.0,0.0,0.0,0.0,0.0003,0.000168,0.000184,0.00072,0.00034,0.000288
ZTF23abfroaw,SN Ia,0.062,17.4705,0.694,0.208,0.074,0.024,0.0,0.0,0.0,0.0,0.0,0.0,0.0,0.0,0.0,0.0,0.0
ZTF20acberbd,SN Ia,0.07,18.3314,0.28,0.142,0.312,0.266,0.0,0.0,0.0,0.0,0.0,0.0,0.0,0.0,0.0,0.0,0.0
ZTF21acionva,SN Ia,0.071,18.7511,0.317364,0.163672,0.285428,0.231536,0.0,0.0,0.0,0.0,0.0,0.000364,0.00026,0.000192,0.000568,0.000256,0.00036
ZTF22aaemgsl,SN Ia,0.06260,18.1371,0.482112,0.20832,0.15872,0.142848,0.000116,0.00054,0.000276,0.000912,0.000156,0.000444,0.001032,0.000672,0.001116,0.000852,0.001884
ZTF18adathpb,SN Ia,0.03118,18.7002,0.258888,0.372876,0.156492,0.177744,0.000992,0.000224,0.000544,0.005856,0.008384,0.000648,0.003744,0.003276,0.003816,0.002196,0.00432
ZTF20aaurfcm,SN Ia,0.09,18.7178,0.482,0.268,0.144,0.106,0.0,0.0,0.0,0.0,0.0,0.0,0.0,0.0,0.0,0.0,0.0
ZTF23aagphxh,SN Ia,0.06,17.9774,0.35816,0.315568,0.21296,0.081312,0.000408,0.000432,0.000672,0.009168,0.00132,0.00144,0.004,0.00248,0.00652,0.00212,0.00344
ZTF23abhshea,SN Ia,0.07,18.8648,0.488,0.254,0.124,0.134,0.0,0.0,0.0,0.0,0.0,0.0,0.0,0.0,0.0,0.0,0.0
ZTF21aasufxv,SN Ia,0.04434,18.2855,0.402,0.49,0.076,0.032,0.0,0.0,0.0,0.0,0.0,0.0,0.0,0.0,0.0,0.0,0.0
ZTF21abimejj,SN Ia,0.085,18.8037,0.550896,0.215568,0.131736,0.0998,0.0,0.0,0.0,0.0,0.0,0.000216,0.000224,0.000172,0.000724,0.000404,0.00026
ZTF23aaoxngr,SN Ia,0.08435,18.6246,0.686,0.186,0.092,0.036,0.0,0.0,0.0,0.0,0.0,0.0,0.0,0.0,0.0,0.0,0.0
ZTF25aaugeir,SN Ia,0.078,18.7674,0.422716,0.249344,0.144152,0.157788,0.0008,0.002224,0.000848,0.003504,0.000624,0.00144,0.002304,0.00216,0.00594,0.00342,0.002736
ZTF20abavxpk,SN Ia,0.03022,18.1959,0.33,0.536,0.098,0.036,0.0,0.0,0.0,0.0,0.0,0.0,0.0,0.0,0.0,0.0,0.0
ZTF20aauwjmw,SN Ia,0.0305,17.0634,0.45,0.354,0.118,0.078,0.0,0.0,0.0,0.0,0.0,0.0,0.0,0.0,0.0,0.0,0.0
ZTF22aallgci,SN Ia,0.079,18.228,0.49,0.302,0.124,0.084,0.0,0.0,0.0,0.0,0.0,0.0,0.0,0.0,0.0,0.0,0.0
ZTF19aceuacu,SN Ia,0.098,18.8627,0.522844,0.196812,0.13916,0.135184,0.000248,0.001112,0.001024,0.001392,0.000224,0.000172,0.000312,0.000108,0.000144,0.000304,0.00096
ZTF20abahhml,SN Ia,0.06,18.421,0.182,0.32,0.228,0.27,0.0,0.0,0.0,0.0,0.0,0.0,0.0,0.0,0.0,0.0,0.0
ZTF23aaxpfpa,SN Ia,0.08971,18.6697,0.522952,0.241516,0.105788,0.127744,0.0,0.0,0.0,0.0,0.0,0.00022,0.000184,0.000184,0.000768,0.000404,0.00024
ZTF19aaptzar,SN Ia,0.02544,16.4632,0.346212,0.424452,0.144744,0.062592,3.6e-05,9.6e-05,0.000156,0.005508,0.000204,0.001184,0.003584,0.002592,0.004064,0.00128,0.003296
ZTF18acsofdh,SN Ia,0.08,18.1978,0.4,0.284,0.182,0.134,0.0,0.0,0.0,0.0,0.0,0.0,0.0,0.0,0.0,0.0,0.0
ZTF22aahiyfc,SN Ia,0.066,18.3968,0.512972,0.271456,0.121756,0.091816,0.0,0.0,0.0,0.0,0.0,0.000252,0.00028,0.000272,0.000588,0.00024,0.000368
ZTF19acctpgd,SN Ia,0.09,18.6483,0.47616,0.210304,0.16864,0.136896,0.000152,0.000404,0.000392,0.00082,0.000232,0.000312,0.00132,0.000468,0.00054,0.000732,0.002628
ZTF20abxezim,SN Ia,0.07575,18.381,0.524,0.192,0.18,0.104,0.0,0.0,0.0,0.0,0.0,0.0,0.0,0.0,0.0,0.0,0.0
ZTF21aaqdxzv,SN Ia,0.07036,18.5102,0.51584,0.281728,0.111104,0.083328,0.0,0.0,0.0,0.0,0.0,0.000704,0.00088,0.000992,0.002784,0.001856,0.000784
ZTF22abfvzqg,SN Ia,0.06,18.9159,0.33,0.342,0.194,0.134,0.0,0.0,0.0,0.0,0.0,0.0,0.0,0.0,0.0,0.0,0.0
ZTF19aamjvie,SN Ia,0.042,16.9521,0.336,0.218,0.318,0.128,0.0,0.0,0.0,0.0,0.0,0.0,0.0,0.0,0.0,0.0,0.0
ZTF23aaajtan,SN Ia,0.04,16.3457,0.31936,0.303392,0.227544,0.147704,0.0,0.0,0.0,0.0,0.0,0.000608,0.000176,0.000128,0.000452,0.000308,0.000328
ZTF22abaiyyz,SN Ia,0.089,18.8221,0.512,0.214,0.136,0.138,0.0,0.0,0.0,0.0,0.0,0.0,0.0,0.0,0.0,0.0,0.0
ZTF21abtgbwr,SN Ia,0.083,18.9694,0.5357,0.255188,0.101296,0.081816,0.000392,0.0014,0.002828,0.008344,0.001036,0.000864,0.002112,0.000576,0.002448,0.003096,0.002904
ZTF18ablqlzp,SN Ia,0.0414,17.408,0.467064,0.22954,0.171656,0.12974,7.2e-05,0.000236,0.000264,0.00126,0.000168,0.0,0.0,0.0,0.0,0.0,0.0
ZTF25aceilra,SN Ia,0.0807,18.4026,0.254464,0.210728,0.343924,0.184884,0.000264,0.000584,0.000888,0.001968,0.000296,0.000348,0.000192,0.00018,0.000584,0.00032,0.000376
ZTF21aaskyvp,SN Ia,0.1,18.5613,0.57,0.26,0.098,0.072,0.0,0.0,0.0,0.0,0.0,0.0,0.0,0.0,0.0,0.0,0.0
ZTF19abfvovo,SN Ia,0.08,18.4646,0.438,0.384,0.116,0.062,0.0,0.0,0.0,0.0,0.0,0.0,0.0,0.0,0.0,0.0,0.0
ZTF19aboxjlj,SN Ia,0.07,18.6541,0.342,0.432,0.152,0.074,0.0,0.0,0.0,0.0,0.0,0.0,0.0,0.0,0.0,0.0,0.0
ZTF24abamger,SN Ia,0.065,18.0435,0.407184,0.205588,0.205588,0.17964,0.0,0.0,0.0,0.0,0.0,0.000416,0.00016,0.000168,0.000672,0.000252,0.000332
ZTF18aavvnzu,SN Ia,0.0498,17.401,0.384,0.31,0.178,0.128,0.0,0.0,0.0,0.0,0.0,0.0,0.0,0.0,0.0,0.0,0.0
ZTF18aaxkjmm,SN Ia,0.0661,18.2341,0.352,0.3,0.232,0.116,0.0,0.0,0.0,0.0,0.0,0.0,0.0,0.0,0.0,0.0,0.0
ZTF23abcsrwv,SN Ia,0.04401,17.2555,0.43616,0.27072,0.15416,0.07896,0.00042,0.00114,0.0008,0.00592,0.00172,0.0009,0.0068,0.0064,0.0229,0.0063,0.0067
ZTF20aanaibf,SN Ia,0.053,17.6364,0.365032,0.15948,0.173656,0.187832,0.0012,0.002928,0.000864,0.012672,0.006336,0.00486,0.01458,0.02736,0.02124,0.01062,0.01134
ZTF22abamnmb,SN Ia,0.07,18.4535,0.558,0.266,0.104,0.072,0.0,0.0,0.0,0.0,0.0,0.0,0.0,0.0,0.0,0.0,0.0
ZTF21aaogifb,SN Ia,0.02,16.8333,0.31416,0.262752,0.264656,0.110432,0.000216,0.000576,0.000888,0.008784,0.001536,0.013968,0.003312,0.002304,0.008352,0.00432,0.003744
ZTF19abvgwvp,SN Ia,0.13,18.7982,0.578,0.216,0.106,0.1,0.0,0.0,0.0,0.0,0.0,0.0,0.0,0.0,0.0,0.0,0.0
ZTF19abauzma,SN Ia,0.07028,18.515,0.556,0.29,0.092,0.062,0.0,0.0,0.0,0.0,0.0,0.0,0.0,0.0,0.0,0.0,0.0
ZTF18aakiwbs,SN Ia,0.066,18.2404,0.07424,0.095584,0.156832,0.137344,0.010716,0.100392,0.082908,0.07332,0.014664,0.03302,0.044196,0.009652,0.019304,0.046736,0.101092
ZTF20aazdsjr,SN Ia,0.06,18.1947,0.424,0.238,0.192,0.146,0.0,0.0,0.0,0.0,0.0,0.0,0.0,0.0,0.0,0.0,0.0
ZTF21achxlkq,SN Ia,0.014,16.2035,0.3439,0.2774,0.1767,0.152,0.0,0.0,0.000156,0.025584,0.00026,0.005568,0.00336,0.002112,0.005904,0.003408,0.003648
ZTF22aaudeny,SN Ia,0.032,17.3888,0.443112,0.30938,0.13972,0.105788,4e-06,1.2e-05,6.4e-05,0.001892,2.8e-05,0.0,0.0,0.0,0.0,0.0,0.0
ZTF23abfmlft,SN Ia,0.03159,18.8084,0.388,0.424,0.08,0.108,0.0,0.0,0.0,0.0,0.0,0.0,0.0,0.0,0.0,0.0,0.0
ZTF22absiyyk,SN Ia,0.058,17.823,0.578,0.296,0.088,0.038,0.0,0.0,0.0,0.0,0.0,0.0,0.0,0.0,0.0,0.0,0.0
ZTF21aaxvrva,SN Ia,0.08157,18.8233,0.454608,0.257808,0.175152,0.096432,0.000504,0.001344,0.00154,0.005208,0.005404,0.000432,0.000268,0.000152,0.000628,0.000304,0.000216
ZTF22abyjewt,SN Ia,0.03252,17.4111,0.51896,0.347304,0.105788,0.025948,0.0,8e-06,2e-05,0.001952,2e-05,0.0,0.0,0.0,0.0,0.0,0.0
ZTF19aamhhgu,SN Ia,0.0382,17.4964,0.43824,0.302784,0.171312,0.083664,0.0,0.0,0.0,0.0,0.0,0.00056,0.000336,0.000296,0.001808,0.000536,0.000464
ZTF18abfgygp,SN Ia,0.07,18.0213,0.518,0.208,0.144,0.13,0.0,0.0,0.0,0.0,0.0,0.0,0.0,0.0,0.0,0.0,0.0
ZTF20abghgix,SN Ia,0.0767,18.5004,0.16368,0.133672,0.205964,0.178684,0.012384,0.106296,0.036464,0.013072,0.003784,0.046428,0.014016,0.007008,0.016936,0.023068,0.038544
ZTF19aavoiyc,SN Ia,0.047,18.75,0.374,0.5,0.1,0.026,0.0,0.0,0.0,0.0,0.0,0.0,0.0,0.0,0.0,0.0,0.0
ZTF20acexvcz,SN Ia,0.1,18.7715,0.433384,0.32802,0.121268,0.111328,0.000108,0.00022,0.000156,0.001364,0.000152,7.2e-05,0.000688,0.000664,0.001824,0.000368,0.000384
ZTF21aaasxel,SN Ia,0.088,18.9011,0.46,0.238,0.128,0.174,0.0,0.0,0.0,0.0,0.0,0.0,0.0,0.0,0.0,0.0,0.0
ZTF21aagkhwf,SN Ia,0.08,18.4471,0.401576,0.21868,0.226632,0.147112,0.000152,0.000168,0.000272,0.002992,0.000416,0.000196,0.000352,0.000248,0.000524,0.000228,0.000452
ZTF21abprzfg,SN Ia,0.06,17.5389,0.566,0.242,0.104,0.088,0.0,0.0,0.0,0.0,0.0,0.0,0.0,0.0,0.0,0.0,0.0
ZTF19aanuhox,SN Ia,0.06,17.7927,0.624,0.268,0.054,0.054,0.0,0.0,0.0,0.0,0.0,0.0,0.0,0.0,0.0,0.0,0.0
ZTF20aaxxhib,SN Ia,0.07,18.9657,0.304,0.348,0.19,0.158,0.0,0.0,0.0,0.0,0.0,0.0,0.0,0.0,0.0,0.0,0.0
ZTF20abmbycd,SN Ia,0.05517,18.2867,0.492024,0.306768,0.121512,0.075696,0.000152,0.000952,0.001672,0.000712,0.000512,0.0,0.0,0.0,0.0,0.0,0.0
ZTF19acbkyma,SN Ia,0.096,18.4949,0.51,0.254,0.148,0.088,0.0,0.0,0.0,0.0,0.0,0.0,0.0,0.0,0.0,0.0,0.0
ZTF22abfvxlz,SN Ia,0.11777,18.9848,0.499992,0.235056,0.107568,0.153384,0.00032,0.001416,0.0008,0.001208,0.000256,0.0,0.0,0.0,0.0,0.0,0.0
ZTF22aalyumh,SN Ia,0.077,18.1947,0.538,0.298,0.114,0.05,0.0,0.0,0.0,0.0,0.0,0.0,0.0,0.0,0.0,0.0,0.0
ZTF18acsohut,SN Ia,0.1,18.9257,0.404,0.256,0.166,0.174,0.0,0.0,0.0,0.0,0.0,0.0,0.0,0.0,0.0,0.0,0.0
ZTF20aadfyjl,SN Ia,0.049,18.0664,0.2982,0.40754,0.22862,0.05964,0.000128,0.002816,0.000824,4.8e-05,0.000184,0.000708,0.000228,5.2e-05,4e-05,0.000232,0.00074
ZTF21aapowty,SN Ia,0.04621,17.2678,0.538,0.216,0.128,0.118,0.0,0.0,0.0,0.0,0.0,0.0,0.0,0.0,0.0,0.0,0.0
ZTF21abtuutw,SN Ia,0.079,18.6647,0.441336,0.361816,0.127232,0.063616,0.000216,0.003192,0.001164,0.001008,0.00042,0.0,0.0,0.0,0.0,0.0,0.0
ZTF22abfjlue,SN Ia,0.032,17.3015,0.231648,0.262656,0.231648,0.186048,0.00132,0.00572,0.004224,0.023056,0.00968,0.00396,0.008976,0.0088,0.007568,0.005016,0.00968
ZTF20acmfacr,SN Ia,0.07,18.4516,0.49,0.19,0.204,0.116,0.0,0.0,0.0,0.0,0.0,0.0,0.0,0.0,0.0,0.0,0.0
ZTF24abnbcpd,SN Ia,0.08,18.061,0.293664,0.392196,0.208656,0.071484,0.000256,0.000416,0.000672,0.012064,0.002592,0.000432,0.003672,0.001836,0.006192,0.002844,0.003024
ZTF19abnktws,SN Ia,0.0763,18.5856,0.485108,0.241572,0.149264,0.106056,0.000528,0.00072,0.000672,0.008496,0.001584,0.000192,0.001368,0.001464,0.001632,0.000396,0.000948
ZTF19aalzmio,SN Ia,0.075,17.8314,0.438,0.228,0.186,0.148,0.0,0.0,0.0,0.0,0.0,0.0,0.0,0.0,0.0,0.0,0.0
ZTF23aapksof,SN Ia,0.045,17.022,0.538,0.294,0.076,0.092,0.0,0.0,0.0,0.0,0.0,0.0,0.0,0.0,0.0,0.0,0.0
ZTF21aarhnwn,SN Ia,0.049,17.9866,0.41,0.232,0.226,0.132,0.0,0.0,0.0,0.0,0.0,0.0,0.0,0.0,0.0,0.0,0.0
ZTF20abyskia,SN Ia,0.08,18.2973,0.566,0.218,0.142,0.074,0.0,0.0,0.0,0.0,0.0,0.0,0.0,0.0,0.0,0.0,0.0
ZTF21abcpazz,SN Ia,0.118,18.8402,0.546,0.202,0.11,0.142,0.0,0.0,0.0,0.0,0.0,0.0,0.0,0.0,0.0,0.0,0.0
ZTF19accmboe,SN Ia,0.046,17.0488,0.316848,0.272412,0.27048,0.10626,0.000216,0.0012,0.00228,0.007704,0.0006,0.00308,0.002068,0.000616,0.004752,0.00638,0.005104
ZTF23abbczlg,SN Ia,0.081,18.7419,0.323392,0.20832,0.261888,0.1984,0.00012,0.000208,0.000376,0.003008,0.000288,0.000288,0.000504,0.000584,0.001328,0.000752,0.000544
ZTF18abimsyv,SN Ia,0.085,18.4877,0.458,0.272,0.166,0.104,0.0,0.0,0.0,0.0,0.0,0.0,0.0,0.0,0.0,0.0,0.0
ZTF21aarskup,SN Ia,0.1,18.8908,0.528,0.218,0.116,0.138,0.0,0.0,0.0,0.0,0.0,0.0,0.0,0.0,0.0,0.0,0.0
ZTF21aaxyecd,SN Ia,0.06124,18.2418,0.551552,0.33728,0.075392,0.027776,0.000216,0.00292,0.000728,4e-05,9.6e-05,0.001056,0.000488,0.000232,0.000312,0.000616,0.001296
ZTF20abywpkl,SN Ia,0.06,18.1903,0.436,0.22,0.176,0.168,0.0,0.0,0.0,0.0,0.0,0.0,0.0,0.0,0.0,0.0,0.0
ZTF22aakethm,SN Ia,0.053,18.2431,0.52,0.334,0.092,0.054,0.0,0.0,0.0,0.0,0.0,0.0,0.0,0.0,0.0,0.0,0.0
ZTF21abbliav,SN Ia,0.049,17.6831,0.556,0.292,0.114,0.038,0.0,0.0,0.0,0.0,0.0,0.0,0.0,0.0,0.0,0.0,0.0
ZTF20acqelhh,SN Ia,0.06,17.9568,0.632,0.294,0.052,0.022,0.0,0.0,0.0,0.0,0.0,0.0,0.0,0.0,0.0,0.0,0.0
ZTF20abzetdf,SN Ia,0.07,18.2435,0.248168,0.396328,0.153716,0.127788,0.003224,0.021736,0.013104,0.007696,0.00624,0.002068,0.003432,0.001188,0.001408,0.002904,0.011
ZTF23abaactr,SN Ia,0.052,17.8061,0.58,0.276,0.082,0.062,0.0,0.0,0.0,0.0,0.0,0.0,0.0,0.0,0.0,0.0,0.0
ZTF21abaevgu,SN Ia,0.06967,18.3597,0.618,0.236,0.104,0.042,0.0,0.0,0.0,0.0,0.0,0.0,0.0,0.0,0.0,0.0,0.0
ZTF21aajvtsq,SN Ia,0.10702,18.8231,0.448,0.244,0.142,0.166,0.0,0.0,0.0,0.0,0.0,0.0,0.0,0.0,0.0,0.0,0.0
ZTF24aadlwsg,SN Ia,0.04299,18.0351,0.423152,0.351296,0.181636,0.041916,4.4e-05,4.8e-05,9.6e-05,0.001628,0.000184,0.0,0.0,0.0,0.0,0.0,0.0
ZTF22abyivov,SN Ia,0.065,18.1827,0.245448,0.41882,0.183112,0.12662,0.000112,0.00032,0.000624,0.00424,0.002704,0.001404,0.004536,0.002304,0.004644,0.001224,0.003888
ZTF25aaqsnsq,SN Ia,0.0655,18.2879,0.466528,0.232288,0.169824,0.10736,0.00038,0.00224,0.00154,0.0048,0.00104,0.000588,0.00294,0.001736,0.002436,0.001568,0.004732
ZTF22abnoofs,SN Ia,0.03,17.2742,0.409508,0.328328,0.128084,0.03608,0.00054,0.010692,0.030456,0.00162,0.010692,0.011,0.003784,0.00088,0.003168,0.010648,0.01452
ZTF24aahicbz,SN Ia,0.0408,18.3495,0.136068,0.356932,0.309604,0.183396,0.000912,0.00252,0.002088,0.004488,0.001992,0.000168,0.000404,0.00022,0.000304,0.000184,0.00072
ZTF20acwomqh,SN Ia,0.0686,18.3107,0.518,0.334,0.11,0.038,0.0,0.0,0.0,0.0,0.0,0.0,0.0,0.0,0.0,0.0,0.0
ZTF23aafwvek,SN Ia,0.05537,18.0771,0.616,0.286,0.072,0.026,0.0,0.0,0.0,0.0,0.0,0.0,0.0,0.0,0.0,0.0,0.0
ZTF21abdcauj,SN Ia,0.09778,18.5331,0.348,0.2625,0.0915,0.048,0.021896,0.165648,0.047124,0.000476,0.002856,0.004368,0.00156,0.000576,0.00072,0.001296,0.00348
ZTF21aciouwz,SN Ia,0.055,18.528,0.34944,0.432,0.11712,0.06144,0.00054,0.004068,0.005976,0.002556,0.00486,0.001144,0.002288,0.000704,0.001188,0.002728,0.013948
ZTF21acjgqjl,SN Ia,0.04951,18.2819,0.424,0.478,0.08,0.018,0.0,0.0,0.0,0.0,0.0,0.0,0.0,0.0,0.0,0.0,0.0
ZTF19abnkrcd,SN Ia,0.075,18.5368,0.47232,0.318816,0.123984,0.06888,0.001148,0.003024,0.004788,0.00182,0.00322,0.000192,0.000556,0.00018,0.000252,0.000264,0.000556
ZTF23abfxxod,SN Ia,0.05013,18.3521,0.41968,0.40992,0.072224,0.074176,2.8e-05,0.000112,0.00056,0.013076,0.000224,0.00092,0.00138,0.00104,0.00312,0.00226,0.00128
ZTF20abeolsw,SN Ia,0.0641,18.4706,0.526,0.336,0.108,0.03,0.0,0.0,0.0,0.0,0.0,0.0,0.0,0.0,0.0,0.0,0.0
ZTF20acuosvy,SN Ia,0.00807,16.0807,0.297984,0.200208,0.176928,0.10088,0.00192,0.009856,0.0032,0.045696,0.003328,0.06144,0.00736,0.0096,0.0352,0.03904,0.00736
ZTF20abjbiqf,SN Ia,0.05,17.7572,0.464,0.312,0.148,0.076,0.0,0.0,0.0,0.0,0.0,0.0,0.0,0.0,0.0,0.0,0.0
ZTF19aanejfr,SN Ia,0.0428,17.08,0.516,0.224,0.16,0.1,0.0,0.0,0.0,0.0,0.0,0.0,0.0,0.0,0.0,0.0,0.0
ZTF19abhzdjp,SN Ia,0.1,18.8897,0.585648,0.235056,0.135456,0.03984,6.4e-05,0.000156,0.000252,0.001464,6.4e-05,0.000104,0.000216,0.000172,0.000628,0.000588,0.000292
ZTF22abfspdz,SN Ia,0.07,18.7737,0.38922,0.25948,0.157684,0.191616,0.0,0.0,0.0,0.0,0.0,0.00036,0.000212,0.0002,0.000656,0.00034,0.000232
ZTF21aazsgyr,SN Ia,0.052,18.2395,0.516,0.396,0.07,0.018,0.0,0.0,0.0,0.0,0.0,0.0,0.0,0.0,0.0,0.0,0.0
ZTF23abankea,SN Ia,0.072,18.4415,0.482,0.298,0.09,0.13,0.0,0.0,0.0,0.0,0.0,0.0,0.0,0.0,0.0,0.0,0.0
ZTF25aaklxxk,SN Ia,0.061,18.1206,0.453792,0.240588,0.150612,0.133008,0.00022,0.0007,0.00138,0.00732,0.00038,0.000816,0.001608,0.000552,0.003744,0.003576,0.001704
ZTF21acasrer,SN Ia,0.064,18.373,0.528,0.248,0.158,0.066,0.0,0.0,0.0,0.0,0.0,0.0,0.0,0.0,0.0,0.0,0.0
ZTF19abfibel,SN Ia,0.04529,17.6935,0.56,0.284,0.094,0.062,0.0,0.0,0.0,0.0,0.0,0.0,0.0,0.0,0.0,0.0,0.0
ZTF24abrfsap,SN Ia,0.03204,16.4289,0.258476,0.135736,0.161728,0.16606,0.008904,0.017808,0.006784,0.052152,0.020352,0.005848,0.02924,0.038872,0.035432,0.017888,0.04472
ZTF18aavrwhu,SN Ia,0.062,17.747,0.428,0.254,0.188,0.13,0.0,0.0,0.0,0.0,0.0,0.0,0.0,0.0,0.0,0.0,0.0
ZTF20actoakx,SN Ia,0.03,16.8831,0.374,0.264,0.204,0.158,0.0,0.0,0.0,0.0,0.0,0.0,0.0,0.0,0.0,0.0,0.0
ZTF22aadedjt,SN Ia,0.06,18.539,0.391636,0.409528,0.141148,0.051688,2.4e-05,0.000156,0.000432,0.005208,0.00018,0.0,0.0,0.0,0.0,0.0,0.0
ZTF20aafrjqw,SN Ia,0.08822,18.3392,0.402952,0.23136,0.185088,0.1446,0.001204,0.001596,0.000616,0.009548,0.001036,0.003168,0.001628,0.002948,0.008844,0.003828,0.001584
ZTF22aadfcnz,SN Ia,0.075,18.6029,0.58,0.186,0.134,0.1,0.0,0.0,0.0,0.0,0.0,0.0,0.0,0.0,0.0,0.0,0.0
ZTF18abxhaop,SN Ia,0.05980,18.0239,0.07544,0.058384,0.114144,0.080032,0.006708,0.05934,0.11094,0.040764,0.040248,0.014076,0.057132,0.024012,0.017388,0.064584,0.236808
ZTF20acoqlrd,SN Ia,0.06315,18.1447,0.53,0.246,0.104,0.12,0.0,0.0,0.0,0.0,0.0,0.0,0.0,0.0,0.0,0.0,0.0
ZTF18abqyaix,SN Ia,0.0582,17.8618,0.46948,0.24056,0.16102,0.09894,0.000504,0.0009,0.001152,0.01368,0.001764,0.0006,0.002064,0.004056,0.002832,0.000576,0.001872
ZTF22abiyeae,SN Ia,0.067,17.8572,0.64,0.244,0.064,0.052,0.0,0.0,0.0,0.0,0.0,0.0,0.0,0.0,0.0,0.0,0.0
ZTF20aabcouv,SN Ia,0.048,18.0589,0.372,0.25,0.222,0.156,0.0,0.0,0.0,0.0,0.0,0.0,0.0,0.0,0.0,0.0,0.0
ZTF21aagogqe,SN Ia,0.069,18.073,0.62,0.256,0.086,0.038,0.0,0.0,0.0,0.0,0.0,0.0,0.0,0.0,0.0,0.0,0.0
ZTF20acpkled,SN Ia,0.091,18.4156,0.504,0.38,0.086,0.03,0.0,0.0,0.0,0.0,0.0,0.0,0.0,0.0,0.0,0.0,0.0
ZTF19abdyawn,SN Ia,0.041,17.7624,0.494,0.43,0.058,0.018,0.0,0.0,0.0,0.0,0.0,0.0,0.0,0.0,0.0,0.0,0.0
ZTF19abotfag,SN Ia,0.1,18.9513,0.323352,0.197604,0.21956,0.257484,0.000132,0.0001,0.000116,0.001452,0.0002,0.0,0.0,0.0,0.0,0.0,0.0
ZTF22abkisoc,SN Ia,0.038,16.9075,0.522,0.278,0.094,0.106,0.0,0.0,0.0,0.0,0.0,0.0,0.0,0.0,0.0,0.0,0.0
ZTF20acumcrz,SN Ia,0.054,18.0946,0.39936,0.219648,0.144768,0.068224,0.001224,0.035292,0.06018,0.001836,0.003468,0.010428,0.010956,0.003036,0.0033,0.00792,0.03036
ZTF20aamaqak,SN Ia,0.0726,18.2774,0.544,0.252,0.138,0.066,0.0,0.0,0.0,0.0,0.0,0.0,0.0,0.0,0.0,0.0,0.0
ZTF20abuojuw,SN Ia,0.07,18.7881,0.604,0.24,0.102,0.054,0.0,0.0,0.0,0.0,0.0,0.0,0.0,0.0,0.0,0.0,0.0
ZTF18abdcudb,SN Ia,0.087,18.5745,0.546,0.194,0.17,0.09,0.0,0.0,0.0,0.0,0.0,0.0,0.0,0.0,0.0,0.0,0.0
ZTF23abaalvd,SN Ia,0.035,17.1869,0.602,0.282,0.088,0.028,0.0,0.0,0.0,0.0,0.0,0.0,0.0,0.0,0.0,0.0,0.0
ZTF19aarfnto,SN Ia,0.08523,18.5101,0.516,0.292,0.122,0.07,0.0,0.0,0.0,0.0,0.0,0.0,0.0,0.0,0.0,0.0,0.0
ZTF22abfwbgr,SN Ia,0.069,18.4904,0.4,0.31,0.182,0.108,0.0,0.0,0.0,0.0,0.0,0.0,0.0,0.0,0.0,0.0,0.0
ZTF22abeioig,SN Ia,0.091,18.6767,0.572,0.212,0.114,0.102,0.0,0.0,0.0,0.0,0.0,0.0,0.0,0.0,0.0,0.0,0.0
ZTF18abdiwpt,SN Ia,0.073,17.8692,0.554,0.33,0.086,0.03,0.0,0.0,0.0,0.0,0.0,0.0,0.0,0.0,0.0,0.0,0.0
ZTF25abacyxb,SN Ia,0.043,17.2076,0.476,0.258,0.172,0.094,0.0,0.0,0.0,0.0,0.0,0.0,0.0,0.0,0.0,0.0,0.0
ZTF22aarwpcf,SN Ia,0.08,18.2806,0.592424,0.284284,0.091448,0.025844,8e-05,0.000168,0.000304,0.003224,0.000224,0.000144,0.000256,0.000284,0.000672,0.000424,0.00022
ZTF25aanxipy,SN Ia,0.064,18.1127,0.356,0.208,0.288,0.148,0.0,0.0,0.0,0.0,0.0,0.0,0.0,0.0,0.0,0.0,0.0
ZTF22abiymsf,SN Ia,0.09,18.5844,0.47,0.238,0.16,0.132,0.0,0.0,0.0,0.0,0.0,0.0,0.0,0.0,0.0,0.0,0.0
ZTF21abwxext,SN Ia,0.079,18.4121,0.484,0.444,0.038,0.034,0.0,0.0,0.0,0.0,0.0,0.0,0.0,0.0,0.0,0.0,0.0
ZTF20aamknxn,SN Ia,0.0892,18.9224,0.394816,0.222208,0.164672,0.210304,0.0,0.0,0.0,0.0,0.0,0.000256,0.001056,0.001648,0.003744,0.000896,0.0004
ZTF22aaylnhq,SN Ia,0.35,18.625,0.326688,0.344616,0.207168,0.117528,0.0,0.0,0.0,0.0,0.0,0.000344,0.000504,0.000248,0.001536,0.000856,0.000512
ZTF23abvzhwa,SN Ia,0.085,18.3929,0.358,0.22,0.216,0.206,0.0,0.0,0.0,0.0,0.0,0.0,0.0,0.0,0.0,0.0,0.0
ZTF19aaobwpx,SN Ia,0.05,17.7426,0.516,0.33,0.13,0.024,0.0,0.0,0.0,0.0,0.0,0.0,0.0,0.0,0.0,0.0,0.0
ZTF20aawoojh,SN Ia,0.05,18.6574,0.55836,0.27522,0.11484,0.04158,0.0007,0.00614,0.00252,0.00024,0.0004,0.0,0.0,0.0,0.0,0.0,0.0
ZTF21abbsbov,SN Ia,0.04209,17.1321,0.554,0.312,0.056,0.078,0.0,0.0,0.0,0.0,0.0,0.0,0.0,0.0,0.0,0.0,0.0
ZTF19aaupkev,SN Ia,0.09,18.2772,0.508,0.244,0.108,0.14,0.0,0.0,0.0,0.0,0.0,0.0,0.0,0.0,0.0,0.0,0.0
ZTF22aadpgmo,SN Ia,0.078,18.6406,0.443112,0.261476,0.147704,0.145708,0.0,0.0,0.0,0.0,0.0,4.8e-05,0.00022,0.000152,0.000976,0.00048,0.000124
ZTF20abgevcw,SN Ia,0.0824,18.6265,0.5,0.274,0.158,0.068,0.0,0.0,0.0,0.0,0.0,0.0,0.0,0.0,0.0,0.0,0.0
ZTF23abiearq,SN Ia,0.052,17.4636,0.381016,0.219968,0.243536,0.13748,2.8e-05,0.000112,0.000308,0.01344,0.000112,0.00112,0.000472,0.000288,0.001136,0.000472,0.000512
ZTF19aamaeve,SN Ia,0.072,18.2164,0.39984,0.2156,0.17052,0.19404,0.00022,0.00028,0.0006,0.00812,0.00078,0.00046,0.00194,0.00232,0.00294,0.0007,0.00164
ZTF23aahxsrk,SN Ia,0.06,17.922,0.35096,0.229408,0.143808,0.131824,0.002016,0.006608,0.002128,0.041888,0.00336,0.00088,0.010032,0.02024,0.038896,0.007744,0.010208
ZTF18aaxcfbt,SN Ia,0.0689,18.1086,0.10608,0.179712,0.159744,0.178464,0.020304,0.020304,0.027072,0.063544,0.056776,0.031584,0.034592,0.017672,0.0282,0.023312,0.05264
ZTF21aaqqlfw,SN Ia,0.09,18.83,0.564,0.25,0.108,0.078,0.0,0.0,0.0,0.0,0.0,0.0,0.0,0.0,0.0,0.0,0.0
ZTF19aaxyukr,SN Ia,0.087,18.3545,0.40918,0.255488,0.185628,0.147704,5.6e-05,0.000108,0.000116,0.001576,0.000144,0.0,0.0,0.0,0.0,0.0,0.0
ZTF19abpbvsk,SN Ia,0.09,18.6351,0.337004,0.257136,0.264928,0.114932,0.000432,3.6e-05,0.001512,0.006984,0.009036,0.003168,0.000912,0.00056,0.0016,0.000944,0.000816
ZTF20achatyv,SN Ia,0.06776,18.1972,0.371256,0.201596,0.25948,0.165668,6.4e-05,0.000148,0.000112,0.001588,8.8e-05,0.0,0.0,0.0,0.0,0.0,0.0
ZTF21acojncf,SN Ia,0.059,17.9165,0.279756,0.211044,0.232312,0.094888,0.003936,0.0082,0.008528,0.036244,0.025092,0.012,0.0192,0.011,0.0324,0.0118,0.0136
ZTF19aauhwbp,SN Ia,0.03942,17.9313,0.454,0.344,0.128,0.074,0.0,0.0,0.0,0.0,0.0,0.0,0.0,0.0,0.0,0.0,0.0
ZTF23aalsied,SN Ia,0.07,18.3415,0.572,0.208,0.144,0.076,0.0,0.0,0.0,0.0,0.0,0.0,0.0,0.0,0.0,0.0,0.0
ZTF19acwrqtv,SN Ia,0.06,17.9846,0.2926,0.1577,0.2736,0.2261,0.0018,0.00348,0.00294,0.0171,0.00468,0.00092,0.00408,0.0036,0.0048,0.00216,0.00444
ZTF20acxvvnf,SN Ia,0.05,17.4039,0.324,0.518,0.124,0.034,0.0,0.0,0.0,0.0,0.0,0.0,0.0,0.0,0.0,0.0,0.0
ZTF20acbovrt,SN Ia,0.05,17.4601,0.658,0.214,0.094,0.034,0.0,0.0,0.0,0.0,0.0,0.0,0.0,0.0,0.0,0.0,0.0
ZTF21aarwlht,SN Ia,0.08449,18.3198,0.644,0.23,0.08,0.046,0.0,0.0,0.0,0.0,0.0,0.0,0.0,0.0,0.0,0.0,0.0
ZTF19acxphhl,SN Ia,0.07322,18.5425,0.374,0.198,0.23,0.198,0.0,0.0,0.0,0.0,0.0,0.0,0.0,0.0,0.0,0.0,0.0
ZTF20acoyfpk,SN Ia,0.01,15.353,0.371256,0.191616,0.211576,0.223552,0.0,4e-06,2.4e-05,0.00196,1.2e-05,0.0,0.0,0.0,0.0,0.0,0.0
ZTF21abmqpja,SN Ia,0.1,18.9119,0.467484,0.285576,0.134964,0.089976,0.000336,0.000888,0.0024,0.007224,0.001152,0.00148,0.00148,0.00088,0.00204,0.00258,0.00154
ZTF21acgxwlz,SN Ia,0.07,18.2411,0.38,0.208,0.226,0.186,0.0,0.0,0.0,0.0,0.0,0.0,0.0,0.0,0.0,0.0,0.0
ZTF19acgjojy,SN Ia,0.08,18.5005,0.278052,0.205088,0.287912,0.214948,0.00028,0.00068,0.00098,0.00676,0.0013,0.00028,0.000864,0.000592,0.00112,0.00028,0.000864
ZTF20achptde,SN Ia,0.0906,18.983,0.578,0.258,0.09,0.074,0.0,0.0,0.0,0.0,0.0,0.0,0.0,0.0,0.0,0.0,0.0
ZTF19abjslyw,SN Ia,0.0443,18.2204,0.401196,0.287424,0.16966,0.13972,0.0,0.0,0.0,0.0,0.0,4.4e-05,0.000204,0.000224,0.00096,0.000356,0.000212
ZTF21aaahzpr,SN Ia,0.09,18.7145,0.411008,0.36556,0.11856,0.092872,0.000112,0.00022,0.000408,0.00102,0.00024,0.00216,0.00222,0.00082,0.00136,0.00094,0.0025
ZTF25abyobbm,SN Ia,0.032,17.8268,0.321436,0.2958,0.260304,0.10846,0.00032,0.00036,0.00164,0.0064,0.00128,0.0004,0.000944,0.000352,0.000936,0.000472,0.000896
ZTF22abolsys,SN Ia,0.084,18.273,0.62874,0.22954,0.08982,0.0499,1.6e-05,8e-06,6.4e-05,0.001868,4.4e-05,0.0,0.0,0.0,0.0,0.0,0.0
ZTF18abrfccm,SN Ia,0.1,18.7122,0.147864,0.122412,0.213312,0.122412,0.005712,0.044016,0.080976,0.02352,0.013776,0.010848,0.037968,0.014916,0.018984,0.03616,0.107124
ZTF20abgfekk,SN Ia,0.05,17.4674,0.286528,0.139392,0.255552,0.286528,0.000192,0.000544,0.001408,0.013536,0.00032,0.001824,0.002048,0.001504,0.00528,0.002336,0.003008
ZTF24abkgfqo,SN Ia,0.079,18.7634,0.418,0.174,0.222,0.186,0.0,0.0,0.0,0.0,0.0,0.0,0.0,0.0,0.0,0.0,0.0
ZTF22aafffpq,SN Ia,0.04975,18.4511,0.332,0.496,0.12,0.052,0.0,0.0,0.0,0.0,0.0,0.0,0.0,0.0,0.0,0.0,0.0
ZTF20abpuyau,SN Ia,0.05,18.2908,0.534,0.282,0.134,0.05,0.0,0.0,0.0,0.0,0.0,0.0,0.0,0.0,0.0,0.0,0.0
ZTF20abccojn,SN Ia,0.11,18.9439,0.528,0.188,0.16,0.124,0.0,0.0,0.0,0.0,0.0,0.0,0.0,0.0,0.0,0.0,0.0
ZTF20acwozwz,SN Ia,0.06,17.9857,0.484,0.236,0.172,0.108,0.0,0.0,0.0,0.0,0.0,0.0,0.0,0.0,0.0,0.0,0.0
ZTF24abrezqh,SN Ia,0.097,18.7465,0.375876,0.234684,0.16218,0.18126,0.000624,0.006672,0.01152,0.002592,0.002592,0.001452,0.002948,0.00088,0.00066,0.004224,0.011836
ZTF19aawyepw,SN Ia,0.06,18.8591,0.47904,0.347304,0.111776,0.05988,0.0,0.0,0.0,0.0,0.0,0.000112,0.00042,0.00018,0.000312,0.00022,0.000756
ZTF22aaolexr,SN Ia,0.074,18.7612,0.535848,0.237048,0.125496,0.097608,1.2e-05,4.4e-05,0.000104,0.001788,5.2e-05,0.000244,0.000216,0.000228,0.000688,0.0004,0.000224
ZTF21acjjxww,SN Ia,0.08217,18.4877,0.512604,0.202292,0.123732,0.143372,0.000276,0.000228,0.000372,0.004476,0.000648,0.00036,0.001752,0.001416,0.003528,0.001968,0.002976
ZTF20acgpqqr,SN Ia,0.05951,18.0623,0.55,0.206,0.164,0.08,0.0,0.0,0.0,0.0,0.0,0.0,0.0,0.0,0.0,0.0,0.0
ZTF23aazskaz,SN Ia,0.1,18.5934,0.634,0.238,0.092,0.036,0.0,0.0,0.0,0.0,0.0,0.0,0.0,0.0,0.0,0.0,0.0
ZTF19abcejoa,SN Ia,0.09,18.638,0.464136,0.227088,0.145416,0.15936,0.0,0.0,0.0,0.0,0.0,0.000312,0.000296,0.000216,0.002472,0.000432,0.000272
ZTF23aasovdv,SN Ia,0.05,17.3391,0.594808,0.255488,0.097804,0.0499,0.0,4e-06,2e-05,0.001952,2.4e-05,0.0,0.0,0.0,0.0,0.0,0.0
ZTF19aaraxhh,SN Ia,0.04129,17.8476,0.384,0.304,0.192,0.12,0.0,0.0,0.0,0.0,0.0,0.0,0.0,0.0,0.0,0.0,0.0
ZTF20aafcgca,SN Ia,0.08,18.5251,0.54,0.202,0.154,0.104,0.0,0.0,0.0,0.0,0.0,0.0,0.0,0.0,0.0,0.0,0.0
ZTF19aaklqod,SN Ia,0.03,16.8355,0.369408,0.21632,0.123136,0.123136,0.002816,0.009768,0.003872,0.021736,0.005808,0.004216,0.02108,0.027032,0.035464,0.01116,0.025048
ZTF23aavugvk,SN Ia,0.071,17.9571,0.548,0.334,0.072,0.046,0.0,0.0,0.0,0.0,0.0,0.0,0.0,0.0,0.0,0.0,0.0
ZTF22abbiqoi,SN Ia,0.09,18.5707,0.392,0.32,0.168,0.12,0.0,0.0,0.0,0.0,0.0,0.0,0.0,0.0,0.0,0.0,0.0
ZTF25aatzejc,SN Ia,0.081,18.5,0.424592,0.217056,0.211344,0.099008,0.00076,0.00152,0.003,0.01352,0.0012,0.002408,0.006384,0.002968,0.007728,0.002912,0.0056
ZTF21aakbgpf,SN Ia,0.05,18.3592,0.43736,0.276332,0.151088,0.12922,0.000204,0.003816,0.001464,0.00012,0.000396,0.0,0.0,0.0,0.0,0.0,0.0
ZTF20aaifkyj,SN Ia,0.0732,18.5982,0.503976,0.241032,0.135456,0.115536,0.0,0.0,0.0,0.0,0.0,9.6e-05,0.000576,0.00096,0.001264,0.000304,0.0008
ZTF20aaurucm,SN Ia,0.09,18.1905,0.392,0.25,0.21,0.148,0.0,0.0,0.0,0.0,0.0,0.0,0.0,0.0,0.0,0.0,0.0
ZTF21abljmmv,SN Ia,0.05,17.5512,0.549504,0.299556,0.082044,0.022896,0.00044,0.002596,0.008272,0.005324,0.005368,0.014352,0.001776,0.00048,0.001584,0.003072,0.002736
ZTF18aafdigb,SN Ia,0.063,18.4717,0.438464,0.281728,0.164672,0.107136,0.0,0.0,0.0,0.0,0.0,0.000464,0.000768,0.000432,0.000368,0.001264,0.004704
ZTF18aawmeiw,SN Ia,0.036,17.1501,0.652,0.23,0.064,0.054,0.0,0.0,0.0,0.0,0.0,0.0,0.0,0.0,0.0,0.0,0.0
ZTF21abbzqvv,SN Ia,0.076,18.03,0.436,0.234,0.194,0.136,0.0,0.0,0.0,0.0,0.0,0.0,0.0,0.0,0.0,0.0,0.0
ZTF21aciuhyy,SN Ia,0.097,18.7898,0.49276,0.19206,0.1552,0.12998,0.00176,0.008228,0.0044,0.006468,0.001144,0.00176,0.001248,0.00048,0.000816,0.001232,0.002464
ZTF23abhzlbh,SN Ia,0.09,18.6947,0.466,0.208,0.17,0.156,0.0,0.0,0.0,0.0,0.0,0.0,0.0,0.0,0.0,0.0,0.0
ZTF24abqkitr,SN Ia,0.0945,18.6546,0.526824,0.16524,0.163296,0.11664,0.00064,0.005,0.0088,0.0036,0.00196,0.000448,0.00112,0.000592,0.000784,0.001792,0.003264
ZTF19abgafkt,SN Ia,0.078,18.1968,0.533696,0.16864,0.166656,0.123008,0.00028,0.000992,0.00088,0.001608,0.00024,0.000376,0.000544,0.000232,0.000624,0.001096,0.001128
ZTF23aakidwn,SN Ia,0.04850,18.4932,0.522,0.378,0.066,0.034,0.0,0.0,0.0,0.0,0.0,0.0,0.0,0.0,0.0,0.0,0.0
ZTF21aatyplr,SN Ia,0.00838,16.5799,0.362,0.538,0.084,0.016,0.0,0.0,0.0,0.0,0.0,0.0,0.0,0.0,0.0,0.0,0.0
ZTF21aarigsr,SN Ia,0.059,17.3857,0.574,0.24,0.092,0.094,0.0,0.0,0.0,0.0,0.0,0.0,0.0,0.0,0.0,0.0,0.0
ZTF19adbsfpf,SN Ia,0.059,18.7616,0.410024,0.308476,0.16286,0.07664,0.00066,0.001452,0.00176,0.005324,0.012804,0.00272,0.0036,0.00368,0.00624,0.00172,0.00204
ZTF20abmzfql,SN Ia,0.074,18.3224,0.618488,0.221312,0.081016,0.067184,4.8e-05,0.000112,0.000512,0.006992,0.000336,0.00064,0.000376,0.000344,0.001176,0.000904,0.00056
ZTF24aalndou,SN Ia,0.066,18.4242,0.38192,0.21824,0.1672,0.11264,0.00072,0.00336,0.00126,0.02232,0.00234,0.03528,0.0072,0.00558,0.01908,0.01818,0.00468
ZTF20absvwdh,SN Ia,0.06678,18.9021,0.394,0.37,0.156,0.08,0.0,0.0,0.0,0.0,0.0,0.0,0.0,0.0,0.0,0.0,0.0
ZTF21aaxsnvk,SN Ia,0.03447,17.2268,0.4312,0.27636,0.2058,0.06664,0.000272,0.00376,0.003072,0.000448,0.000448,0.00432,0.00108,0.000168,0.000984,0.002616,0.002832
ZTF22abbkxor,SN Ia,0.075,18.4089,0.538,0.242,0.136,0.084,0.0,0.0,0.0,0.0,0.0,0.0,0.0,0.0,0.0,0.0,0.0
ZTF21abybnni,SN Ia,0.07481,18.5997,0.499,0.207584,0.175648,0.115768,0.0,0.0,0.0,0.0,0.0,0.000268,0.000276,0.000108,0.000348,0.000456,0.000544
ZTF21absvlrr,SN Ia,0.0208,15.2753,0.361276,0.217564,0.225548,0.193612,0.0,0.0,0.0,0.0,0.0,0.000736,0.000204,9.2e-05,0.000384,0.000352,0.000232
ZTF20aahqcup,SN Ia,0.1,18.7691,0.34,0.262,0.196,0.202,0.0,0.0,0.0,0.0,0.0,0.0,0.0,0.0,0.0,0.0,0.0
ZTF20aciugdl,SN Ia,0.07,18.3889,0.588,0.234,0.118,0.06,0.0,0.0,0.0,0.0,0.0,0.0,0.0,0.0,0.0,0.0,0.0
ZTF20abtfnpl,SN Ia,0.07,18.7347,0.436248,0.256968,0.1494,0.153384,0.00024,0.001008,0.000928,0.001592,0.000232,0.0,0.0,0.0,0.0,0.0,0.0
ZTF22abhvfio,SN Ia,0.034,17.9579,0.518,0.4,0.068,0.014,0.0,0.0,0.0,0.0,0.0,0.0,0.0,0.0,0.0,0.0,0.0
ZTF20abfqeef,SN Ia,0.06114,17.8994,0.478,0.2,0.196,0.126,0.0,0.0,0.0,0.0,0.0,0.0,0.0,0.0,0.0,0.0,0.0
ZTF21abmspkq,SN Ia,0.077,18.7344,0.46272,0.283416,0.129176,0.088688,0.000648,0.006588,0.006228,0.00198,0.002556,0.000972,0.002412,0.001476,0.000828,0.002484,0.009828
ZTF18abbvsiv,SN Ia,0.051,17.663,0.52,0.326,0.108,0.046,0.0,0.0,0.0,0.0,0.0,0.0,0.0,0.0,0.0,0.0,0.0
ZTF22abspgzy,SN Ia,0.073,18.6256,0.44,0.404,0.094,0.062,0.0,0.0,0.0,0.0,0.0,0.0,0.0,0.0,0.0,0.0,0.0
ZTF20aavqfli,SN Ia,0.0664,17.8459,0.58,0.302,0.1,0.018,0.0,0.0,0.0,0.0,0.0,0.0,0.0,0.0,0.0,0.0,0.0
ZTF21aakvrgb,SN Ia,0.04931,18.2444,0.422,0.408,0.126,0.044,0.0,0.0,0.0,0.0,0.0,0.0,0.0,0.0,0.0,0.0,0.0
ZTF25abwhfuq,SN Ia,0.03346,16.9589,0.299536,0.163664,0.188368,0.120432,0.0012,0.00352,0.0016,0.03144,0.00224,0.068808,0.012408,0.016168,0.04136,0.040608,0.008648
ZTF22aaffaah,SN Ia,0.07749,18.1397,0.5412,0.224352,0.145632,0.072816,0.000368,0.002896,0.00192,0.002512,0.000304,0.001232,0.000944,0.000352,0.001232,0.001904,0.002336
ZTF18acrdmmw,SN Ia,0.05,17.3002,0.52894,0.263472,0.115768,0.08982,4e-06,8e-06,4e-05,0.00192,2.8e-05,0.0,0.0,0.0,0.0,0.0,0.0
ZTF19acyfkbf,SN Ia,0.05,18.1826,0.428,0.248,0.228,0.096,0.0,0.0,0.0,0.0,0.0,0.0,0.0,0.0,0.0,0.0,0.0
ZTF22abmicob,SN Ia,0.09,18.9041,0.452,0.308,0.142,0.098,0.0,0.0,0.0,0.0,0.0,0.0,0.0,0.0,0.0,0.0,0.0
ZTF19abhpvfq,SN Ia,0.03356,17.1989,0.39732,0.374616,0.121088,0.052976,0.000288,0.000528,0.000672,0.015504,0.007008,0.00378,0.00528,0.0066,0.0072,0.00204,0.0051
ZTF21acjcrzd,SN Ia,0.033,16.9793,0.400472,0.161252,0.163024,0.161252,0.00102,0.00396,0.00198,0.01794,0.0051,0.009744,0.01176,0.00672,0.02184,0.027048,0.006888
ZTF20abeqsrm,SN Ia,0.048,18.0665,0.53,0.27,0.132,0.068,0.0,0.0,0.0,0.0,0.0,0.0,0.0,0.0,0.0,0.0,0.0
ZTF19acojuzv,SN Ia,0.04,17.18,0.522,0.256,0.122,0.1,0.0,0.0,0.0,0.0,0.0,0.0,0.0,0.0,0.0,0.0,0.0
ZTF21ackrvob,SN Ia,0.066,18.5722,0.45978,0.26772,0.13968,0.10282,0.00048,0.00148,0.00098,0.00566,0.0014,0.00036,0.0042,0.00488,0.00476,0.00164,0.00416
ZTF23abgqzhi,SN Ia,0.06,18.134,0.614,0.26,0.084,0.042,0.0,0.0,0.0,0.0,0.0,0.0,0.0,0.0,0.0,0.0,0.0
ZTF20abgakbv,SN Ia,0.08,18.6131,0.369512,0.329992,0.173888,0.114608,0.000112,0.000304,0.0004,0.00488,0.002304,0.000544,0.000792,0.00056,0.000832,0.0004,0.000872
ZTF23aamzucf,SN Ia,0.08,18.2874,0.468,0.232,0.162,0.138,0.0,0.0,0.0,0.0,0.0,0.0,0.0,0.0,0.0,0.0,0.0
ZTF21aciialn,SN Ia,0.05435,18.0584,0.066144,0.074624,0.171296,0.111936,0.007,0.0545,0.0935,0.066,0.029,0.01304,0.060636,0.011736,0.018908,0.063896,0.157784
ZTF24abmpzmg,SN Ia,0.067,18.4481,0.38958,0.212004,0.159456,0.14496,0.000616,0.000952,0.001456,0.022848,0.002128,0.000396,0.0066,0.006468,0.032604,0.013464,0.006468
ZTF23abjtozz,SN Ia,0.033,18.0011,0.416,0.494,0.07,0.02,0.0,0.0,0.0,0.0,0.0,0.0,0.0,0.0,0.0,0.0,0.0
ZTF22abyaood,SN Ia,0.04873,17.5518,0.322,0.24,0.296,0.142,0.0,0.0,0.0,0.0,0.0,0.0,0.0,0.0,0.0,0.0,0.0
ZTF19aaurxsa,SN Ia,0.052,18.1135,0.372,0.286,0.21,0.132,0.0,0.0,0.0,0.0,0.0,0.0,0.0,0.0,0.0,0.0,0.0
ZTF23abgspvs,SN Ia,0.09,18.6015,0.622,0.234,0.094,0.05,0.0,0.0,0.0,0.0,0.0,0.0,0.0,0.0,0.0,0.0,0.0
ZTF21aamjgfp,SN Ia,0.06558,18.441,0.5,0.258,0.132,0.11,0.0,0.0,0.0,0.0,0.0,0.0,0.0,0.0,0.0,0.0,0.0
ZTF21aaampui,SN Ia,0.0155,15.8367,0.388,0.318,0.168,0.126,0.0,0.0,0.0,0.0,0.0,0.0,0.0,0.0,0.0,0.0,0.0
ZTF21accfbyj,SN Ia,0.04395,17.5519,0.235972,0.188232,0.158224,0.099572,0.007488,0.03168,0.0216,0.032832,0.0504,0.025404,0.02784,0.027492,0.037584,0.012528,0.043152
ZTF22abszapf,SN Ia,0.086,18.59,0.399588,0.252476,0.190848,0.151088,0.000192,0.000312,0.000288,0.002288,0.00092,8.4e-05,0.000312,0.000344,0.00056,0.0002,0.0005
ZTF21aawyyha,SN Ia,0.056,17.4149,0.54,0.166,0.13,0.164,0.0,0.0,0.0,0.0,0.0,0.0,0.0,0.0,0.0,0.0,0.0
ZTF20acnyxln,SN Ia,0.055,16.5476,0.185256,0.149544,0.164052,0.059148,0.005772,0.012876,0.015096,0.156288,0.031968,0.0792,0.0264,0.0154,0.055,0.0198,0.0242
ZTF23abijnsm,SN Ia,0.079,18.3913,0.684,0.218,0.058,0.04,0.0,0.0,0.0,0.0,0.0,0.0,0.0,0.0,0.0,0.0,0.0
ZTF19aamooex,SN Ia,0.08,18.6817,0.43,0.286,0.15,0.134,0.0,0.0,0.0,0.0,0.0,0.0,0.0,0.0,0.0,0.0,0.0
ZTF21acjotip,SN Ia,0.07917,18.2102,0.516,0.206,0.152,0.126,0.0,0.0,0.0,0.0,0.0,0.0,0.0,0.0,0.0,0.0,0.0
ZTF21aaugbus,SN Ia,0.03,17.4016,0.608,0.19,0.154,0.048,0.0,0.0,0.0,0.0,0.0,0.0,0.0,0.0,0.0,0.0,0.0
ZTF22aayfpso,SN Ia,0.064,18.2632,0.55974,0.219968,0.139444,0.062848,0.00064,0.010496,0.003968,0.000224,0.000672,0.0006,0.000236,0.000104,0.000116,0.000312,0.000632
ZTF22abhfwmr,SN Ia,0.041,17.2939,0.588,0.264,0.1,0.048,0.0,0.0,0.0,0.0,0.0,0.0,0.0,0.0,0.0,0.0,0.0
ZTF24abxxfzd,SN Ia,0.1,18.9532,0.425148,0.213572,0.181636,0.177644,5.2e-05,0.00022,0.000176,0.001296,0.000256,0.0,0.0,0.0,0.0,0.0,0.0
ZTF22aamtomc,SN Ia,0.017,15.6536,0.3942,0.1752,0.194472,0.112128,8.8e-05,0.000176,0.000352,0.042856,0.000528,0.01376,0.01184,0.00704,0.02112,0.01248,0.01376
ZTF21aabhqng,SN Ia,0.089,18.6623,0.528,0.19,0.156,0.126,0.0,0.0,0.0,0.0,0.0,0.0,0.0,0.0,0.0,0.0,0.0
ZTF19abkrlew,SN Ia,0.07,18.2514,0.484,0.258,0.154,0.104,0.0,0.0,0.0,0.0,0.0,0.0,0.0,0.0,0.0,0.0,0.0
ZTF22abghgca,SN Ia,0.038,17.2719,0.506,0.258,0.104,0.132,0.0,0.0,0.0,0.0,0.0,0.0,0.0,0.0,0.0,0.0,0.0
ZTF21abfxjik,SN Ia,0.08,18.6775,0.33,0.388,0.15,0.132,0.0,0.0,0.0,0.0,0.0,0.0,0.0,0.0,0.0,0.0,0.0
ZTF19aaphmto,SN Ia,0.08,18.1002,0.408,0.334,0.152,0.106,0.0,0.0,0.0,0.0,0.0,0.0,0.0,0.0,0.0,0.0,0.0
ZTF19abyjjxp,SN Ia,0.04,16.8817,0.1745,0.168916,0.21638,0.138204,0.0,0.00276,0.009384,0.124752,0.001104,0.042968,0.011808,0.011808,0.054776,0.023616,0.019024
ZTF23aavujng,SN Ia,0.06264,17.9971,0.604788,0.281436,0.065868,0.045908,0.0,0.0,0.0,0.0,0.0,0.000256,0.000244,0.000228,0.000688,0.000356,0.000228
ZTF20acwqlpq,SN Ia,0.07195,18.4171,0.502992,0.33932,0.0998,0.055888,0.0,0.0,0.0,0.0,0.0,6e-05,0.00026,0.000268,0.00104,0.000228,0.000144
ZTF22abgawhn,SN Ia,0.032,16.6562,0.36,0.236,0.244,0.16,0.0,0.0,0.0,0.0,0.0,0.0,0.0,0.0,0.0,0.0,0.0
ZTF21abrxoir,SN Ia,0.02665,17.1952,0.52,0.208,0.12,0.152,0.0,0.0,0.0,0.0,0.0,0.0,0.0,0.0,0.0,0.0,0.0
ZTF19aanydko,SN Ia,0.07,18.5429,0.462,0.268,0.13,0.14,0.0,0.0,0.0,0.0,0.0,0.0,0.0,0.0,0.0,0.0,0.0
ZTF23abgvtxr,SN Ia,0.055,17.7697,0.387296,0.252928,0.20748,0.140296,4e-05,0.00018,0.0005,0.00924,4e-05,0.000456,0.000136,0.000188,0.00062,0.000288,0.000312
ZTF18acrlmvt,SN Ia,0.092,18.2989,0.327184,0.292336,0.191664,0.156816,0.00184,0.00556,0.00664,0.00148,0.00448,0.003384,0.001968,0.00048,0.00084,0.001872,0.003456
ZTF24aaiowju,SN Ia,0.055,17.8838,0.303392,0.193612,0.353292,0.147704,0.0,0.0,0.0,0.0,0.0,0.000564,0.000184,0.000172,0.000572,0.000236,0.000272
ZTF19abuhlxk,SN Ia,0.02,16.737,0.4653,0.27324,0.1188,0.13266,0.0,2.4e-05,0.000192,0.005724,6e-05,0.001216,0.00052,0.000288,0.000696,0.00072,0.00056
ZTF18acbxmvy,SN Ia,0.05,17.9445,0.48804,0.245016,0.157368,0.105576,0.0,0.0,0.0,0.0,0.0,0.000368,0.000688,0.000848,0.001152,0.000272,0.000672
ZTF19achejoc,SN Ia,0.05,17.9217,0.676,0.188,0.11,0.026,0.0,0.0,0.0,0.0,0.0,0.0,0.0,0.0,0.0,0.0,0.0
ZTF19aabyuze,SN Ia,0.043,16.7019,0.36234,0.33858,0.1881,0.10098,1.2e-05,2.4e-05,0.000204,0.0057,6e-05,0.00124,0.000328,0.000208,0.001072,0.000552,0.0006
ZTF22abevcjl,SN Ia,0.059,18.2562,0.43,0.302,0.146,0.122,0.0,0.0,0.0,0.0,0.0,0.0,0.0,0.0,0.0,0.0,0.0
ZTF25aciguje,SN Ia,0.03706,17.6397,0.433504,0.211508,0.134596,0.094392,0.001764,0.004956,0.0021,0.025872,0.007308,0.00504,0.004872,0.004872,0.031584,0.033936,0.003696
ZTF20acgnrqu,SN Ia,0.046,17.4004,0.582,0.26,0.114,0.044,0.0,0.0,0.0,0.0,0.0,0.0,0.0,0.0,0.0,0.0,0.0
ZTF21abvyxfs,SN Ia,0.099,18.8387,0.64,0.186,0.096,0.078,0.0,0.0,0.0,0.0,0.0,0.0,0.0,0.0,0.0,0.0,0.0
ZTF18aawjywv,SN Ia,0.04,17.7016,0.432264,0.32868,0.173304,0.061752,0.0,0.0,0.0,0.0,0.0,0.000472,0.000608,0.000712,0.000816,0.000416,0.000976
ZTF19abxjimu,SN Ia,0.01751,15.6321,0.036972,0.047736,0.095472,0.05382,0.008272,0.006768,0.014288,0.114304,0.232368,0.06786,0.0624,0.039,0.10452,0.03744,0.07878
ZTF23aavxosl,SN Ia,0.093,18.35,0.47,0.23,0.18,0.12,0.0,0.0,0.0,0.0,0.0,0.0,0.0,0.0,0.0,0.0,0.0
ZTF18aajpjdi,SN Ia,0.0746,18.4652,0.085632,0.08028,0.113284,0.166804,0.060912,0.14288,0.070688,0.069184,0.032336,0.009968,0.037024,0.021004,0.036312,0.011036,0.062656
ZTF20aaeujsk,SN Ia,0.067,18.3104,0.424296,0.300792,0.171312,0.0996,4.8e-05,3.6e-05,0.000104,0.001204,0.000608,0.000124,0.000364,0.000408,0.000628,8.4e-05,0.000392
ZTF24abifqbz,SN Ia,0.034,17.6072,0.359328,0.217056,0.196992,0.138624,0.00084,0.000784,0.001456,0.021784,0.003136,0.00096,0.01272,0.0066,0.01668,0.0084,0.01464
ZTF24aaoniol,SN Ia,0.066,18.9594,0.37228,0.19516,0.13612,0.11644,0.004356,0.01254,0.004884,0.03432,0.0099,0.007068,0.01824,0.01596,0.02508,0.032148,0.015504
ZTF21acgupte,SN Ia,0.077,18.2059,0.348,0.216,0.26,0.176,0.0,0.0,0.0,0.0,0.0,0.0,0.0,0.0,0.0,0.0,0.0
ZTF20abzpxxu,SN Ia,0.09,18.8796,0.528,0.202,0.162,0.108,0.0,0.0,0.0,0.0,0.0,0.0,0.0,0.0,0.0,0.0,0.0
ZTF23abhxbjo,SN Ia,0.069,18.649,0.4653,0.26532,0.11286,0.14652,0.000372,0.000852,0.000432,0.003828,0.000516,0.000224,0.00044,0.000952,0.001296,0.000536,0.000552
ZTF23abjpcza,SN Ia,0.052,18.4912,0.606,0.294,0.076,0.024,0.0,0.0,0.0,0.0,0.0,0.0,0.0,0.0,0.0,0.0,0.0
ZTF21abvvuhm,SN Ia,0.085,18.9621,0.264936,0.193224,0.270912,0.266928,0.00016,0.000376,0.000504,0.002776,0.000184,0.0,0.0,0.0,0.0,0.0,0.0
ZTF22aadephk,SN Ia,0.09,18.8798,0.42742,0.212716,0.20874,0.145124,0.000468,0.002328,0.00162,0.001368,0.000216,0.0,0.0,0.0,0.0,0.0,0.0
ZTF21accuexh,SN Ia,0.072,18.5406,0.57,0.314,0.092,0.024,0.0,0.0,0.0,0.0,0.0,0.0,0.0,0.0,0.0,0.0,0.0
ZTF18acbxsge,SN Ia,0.034,16.6615,0.466128,0.266928,0.171312,0.091632,4e-06,8e-06,2e-05,0.001936,3.2e-05,6.8e-05,0.000308,0.000228,0.000992,0.000268,0.000136
ZTF21aalimtr,SN Ia,0.05134,17.8967,0.58882,0.2495,0.107784,0.051896,0.0,0.0,0.0,0.0,0.0,0.00024,0.000192,0.000132,0.000356,0.000612,0.000468
ZTF21abcgxwy,SN Ia,0.05358,17.7976,0.644,0.268,0.066,0.022,0.0,0.0,0.0,0.0,0.0,0.0,0.0,0.0,0.0,0.0,0.0
ZTF25abidcdj,SN Ia,0.037,17.6636,0.27664,0.367536,0.225264,0.11856,0.0,0.0,0.0,0.0,0.0,0.001272,0.002208,0.000864,0.00288,0.001632,0.003144
ZTF21abdthxn,SN Ia,0.099,18.7217,0.634,0.286,0.052,0.028,0.0,0.0,0.0,0.0,0.0,0.0,0.0,0.0,0.0,0.0,0.0
ZTF20aauowam,SN Ia,0.064,17.7701,0.456,0.18,0.196,0.168,0.0,0.0,0.0,0.0,0.0,0.0,0.0,0.0,0.0,0.0,0.0
ZTF19aayjqpa,SN Ia,0.08,18.6418,0.622,0.186,0.112,0.08,0.0,0.0,0.0,0.0,0.0,0.0,0.0,0.0,0.0,0.0,0.0
ZTF18acwutbr,SN Ia,0.011,17.1402,0.444,0.398,0.118,0.04,0.0,0.0,0.0,0.0,0.0,0.0,0.0,0.0,0.0,0.0,0.0
ZTF23aaejvzv,SN Ia,0.089,18.5319,0.396856,0.226524,0.172088,0.082532,0.003584,0.004592,0.002016,0.014224,0.003584,0.011468,0.01222,0.019552,0.0235,0.016544,0.010716
ZTF20acoqpbg,SN Ia,0.06017,18.1744,0.534,0.258,0.142,0.066,0.0,0.0,0.0,0.0,0.0,0.0,0.0,0.0,0.0,0.0,0.0
ZTF23aaqqeri,SN Ia,0.059,17.8904,0.424,0.154,0.204,0.218,0.0,0.0,0.0,0.0,0.0,0.0,0.0,0.0,0.0,0.0,0.0
ZTF19acjjwsy,SN Ia,0.104,18.8083,0.322,0.374,0.192,0.112,0.0,0.0,0.0,0.0,0.0,0.0,0.0,0.0,0.0,0.0,0.0
ZTF19aaqhelq,SN Ia,0.0566,17.6957,0.079212,0.069552,0.095312,0.077924,0.010856,0.075992,0.086848,0.023128,0.039176,0.0221,0.049504,0.037128,0.022984,0.076024,0.23426
ZTF22abmjdfo,SN Ia,0.055,18.6482,0.491036,0.365792,0.081508,0.055664,2e-05,7.6e-05,0.000176,0.001652,7.6e-05,0.0002,0.0004,0.000408,0.001568,0.001088,0.000336
ZTF18aatgdph,SN Ia,0.03589,16.4841,0.436,0.318,0.13,0.116,0.0,0.0,0.0,0.0,0.0,0.0,0.0,0.0,0.0,0.0,0.0
ZTF23aarvrvd,SN Ia,0.088,18.4367,0.440648,0.20748,0.215384,0.124488,0.000576,0.002752,0.002272,0.001824,0.000576,0.001288,0.000384,0.000232,0.00052,0.000672,0.000904
ZTF24aaakprs,SN Ia,0.086,18.7416,0.306552,0.179304,0.258352,0.219792,0.001932,0.003556,0.00196,0.005796,0.000756,0.002948,0.002376,0.002464,0.007568,0.002948,0.003696
ZTF20ackdkva,SN Ia,0.11,18.9302,0.628,0.166,0.1,0.106,0.0,0.0,0.0,0.0,0.0,0.0,0.0,0.0,0.0,0.0,0.0
ZTF23aaizjbj,SN Ia,0.06,17.9502,0.512,0.278,0.118,0.092,0.0,0.0,0.0,0.0,0.0,0.0,0.0,0.0,0.0,0.0,0.0
ZTF20aaactgu,SN Ia,0.065,18.057,0.63,0.226,0.086,0.058,0.0,0.0,0.0,0.0,0.0,0.0,0.0,0.0,0.0,0.0,0.0
ZTF22ablhldn,SN Ia,0.078,18.5633,0.634,0.232,0.09,0.044,0.0,0.0,0.0,0.0,0.0,0.0,0.0,0.0,0.0,0.0,0.0
ZTF23aaznywn,SN Ia,0.065,17.5819,0.562,0.244,0.088,0.106,0.0,0.0,0.0,0.0,0.0,0.0,0.0,0.0,0.0,0.0,0.0
ZTF20accsfkt,SN Ia,0.08,18.2982,0.676,0.178,0.088,0.058,0.0,0.0,0.0,0.0,0.0,0.0,0.0,0.0,0.0,0.0,0.0
ZTF21abrotmc,SN Ia,0.097,18.9305,0.499,0.311376,0.137724,0.0499,0.000116,0.00078,0.000668,0.00034,9.6e-05,0.0,0.0,0.0,0.0,0.0,0.0
ZTF23abaxkwq,SN Ia,0.01428,15.7818,0.312744,0.444216,0.165336,0.073704,0.0,0.0,0.0,0.0,0.0,0.001328,0.000416,0.000256,0.000928,0.000504,0.000568
ZTF19aaomkvl,SN Ia,0.03961,17.7958,0.45,0.356,0.124,0.07,0.0,0.0,0.0,0.0,0.0,0.0,0.0,0.0,0.0,0.0,0.0
ZTF19acuymeu,SN Ia,0.04,17.8111,0.290832,0.43824,0.18924,0.077688,0.0,0.0,0.0,0.0,0.0,0.00056,0.00072,0.000448,0.000952,0.000576,0.000744
ZTF20accxzmn,SN Ia,0.051,18.3434,0.628928,0.184512,0.111104,0.067456,4.8e-05,4.8e-05,0.00032,0.0034,0.000184,0.000272,0.000552,0.000464,0.001504,0.00068,0.000528
ZTF19ablusdf,SN Ia,0.057,18.7543,0.326,0.338,0.196,0.14,0.0,0.0,0.0,0.0,0.0,0.0,0.0,0.0,0.0,0.0,0.0
ZTF19aajxwnz,SN Ia,0.015,15.2395,0.311488,0.325376,0.234112,0.121024,2.4e-05,8e-06,0.000184,0.003672,0.000112,0.001352,0.000432,0.000208,0.000808,0.000632,0.000568
ZTF20acnrphs,SN Ia,0.05,17.908,0.361276,0.45908,0.12974,0.047904,4e-05,4e-05,9.6e-05,0.00158,0.000244,0.0,0.0,0.0,0.0,0.0,0.0
ZTF21abvicne,SN Ia,0.0426,17.4974,0.59,0.216,0.112,0.082,0.0,0.0,0.0,0.0,0.0,0.0,0.0,0.0,0.0,0.0,0.0
ZTF22aboixdd,SN Ia,0.088,18.2791,0.4482,0.350592,0.113544,0.083664,0.0,4.8e-05,0.000132,0.001776,4.4e-05,0.000152,0.00024,0.000168,0.000804,0.000432,0.000204
ZTF19aaphntn,SN Ia,0.09,18.7933,0.628,0.216,0.106,0.05,0.0,0.0,0.0,0.0,0.0,0.0,0.0,0.0,0.0,0.0,0.0
ZTF20acwkvgj,SN Ia,0.06,18.1664,0.6,0.252,0.114,0.034,0.0,0.0,0.0,0.0,0.0,0.0,0.0,0.0,0.0,0.0,0.0
ZTF24aahdfsy,SN Ia,0.07,17.5224,0.34486,0.218144,0.123508,0.115488,0.0043,0.0105,0.0041,0.0253,0.0058,0.010064,0.016576,0.015096,0.044992,0.051504,0.009768
ZTF19acmbhvv,SN Ia,0.06240,18.0169,0.02068,0.024816,0.063544,0.07896,0.03074,0.3127,0.13992,0.0159,0.03074,0.074448,0.04512,0.009588,0.0282,0.04794,0.076704
ZTF19aalveag,SN Ia,0.05,18.0973,0.419904,0.283824,0.141912,0.12636,0.000272,0.001648,0.002048,0.003632,0.0004,0.00476,0.00304,0.001,0.00352,0.00252,0.00516
ZTF18aaxqyki,SN Ia,0.1,18.7798,0.454336,0.200384,0.164672,0.172608,0.00018,0.000208,0.000204,0.001052,0.000356,0.000264,0.001152,0.001488,0.001344,0.000504,0.001248
ZTF22aalwnzj,SN Ia,0.09,18.5357,0.562872,0.243512,0.11976,0.071856,0.0,0.0,0.0,0.0,0.0,0.000256,0.000168,0.00014,0.000352,0.00064,0.000444
ZTF22aajhkvu,SN Ia,0.05828,17.7081,0.598,0.224,0.094,0.084,0.0,0.0,0.0,0.0,0.0,0.0,0.0,0.0,0.0,0.0,0.0
ZTF22abgiayt,SN Ia,0.099,18.8477,0.61132,0.218892,0.086768,0.06902,0.000352,0.001728,0.001648,0.003904,0.000368,0.000408,0.000768,0.000384,0.00156,0.001716,0.001164
ZTF21acigjrl,SN Ia,0.07817,18.8235,0.321436,0.212976,0.209032,0.242556,0.000408,0.000352,0.000232,0.002576,0.000432,0.00016,0.00116,0.00202,0.0043,0.00104,0.00132
ZTF21acbfyew,SN Ia,0.01844,16.5664,0.0912,0.161728,0.252928,0.102144,0.002272,0.008236,0.023856,0.084348,0.023288,0.0365,0.0335,0.0225,0.0785,0.04,0.039
ZTF23abetodb,SN Ia,0.066,17.7349,0.688,0.22,0.066,0.026,0.0,0.0,0.0,0.0,0.0,0.0,0.0,0.0,0.0,0.0,0.0
ZTF24abnoldv,SN Ia,0.04145,17.7583,0.390432,0.370512,0.15936,0.075696,9.6e-05,0.000236,0.000188,0.001124,0.000356,0.00024,0.0004,0.000324,0.000428,0.000196,0.000412
ZTF18abpamut,SN Ia,0.074,18.4898,0.412,0.18,0.186,0.222,0.0,0.0,0.0,0.0,0.0,0.0,0.0,0.0,0.0,0.0,0.0
ZTF21aardybv,SN Ia,0.065,18.6098,0.41,0.25,0.216,0.124,0.0,0.0,0.0,0.0,0.0,0.0,0.0,0.0,0.0,0.0,0.0
ZTF20abeimho,SN Ia,0.075,18.5328,0.480192,0.189344,0.199104,0.10736,0.000336,0.000216,0.000672,0.010296,0.00048,0.000192,0.002016,0.003,0.003936,0.000744,0.002112
ZTF22aatnyqk,SN Ia,0.036,17.3204,0.548,0.282,0.1,0.07,0.0,0.0,0.0,0.0,0.0,0.0,0.0,0.0,0.0,0.0,0.0
ZTF21acjxsrf,SN Ia,0.089,18.5944,0.491016,0.233532,0.153692,0.11976,0.0,0.0,0.0,0.0,0.0,0.000192,0.000308,0.000248,0.0006,0.000156,0.000496
ZTF21abukrln,SN Ia,0.08,18.3151,0.56,0.244,0.128,0.068,0.0,0.0,0.0,0.0,0.0,0.0,0.0,0.0,0.0,0.0,0.0
ZTF20aaetvkh,SN Ia,0.061,18.2409,0.512,0.22,0.158,0.11,0.0,0.0,0.0,0.0,0.0,0.0,0.0,0.0,0.0,0.0,0.0
ZTF21aaabviz,SN Ia,0.06,17.699,0.323352,0.165668,0.317364,0.191616,1.6e-05,2.8e-05,0.000132,0.001788,3.6e-05,0.0,0.0,0.0,0.0,0.0,0.0
ZTF21aalekwo,SN Ia,0.07,18.2613,0.622,0.292,0.064,0.022,0.0,0.0,0.0,0.0,0.0,0.0,0.0,0.0,0.0,0.0,0.0
ZTF21abceehu,SN Ia,0.03441,16.7468,0.592,0.256,0.114,0.038,0.0,0.0,0.0,0.0,0.0,0.0,0.0,0.0,0.0,0.0,0.0
ZTF23abmewfr,SN Ia,0.07,18.6024,0.461076,0.275448,0.121756,0.13972,1.6e-05,2.4e-05,9.2e-05,0.001792,7.6e-05,0.0,0.0,0.0,0.0,0.0,0.0
ZTF18abiczpm,SN Ia,0.093,18.7016,0.410432,0.350416,0.143264,0.063888,0.000576,0.004352,0.007232,0.001472,0.002368,0.000896,0.001664,0.000512,0.00064,0.002784,0.009504
ZTF21aarjczf,SN Ia,0.06,18.3155,0.478,0.29,0.124,0.108,0.0,0.0,0.0,0.0,0.0,0.0,0.0,0.0,0.0,0.0,0.0
ZTF23aaaymxr,SN Ia,0.05049,17.3977,0.33,0.426,0.176,0.068,0.0,0.0,0.0,0.0,0.0,0.0,0.0,0.0,0.0,0.0,0.0
ZTF24abszjmr,SN Ia,0.1,18.836,0.274944,0.16128,0.18432,0.147456,0.00434,0.012276,0.004712,0.035216,0.005456,0.05168,0.01598,0.01156,0.03978,0.0357,0.0153
ZTF21aagojfe,SN Ia,0.02687,16.8275,0.407184,0.36926,0.123752,0.097804,8e-06,1.6e-05,9.6e-05,0.001832,4.8e-05,0.0,0.0,0.0,0.0,0.0,0.0
ZTF24aaejwkz,SN Ia,0.063,18.0788,0.38016,0.24552,0.20988,0.15444,8.8e-05,0.000276,0.0001,0.001432,0.000104,0.001344,0.000624,0.000656,0.003056,0.001376,0.000944
ZTF25aaytfvv,SN Ia,0.06350,18.6454,0.408096,0.22464,0.16848,0.134784,0.00304,0.01024,0.00504,0.0148,0.00688,0.001008,0.00504,0.003408,0.004848,0.0024,0.007296
ZTF20aaodkvl,SN Ia,0.026,16.4166,0.468,0.282,0.152,0.098,0.0,0.0,0.0,0.0,0.0,0.0,0.0,0.0,0.0,0.0,0.0
ZTF25aaaqkbi,SN Ia,0.03614,16.8842,0.206336,0.303552,0.291648,0.190464,3.6e-05,7.2e-05,0.000324,0.00546,0.000108,0.000676,0.000144,0.000108,0.000532,0.000288,0.000252
ZTF22abvciba,SN Ia,0.084,18.6543,0.57,0.198,0.15,0.082,0.0,0.0,0.0,0.0,0.0,0.0,0.0,0.0,0.0,0.0,0.0
ZTF21accibae,SN Ia,0.066,18.5212,0.642712,0.181636,0.11976,0.053892,0.0,0.0,0.0,0.0,0.0,0.000216,0.00034,0.000132,0.000312,0.000464,0.000536
ZTF21abyakea,SN Ia,0.04739,18.2338,0.59,0.328,0.062,0.02,0.0,0.0,0.0,0.0,0.0,0.0,0.0,0.0,0.0,0.0,0.0
ZTF19abzfmak,SN Ia,0.074,18.2632,0.570856,0.231536,0.115768,0.07984,0.0,0.0,0.0,0.0,0.0,8.4e-05,0.00014,0.00018,0.001224,0.000272,0.0001
ZTF22abobhmn,SN Ia,0.065,18.6123,0.518,0.352,0.088,0.042,0.0,0.0,0.0,0.0,0.0,0.0,0.0,0.0,0.0,0.0,0.0
ZTF24aahaajg,SN Ia,0.035,16.9221,0.174212,0.330464,0.27838,0.114944,0.00296,0.041144,0.022348,0.001924,0.005624,0.009184,0.003416,0.00056,0.001176,0.003192,0.010472
ZTF19abuclhk,SN Ia,0.05,18.0944,0.3984,0.470112,0.083664,0.043824,0.000112,0.00256,0.000976,6.4e-05,0.000288,0.0,0.0,0.0,0.0,0.0,0.0
ZTF21ackcrao,SN Ia,0.059,17.8361,0.315568,0.160688,0.236192,0.255552,0.000832,0.002048,0.001472,0.009952,0.001696,0.000576,0.001664,0.002176,0.005248,0.003232,0.003104
ZTF21aaxstzy,SN Ia,0.069,18.144,0.518,0.222,0.156,0.104,0.0,0.0,0.0,0.0,0.0,0.0,0.0,0.0,0.0,0.0,0.0
ZTF18abobkii,SN Ia,0.0597,18.1656,0.382568,0.347072,0.185368,0.070992,0.00046,0.00608,0.00242,0.00032,0.00072,0.001336,0.000416,9.6e-05,0.000144,0.000488,0.00152
ZTF21aapomdb,SN Ia,0.07,18.3723,0.402,0.19,0.23,0.178,0.0,0.0,0.0,0.0,0.0,0.0,0.0,0.0,0.0,0.0,0.0
ZTF21aaxuywf,SN Ia,0.02053,16.2617,0.150516,0.126108,0.258996,0.14238,0.00268,0.0067,0.008844,0.109612,0.006164,0.045872,0.015792,0.012784,0.0752,0.02256,0.015792
ZTF19abuxhqc,SN Ia,0.07,18.3512,0.614,0.318,0.052,0.016,0.0,0.0,0.0,0.0,0.0,0.0,0.0,0.0,0.0,0.0,0.0
ZTF18aaovwbp,SN Ia,0.08,18.5694,0.29172,0.263432,0.19448,0.134368,0.002232,0.011088,0.008856,0.009144,0.00468,0.00304,0.0096,0.00448,0.004,0.01408,0.0448
ZTF18abmrhom,SN Ia,0.09,18.7665,0.100584,0.094488,0.134112,0.178816,0.022704,0.224976,0.073616,0.004128,0.018576,0.032264,0.023384,0.007104,0.009768,0.021312,0.054168
ZTF22abnfgcn,SN Ia,0.04,16.847,0.267464,0.375248,0.26946,0.085828,0.0,0.0,0.0,0.0,0.0,0.000776,0.00016,8e-05,0.000412,0.000248,0.000324
ZTF19aacivvy,SN Ia,0.03,16.5797,0.343232,0.365056,0.190464,0.093248,1.2e-05,1.6e-05,5.2e-05,0.001888,3.2e-05,0.001884,0.000384,0.000372,0.001728,0.000792,0.00084
ZTF21aaprfkc,SN Ia,0.056,18.0867,0.464,0.296,0.136,0.104,0.0,0.0,0.0,0.0,0.0,0.0,0.0,0.0,0.0,0.0,0.0
ZTF24aakfycl,SN Ia,0.089,18.8324,0.332728,0.207328,0.188936,0.107008,0.00598,0.012972,0.003772,0.017204,0.006072,0.010148,0.019352,0.014396,0.021004,0.035636,0.017464
ZTF19aazdcmj,SN Ia,0.09,18.8222,0.59,0.242,0.078,0.09,0.0,0.0,0.0,0.0,0.0,0.0,0.0,0.0,0.0,0.0,0.0
ZTF19aaeopqn,SN Ia,0.039,18.5425,0.382,0.472,0.112,0.034,0.0,0.0,0.0,0.0,0.0,0.0,0.0,0.0,0.0,0.0,0.0
ZTF19abqqmui,SN Ia,0.05,17.9475,0.546,0.276,0.128,0.05,0.0,0.0,0.0,0.0,0.0,0.0,0.0,0.0,0.0,0.0,0.0
ZTF23abizggb,SN Ia,0.05,18.2415,0.423152,0.307384,0.155688,0.111776,0.0,0.0,0.0,0.0,0.0,6.4e-05,0.00022,0.000196,0.000708,0.00052,0.000292
ZTF18abcflnz,SN Ia,0.024,16.2495,0.422,0.28,0.186,0.112,0.0,0.0,0.0,0.0,0.0,0.0,0.0,0.0,0.0,0.0,0.0
ZTF19abzlsbl,SN Ia,0.03,17.8112,0.568,0.312,0.092,0.028,0.0,0.0,0.0,0.0,0.0,0.0,0.0,0.0,0.0,0.0,0.0
ZTF18aaqjqqc,SN Ia,0.04915,18.0997,0.241192,0.3717,0.14042,0.072688,0.0032,0.067,0.0198,0.0022,0.0078,0.012876,0.00666,0.001332,0.00296,0.012876,0.037296
ZTF23aazfapq,SN Ia,0.058,18.185,0.38808,0.33712,0.20188,0.05292,8.8e-05,0.000264,0.0005,0.001052,9.6e-05,0.00342,0.00216,0.00054,0.003132,0.004968,0.00378
ZTF22aahaufu,SN Ia,0.05977,17.9599,0.372,0.202,0.24,0.186,0.0,0.0,0.0,0.0,0.0,0.0,0.0,0.0,0.0,0.0,0.0
ZTF22abqwahz,SN Ia,0.04938,18.2092,0.334,0.532,0.092,0.042,0.0,0.0,0.0,0.0,0.0,0.0,0.0,0.0,0.0,0.0,0.0
ZTF24aahdihc,SN Ia,0.085,18.4775,0.38038,0.16926,0.182,0.17836,0.00288,0.00648,0.002592,0.020808,0.00324,0.007344,0.005076,0.004428,0.01728,0.016416,0.003456
ZTF22aaldrem,SN Ia,0.058,18.243,0.604,0.328,0.05,0.018,0.0,0.0,0.0,0.0,0.0,0.0,0.0,0.0,0.0,0.0,0.0
ZTF20ackitai,SN Ia,0.037,18.1175,0.382,0.156,0.204,0.258,0.0,0.0,0.0,0.0,0.0,0.0,0.0,0.0,0.0,0.0,0.0
ZTF18aarlukc,SN Ia,0.0626,17.9289,0.548,0.216,0.174,0.062,0.0,0.0,0.0,0.0,0.0,0.0,0.0,0.0,0.0,0.0,0.0
ZTF19acyfakk,SN Ia,0.03997,16.9764,0.467064,0.235528,0.127744,0.167664,0.0,0.0,0.0,0.0,0.0,0.000592,0.00022,0.000144,0.000396,0.00034,0.000308
ZTF19aapcoqg,SN Ia,0.08264,18.622,0.45,0.23,0.158,0.162,0.0,0.0,0.0,0.0,0.0,0.0,0.0,0.0,0.0,0.0,0.0
ZTF21acfflog,SN Ia,0.03224,16.9818,0.42914,0.28942,0.165668,0.113772,0.0,0.0,0.0,0.0,0.0,0.000176,0.00036,0.000268,0.000528,0.000304,0.000364
ZTF19abzqkdz,SN Ia,0.096,18.8828,0.464,0.312,0.152,0.072,0.0,0.0,0.0,0.0,0.0,0.0,0.0,0.0,0.0,0.0,0.0
ZTF20aclzegl,SN Ia,0.06,18.7466,0.382,0.442,0.132,0.044,0.0,0.0,0.0,0.0,0.0,0.0,0.0,0.0,0.0,0.0,0.0
ZTF19abnimpq,SN Ia,0.0705,17.9127,0.492,0.322,0.132,0.054,0.0,0.0,0.0,0.0,0.0,0.0,0.0,0.0,0.0,0.0,0.0
ZTF22aaypvib,SN Ia,0.106,18.9832,0.524832,0.28826,0.105364,0.075544,0.00018,0.001728,0.0033,0.00048,0.000312,0.0,0.0,0.0,0.0,0.0,0.0
ZTF19aayckwk,SN Ia,0.086,18.6053,0.499,0.281436,0.131736,0.085828,5.2e-05,7.6e-05,0.00012,0.001524,0.000228,0.0,0.0,0.0,0.0,0.0,0.0
ZTF20acpyaap,SN Ia,0.02,16.5149,0.486048,0.223104,0.165336,0.121512,0.0,2.4e-05,9.6e-05,0.003856,2.4e-05,0.0,0.0,0.0,0.0,0.0,0.0
ZTF20aauwhyi,SN Ia,0.0732,18.7781,0.346,0.202,0.234,0.218,0.0,0.0,0.0,0.0,0.0,0.0,0.0,0.0,0.0,0.0,0.0
ZTF21aciuvmg,SN Ia,0.076,18.214,0.387224,0.17964,0.213572,0.217564,2.8e-05,3.6e-05,0.000164,0.001724,4.8e-05,0.0,0.0,0.0,0.0,0.0,0.0
ZTF20aammbrw,SN Ia,0.06297,18.0682,0.561024,0.22402,0.105192,0.083764,0.00032,0.00098,0.00098,0.00736,0.00036,0.000416,0.003616,0.00176,0.00544,0.002496,0.002272
ZTF21acbntop,SN Ia,0.06744,18.3841,0.496,0.374,0.092,0.038,0.0,0.0,0.0,0.0,0.0,0.0,0.0,0.0,0.0,0.0,0.0
ZTF18acrncou,SN Ia,0.08,17.9406,0.29304,0.28512,0.2772,0.13464,0.00018,0.00024,0.000444,0.0039,0.001236,0.000672,0.000568,0.000568,0.000904,0.000352,0.000936
ZTF19abqanpy,SN Ia,0.043,17.5317,0.335048,0.22388,0.121976,0.091096,0.000152,0.000304,0.002432,0.070832,0.00228,0.046208,0.014592,0.006384,0.034352,0.026144,0.02432
ZTF19acihgng,SN Ia,0.05,17.7413,0.498,0.176,0.184,0.142,0.0,0.0,0.0,0.0,0.0,0.0,0.0,0.0,0.0,0.0,0.0
ZTF19aaujiwc,SN Ia,0.038,17.2356,0.428016,0.323904,0.156168,0.055912,0.000768,0.003552,0.009792,0.006288,0.0036,0.006792,0.000864,0.00024,0.000672,0.00156,0.001872
ZTF20abylbuf,SN Ia,0.0468,17.3042,0.29,0.246,0.29,0.174,0.0,0.0,0.0,0.0,0.0,0.0,0.0,0.0,0.0,0.0,0.0
ZTF19abvhkst,SN Ia,0.068,18.1079,0.215136,0.147408,0.188576,0.11288,0.002772,0.007812,0.023436,0.087444,0.004536,0.04914,0.021,0.01176,0.05124,0.03528,0.04158
ZTF20abfklsy,SN Ia,0.05,17.4561,0.48,0.252,0.144,0.124,0.0,0.0,0.0,0.0,0.0,0.0,0.0,0.0,0.0,0.0,0.0
ZTF21aaljjvt,SN Ia,0.08,18.8766,0.432,0.33,0.15,0.088,0.0,0.0,0.0,0.0,0.0,0.0,0.0,0.0,0.0,0.0,0.0
ZTF20acauthg,SN Ia,0.08,18.4951,0.566,0.238,0.126,0.07,0.0,0.0,0.0,0.0,0.0,0.0,0.0,0.0,0.0,0.0,0.0
ZTF22abfvsbt,SN Ia,0.02959,16.6163,0.455792,0.293276,0.13076,0.054172,0.0,0.000192,0.000288,0.023184,0.000336,0.000924,0.004872,0.006552,0.02226,0.004956,0.002436
ZTF21abmwmnp,SN Ia,0.096,18.6289,0.526,0.288,0.098,0.088,0.0,0.0,0.0,0.0,0.0,0.0,0.0,0.0,0.0,0.0,0.0
ZTF19acxndsk,SN Ia,0.04788,17.3341,0.526,0.312,0.088,0.074,0.0,0.0,0.0,0.0,0.0,0.0,0.0,0.0,0.0,0.0,0.0
ZTF21abjbrrj,SN Ia,0.03272,17.2946,0.38844,0.243024,0.203184,0.161352,1.6e-05,8e-06,8.4e-05,0.001884,8e-06,9.6e-05,0.000308,0.000256,0.00092,0.00026,0.00016
ZTF25aasnrmc,SN Ia,0.07,18.3656,0.234112,0.1984,0.359104,0.200384,0.000108,0.00018,0.000564,0.00492,0.000228,0.0005,0.000136,0.000148,0.000672,0.000248,0.000296
ZTF20abqnctf,SN Ia,0.08,18.6108,0.3486,0.521904,0.06972,0.055776,0.0,0.0,0.0,0.0,0.0,0.00024,0.001328,0.000592,0.000984,0.000248,0.000608
ZTF21acjurqj,SN Ia,0.089,18.4071,0.425148,0.17964,0.215568,0.177644,0.0,0.0,0.0,0.0,0.0,0.000136,0.000312,0.000268,0.000632,0.000216,0.000436
ZTF21abrghol,SN Ia,0.0378,16.9156,0.636,0.252,0.08,0.032,0.0,0.0,0.0,0.0,0.0,0.0,0.0,0.0,0.0,0.0,0.0
ZTF21acoqbfm,SN Ia,0.045,17.2997,0.320896,0.217856,0.133952,0.063296,0.00182,0.00056,0.00168,0.06174,0.0042,0.002716,0.026772,0.032204,0.09506,0.021728,0.01552
ZTF24abeiqfc,SN Ia,0.058,17.0453,0.354,0.362,0.208,0.076,0.0,0.0,0.0,0.0,0.0,0.0,0.0,0.0,0.0,0.0,0.0
ZTF19acxovkl,SN Ia,0.06,18.5532,0.277488,0.411312,0.155472,0.139728,0.000192,0.000408,0.000612,0.003444,0.001344,0.0006,0.00174,0.00184,0.00284,0.00076,0.00222
ZTF22aaorbxb,SN Ia,0.075,18.876,0.42,0.282,0.136,0.162,0.0,0.0,0.0,0.0,0.0,0.0,0.0,0.0,0.0,0.0,0.0
ZTF20abwcnhm,SN Ia,0.04,17.3471,0.502,0.292,0.094,0.112,0.0,0.0,0.0,0.0,0.0,0.0,0.0,0.0,0.0,0.0,0.0
ZTF25abvrbqg,SN Ia,0.02,17.6527,0.486,0.252,0.192,0.07,0.0,0.0,0.0,0.0,0.0,0.0,0.0,0.0,0.0,0.0,0.0
ZTF24aabplhb,SN Ia,0.038,17.5324,0.458,0.34,0.142,0.06,0.0,0.0,0.0,0.0,0.0,0.0,0.0,0.0,0.0,0.0,0.0
ZTF23abjzkqu,SN Ia,0.058,17.8375,0.356,0.184,0.3,0.16,0.0,0.0,0.0,0.0,0.0,0.0,0.0,0.0,0.0,0.0,0.0
ZTF22abuqitl,SN Ia,0.069,17.9173,0.52788,0.26892,0.135456,0.063744,0.0,0.0,4.8e-05,0.003896,5.6e-05,0.0,0.0,0.0,0.0,0.0,0.0
ZTF22abyrqec,SN Ia,0.072,18.2015,0.582,0.246,0.104,0.068,0.0,0.0,0.0,0.0,0.0,0.0,0.0,0.0,0.0,0.0,0.0
ZTF20aamdhut,SN Ia,0.04,17.2279,0.416,0.37,0.14,0.074,0.0,0.0,0.0,0.0,0.0,0.0,0.0,0.0,0.0,0.0,0.0
ZTF20acwncbd,SN Ia,0.08,18.1466,0.614768,0.181636,0.153692,0.047904,0.0,0.0,0.0,0.0,0.0,0.00046,0.00014,0.000112,0.000472,0.000452,0.000364
ZTF21abbzhvg,SN Ia,0.07208,18.3004,0.38352,0.235,0.188,0.13348,0.002496,0.031584,0.009984,0.002784,0.001152,0.003288,0.001824,0.000576,0.000744,0.001536,0.004032
ZTF20acowddo,SN Ia,0.073,17.99,0.516,0.238,0.134,0.112,0.0,0.0,0.0,0.0,0.0,0.0,0.0,0.0,0.0,0.0,0.0
ZTF21acbvwej,SN Ia,0.08662,18.8225,0.515928,0.292824,0.113544,0.073704,0.0,0.0,0.0,0.0,0.0,0.000192,0.00056,0.000176,0.001376,0.00124,0.000456
ZTF18aatjfoe,SN Ia,0.081,18.2505,0.672,0.182,0.098,0.048,0.0,0.0,0.0,0.0,0.0,0.0,0.0,0.0,0.0,0.0,0.0
ZTF25aatdvzt,SN Ia,0.01669,16.8105,0.28952,0.37976,0.188,0.08272,0.000308,0.002828,0.006356,0.001316,0.003192,0.00276,0.005704,0.001656,0.00184,0.01012,0.02392
ZTF20aaideho,SN Ia,0.093,18.9231,0.448,0.318,0.136,0.098,0.0,0.0,0.0,0.0,0.0,0.0,0.0,0.0,0.0,0.0,0.0
ZTF20abipuee,SN Ia,0.05,18.1924,0.534,0.266,0.134,0.066,0.0,0.0,0.0,0.0,0.0,0.0,0.0,0.0,0.0,0.0,0.0
ZTF22abyhxlj,SN Ia,0.058,17.1412,0.528,0.278,0.146,0.048,0.0,0.0,0.0,0.0,0.0,0.0,0.0,0.0,0.0,0.0,0.0
ZTF20abmxstg,SN Ia,0.1,18.5892,0.45816,0.21912,0.163344,0.155376,7.2e-05,0.000104,0.000584,0.003168,7.2e-05,0.0,0.0,0.0,0.0,0.0,0.0
ZTF22abijxly,SN Ia,0.02975,17.7695,0.313372,0.485028,0.141716,0.057884,0.0,0.0,0.0,0.0,0.0,0.000312,0.000212,0.0002,0.000576,0.000424,0.000276
ZTF21aastazz,SN Ia,0.053,17.9426,0.544,0.242,0.1,0.114,0.0,0.0,0.0,0.0,0.0,0.0,0.0,0.0,0.0,0.0,0.0
ZTF19abpzuzd,SN Ia,0.064,17.6465,0.56,0.23,0.118,0.092,0.0,0.0,0.0,0.0,0.0,0.0,0.0,0.0,0.0,0.0,0.0
ZTF21abedvkp,SN Ia,0.13,18.9761,0.423152,0.255488,0.1497,0.16966,0.0,0.0,0.0,0.0,0.0,7.2e-05,0.000332,0.000284,0.000636,0.000336,0.00034
ZTF20aavfwdo,SN Ia,0.0678,17.8694,0.556,0.268,0.114,0.062,0.0,0.0,0.0,0.0,0.0,0.0,0.0,0.0,0.0,0.0,0.0
ZTF20aajjxwc,SN Ia,0.04,17.9399,0.45,0.278,0.214,0.058,0.0,0.0,0.0,0.0,0.0,0.0,0.0,0.0,0.0,0.0,0.0
ZTF25acczblu,SN Ia,0.098,18.9726,0.41,0.362,0.124,0.104,0.0,0.0,0.0,0.0,0.0,0.0,0.0,0.0,0.0,0.0,0.0
ZTF20achfdib,SN Ia,0.017,16.0212,0.492,0.304,0.134,0.07,0.0,0.0,0.0,0.0,0.0,0.0,0.0,0.0,0.0,0.0,0.0
ZTF25acadteh,SN Ia,0.08,18.8326,0.485028,0.243512,0.175648,0.093812,0.0,0.0,0.0,0.0,0.0,0.00028,0.000188,0.00016,0.000844,0.00032,0.000208
ZTF19acdisjm,SN Ia,0.05712,18.5789,0.394,0.476,0.086,0.044,0.0,0.0,0.0,0.0,0.0,0.0,0.0,0.0,0.0,0.0,0.0
ZTF20abafzxx,SN Ia,0.02723,18.2929,0.30668,0.395076,0.120868,0.079376,0.003712,0.036096,0.0128,0.006656,0.004736,0.005576,0.006324,0.001156,0.0017,0.004624,0.01462
ZTF21abbaerh,SN Ia,0.03426,17.0223,0.38922,0.275448,0.16966,0.163672,0.0,0.0,0.0,0.0,0.0,0.000292,0.000248,0.000204,0.00058,0.000404,0.000272
ZTF23abhshdk,SN Ia,0.04,17.8927,0.3104,0.41128,0.16878,0.07954,0.000468,0.000504,0.001224,0.008172,0.007632,0.00072,0.003672,0.001392,0.003,0.000624,0.002592
ZTF23abnpddd,SN Ia,0.07,18.9205,0.37596,0.266064,0.138816,0.18316,0.003312,0.005424,0.003024,0.00912,0.00312,0.000264,0.00204,0.002712,0.00288,0.000768,0.003336
ZTF21abuuzrk,SN Ia,0.0523,18.5658,0.325348,0.435128,0.127744,0.10978,0.0,0.0,0.0,0.0,0.0,0.00012,0.000416,0.00032,0.00064,0.000208,0.000296
ZTF19acmwkul,SN Ia,0.0744,18.3491,0.481036,0.233532,0.193612,0.08982,0.0,0.0,0.0,0.0,0.0,0.000176,0.000248,0.000272,0.000688,0.000416,0.0002
ZTF23aahxdhe,SN Ia,0.05,17.9664,0.495008,0.303392,0.10978,0.08982,4e-06,1.2e-05,4.4e-05,0.001904,3.6e-05,0.0,0.0,0.0,0.0,0.0,0.0
ZTF20aaurzce,SN Ia,0.02744,16.3478,0.419184,0.214512,0.230256,0.120048,3.2e-05,0.000112,8e-05,0.007744,3.2e-05,0.001904,0.001008,0.000672,0.002176,0.001072,0.001168
ZTF23aaxzhor,SN Ia,0.03031,17.3171,0.339264,0.371008,0.186496,0.095232,8.4e-05,9.6e-05,0.000264,0.004848,0.000708,0.000208,0.000444,0.00034,0.000468,0.000168,0.000372
ZTF21aayggyo,SN Ia,0.09,18.988,0.453264,0.38766,0.067592,0.085484,0.00036,0.003864,0.001536,9.6e-05,0.000144,0.0,0.0,0.0,0.0,0.0,0.0
ZTF18absdgon,SN Ia,0.085,18.2888,0.572,0.218,0.126,0.084,0.0,0.0,0.0,0.0,0.0,0.0,0.0,0.0,0.0,0.0,0.0
ZTF19abdgpuv,SN Ia,0.1,18.7746,0.422304,0.2988,0.155376,0.11952,0.0,0.0,0.0,0.0,0.0,0.000416,0.000704,0.00044,0.001088,0.000576,0.000776
ZTF20acgyvgs,SN Ia,0.0633,18.6325,0.5,0.308,0.126,0.066,0.0,0.0,0.0,0.0,0.0,0.0,0.0,0.0,0.0,0.0,0.0
ZTF20acpbbqf,SN Ia,0.0445,17.4304,0.50856,0.27384,0.125184,0.070416,0.000288,0.001896,0.000576,0.002436,0.000804,0.000576,0.002912,0.00256,0.002592,0.001632,0.005728
ZTF22aboaiim,SN Ia,0.07,18.4147,0.43912,0.233532,0.191616,0.133732,7.6e-05,5.6e-05,0.000116,0.001172,0.00058,0.0,0.0,0.0,0.0,0.0,0.0
ZTF20acjzzyr,SN Ia,0.065,18.2953,0.56304,0.22632,0.08096,0.04968,0.004,0.05584,0.0128,0.00048,0.00688,0.0,0.0,0.0,0.0,0.0,0.0
ZTF23aazjqov,SN Ia,0.03007,18.1017,0.388,0.404,0.14,0.068,0.0,0.0,0.0,0.0,0.0,0.0,0.0,0.0,0.0,0.0,0.0
ZTF20ablnjvp,SN Ia,0.0538,17.8179,0.579328,0.206336,0.097216,0.10912,0.000276,0.000876,0.001296,0.003288,0.000264,0.000372,0.00024,0.000116,0.00042,0.000492,0.00036
ZTF18aahvndq,SN Ia,0.01537,15.3851,0.361088,0.359104,0.140864,0.130944,0.0,8e-06,2.4e-05,0.001964,4e-06,0.001812,0.000576,0.0003,0.001248,0.00114,0.000924
ZTF23aahkrlw,SN Ia,0.027,16.6403,0.3948,0.1512,0.16128,0.13272,0.00192,0.005472,0.001536,0.03552,0.003552,0.010304,0.012768,0.011424,0.045696,0.02688,0.004928
ZTF20acpjfln,SN Ia,0.038,18.5783,0.308,0.508,0.12,0.064,0.0,0.0,0.0,0.0,0.0,0.0,0.0,0.0,0.0,0.0,0.0
ZTF20acpksoc,SN Ia,0.09,18.3868,0.628,0.194,0.098,0.08,0.0,0.0,0.0,0.0,0.0,0.0,0.0,0.0,0.0,0.0,0.0
ZTF20acnywhz,SN Ia,0.1,18.5005,0.477044,0.25948,0.141716,0.11976,0.0,0.0,0.0,0.0,0.0,6.8e-05,0.000152,0.000236,0.000996,0.000388,0.00016
ZTF19aayvylv,SN Ia,0.071,18.2924,0.276,0.296,0.232,0.196,0.0,0.0,0.0,0.0,0.0,0.0,0.0,0.0,0.0,0.0,0.0
ZTF20aazsyvu,SN Ia,0.072,18.4952,0.684,0.168,0.112,0.036,0.0,0.0,0.0,0.0,0.0,0.0,0.0,0.0,0.0,0.0,0.0
ZTF20abgpksj,SN Ia,0.06,18.6192,0.61,0.228,0.08,0.082,0.0,0.0,0.0,0.0,0.0,0.0,0.0,0.0,0.0,0.0,0.0
ZTF24aahiitr,SN Ia,0.03,16.1523,0.220224,0.246864,0.298368,0.122544,0.00072,0.0018,0.00234,0.024,0.00114,0.021812,0.007052,0.00656,0.025912,0.009512,0.011152
ZTF23aawavgx,SN Ia,0.06,18.489,0.285428,0.36926,0.247504,0.095808,0.0,0.0,0.0,0.0,0.0,0.000232,0.000344,0.000304,0.000544,0.000196,0.00038
ZTF25aaplvcg,SN Ia,0.05296,18.269,0.306252,0.292716,0.165816,0.081216,0.0045,0.0179,0.0067,0.0168,0.0041,0.00936,0.015184,0.011648,0.013936,0.020592,0.03328
ZTF22abakeha,SN Ia,0.076,18.7543,0.468376,0.263692,0.116172,0.07376,0.002624,0.013184,0.008192,0.005184,0.002816,0.002484,0.009384,0.004876,0.003404,0.006072,0.01978
ZTF23aalfofn,SN Ia,0.03247,17.6422,0.32472,0.44748,0.14058,0.07722,0.000104,0.000316,0.000312,0.000924,0.000344,0.000624,0.001648,0.000576,0.001136,0.000736,0.00328
ZTF19abheamc,SN Ia,0.037,16.0894,0.353292,0.323352,0.185628,0.135728,0.0,0.0,0.0,0.0,0.0,0.00064,0.000204,0.0001,0.000412,0.00034,0.000304
ZTF23aahvnck,SN Ia,0.056,18.4538,0.403788,0.256956,0.143336,0.06992,0.00168,0.00456,0.0012,0.01986,0.0027,0.004992,0.007872,0.007296,0.039936,0.032832,0.003072
ZTF20abapyxl,SN Ia,0.085,18.8709,0.458,0.358,0.118,0.066,0.0,0.0,0.0,0.0,0.0,0.0,0.0,0.0,0.0,0.0,0.0
ZTF19acbpnii,SN Ia,0.06,17.6986,0.542,0.308,0.1,0.05,0.0,0.0,0.0,0.0,0.0,0.0,0.0,0.0,0.0,0.0,0.0
ZTF18aauizcr,SN Ia,0.03384,16.8455,0.027816,0.023484,0.032148,0.030552,0.17228,0.19706,0.03422,0.13334,0.0531,0.03256,0.052688,0.046176,0.060976,0.056832,0.046768
ZTF20abbpory,SN Ia,0.06,18.6726,0.624748,0.301396,0.047904,0.023952,0.0,0.0,0.0,0.0,0.0,0.0003,9.6e-05,0.00014,0.000684,0.00058,0.0002
ZTF21acdkydg,SN Ia,0.06,17.4011,0.471056,0.307384,0.121756,0.097804,4e-06,4e-06,4.4e-05,0.001924,2.4e-05,0.0,0.0,0.0,0.0,0.0,0.0
ZTF23aamqtel,SN Ia,0.019,15.6696,0.421916,0.262988,0.12298,0.138116,4.8e-05,0.0,4.8e-05,0.023808,9.6e-05,0.00666,0.0042,0.00216,0.00768,0.00486,0.00444
ZTF22ablbgrl,SN Ia,0.0478,18.4786,0.42432,0.35712,0.1248,0.05376,4.8e-05,8.4e-05,0.000336,0.005388,0.000144,0.000884,0.003128,0.001564,0.018088,0.008228,0.002108
ZTF22aajvkrd,SN Ia,0.077,18.197,0.614,0.198,0.116,0.072,0.0,0.0,0.0,0.0,0.0,0.0,0.0,0.0,0.0,0.0,0.0
ZTF22abavsqq,SN Ia,0.08,18.8438,0.317364,0.193612,0.21956,0.267464,5.6e-05,0.000156,0.0002,0.00148,0.000108,0.0,0.0,0.0,0.0,0.0,0.0
ZTF21abfoxwp,SN Ia,0.068,18.323,0.339948,0.33796,0.16898,0.147112,0.000152,0.000304,0.000232,0.002928,0.000384,3.6e-05,0.000236,0.000208,0.001,0.000332,0.000188
ZTF22aaoskwd,SN Ia,0.07109,18.7794,0.51548,0.21952,0.14504,0.09996,0.001568,0.004736,0.002368,0.006272,0.001056,0.0002,0.000776,0.000496,0.000952,0.000472,0.001104
ZTF25abiikwy,SN Ia,0.1,18.2753,0.528,0.198,0.172,0.102,0.0,0.0,0.0,0.0,0.0,0.0,0.0,0.0,0.0,0.0,0.0
ZTF22aakpvbx,SN Ia,0.05487,17.8844,0.526,0.412,0.052,0.01,0.0,0.0,0.0,0.0,0.0,0.0,0.0,0.0,0.0,0.0,0.0
ZTF20aammnnm,SN Ia,0.11,18.7822,0.322704,0.157368,0.195216,0.320712,0.000552,0.000856,0.000576,0.001792,0.000224,0.0,0.0,0.0,0.0,0.0,0.0
ZTF21abflmkk,SN Ia,0.057,17.7332,0.686,0.22,0.058,0.036,0.0,0.0,0.0,0.0,0.0,0.0,0.0,0.0,0.0,0.0,0.0
ZTF20ablagfg,SN Ia,0.08,18.7587,0.452184,0.18924,0.16932,0.185256,0.0,0.0,0.0,0.0,0.0,0.000144,0.00072,0.000864,0.001024,0.000424,0.000824
ZTF19abattvp,SN Ia,0.07,18.5938,0.439348,0.226632,0.20874,0.11928,0.000136,0.000884,0.000692,0.000196,9.2e-05,0.001128,0.000536,0.00016,0.000432,0.000552,0.001192
ZTF23aaepuao,SN Ia,0.05253,17.919,0.578,0.304,0.098,0.02,0.0,0.0,0.0,0.0,0.0,0.0,0.0,0.0,0.0,0.0,0.0
ZTF19aavvozj,SN Ia,0.1,18.9863,0.536,0.336,0.078,0.05,0.0,0.0,0.0,0.0,0.0,0.0,0.0,0.0,0.0,0.0,0.0
ZTF24aaaczuf,SN Ia,0.056,17.9319,0.43912,0.267464,0.167664,0.123752,4e-06,1.6e-05,1.6e-05,0.001944,2e-05,0.0,0.0,0.0,0.0,0.0,0.0
ZTF20abthxfr,SN Ia,0.046,17.6637,0.528,0.318,0.086,0.068,0.0,0.0,0.0,0.0,0.0,0.0,0.0,0.0,0.0,0.0,0.0
ZTF19adcdzjm,SN Ia,0.0811,18.66,0.508,0.27,0.132,0.09,0.0,0.0,0.0,0.0,0.0,0.0,0.0,0.0,0.0,0.0,0.0
ZTF18aaqnxjb,SN Ia,0.05096,18.5227,0.14484,0.17952,0.0918,0.09384,0.00356,0.004628,0.014596,0.146316,0.0089,0.006864,0.034944,0.027456,0.14352,0.078,0.021216
ZTF21abhhbmd,SN Ia,0.042,17.5064,0.354576,0.404376,0.167328,0.06972,0.0,0.0,0.0,0.0,0.0,0.000608,0.000608,0.000128,0.000336,0.00096,0.00136
ZTF19aaujzqh,SN Ia,0.0426,16.9354,0.41,0.338,0.132,0.12,0.0,0.0,0.0,0.0,0.0,0.0,0.0,0.0,0.0,0.0,0.0
ZTF22abswuyy,SN Ia,0.052,17.4311,0.49,0.304,0.144,0.062,0.0,0.0,0.0,0.0,0.0,0.0,0.0,0.0,0.0,0.0,0.0
ZTF22abfxmvf,SN Ia,0.09,18.6247,0.63,0.212,0.104,0.054,0.0,0.0,0.0,0.0,0.0,0.0,0.0,0.0,0.0,0.0,0.0
ZTF19aangier,SN Ia,0.0604,17.7907,0.472,0.262,0.13,0.136,0.0,0.0,0.0,0.0,0.0,0.0,0.0,0.0,0.0,0.0,0.0
ZTF24abimnpm,SN Ia,0.0674,18.1853,0.47904,0.203592,0.18962,0.125748,4e-06,4.4e-05,9.6e-05,0.001812,4.4e-05,0.0,0.0,0.0,0.0,0.0,0.0
ZTF18ablmflp,SN Ia,0.042,17.9035,0.46718,0.302176,0.153076,0.071568,0.000104,0.000224,0.000256,0.002952,0.000464,7.6e-05,0.00042,0.000452,0.00064,0.000124,0.000288
ZTF19abyhxzp,SN Ia,0.086,18.3212,0.464,0.244,0.16,0.132,0.0,0.0,0.0,0.0,0.0,0.0,0.0,0.0,0.0,0.0,0.0
ZTF19abxihut,SN Ia,0.086,18.4286,0.498,0.248,0.142,0.112,0.0,0.0,0.0,0.0,0.0,0.0,0.0,0.0,0.0,0.0,0.0
ZTF21abpivbd,SN Ia,0.064,17.6204,0.527744,0.240064,0.132928,0.091264,8e-06,8e-06,0.000112,0.003856,1.6e-05,0.000584,0.000584,0.00052,0.00116,0.000576,0.000576
ZTF22abeltic,SN Ia,0.081,18.2288,0.56886,0.21956,0.16966,0.03992,1.2e-05,2.4e-05,0.0001,0.001832,3.2e-05,0.0,0.0,0.0,0.0,0.0,0.0
ZTF20abfhzhm,SN Ia,0.1,18.7569,0.49,0.302,0.136,0.072,0.0,0.0,0.0,0.0,0.0,0.0,0.0,0.0,0.0,0.0,0.0
ZTF22abbaqil,SN Ia,0.089,18.8218,0.528,0.208,0.128,0.136,0.0,0.0,0.0,0.0,0.0,0.0,0.0,0.0,0.0,0.0,0.0
ZTF21acfaugw,SN Ia,0.04233,17.3586,0.307384,0.465068,0.163672,0.061876,0.0,0.0,0.0,0.0,0.0,0.000492,0.000148,0.000148,0.000568,0.00036,0.000284
ZTF25aafwcmp,SN Ia,0.06445,18.029,0.354632,0.175488,0.20108,0.1828,0.00168,0.006104,0.002352,0.014784,0.00308,0.018676,0.003944,0.003596,0.01276,0.013224,0.0058
ZTF19abeizmo,SN Ia,0.065,18.1202,0.180776,0.212948,0.226736,0.14554,0.004788,0.03876,0.018924,0.029868,0.02166,0.00744,0.02352,0.00624,0.01344,0.0096,0.05976
ZTF21aaavhbu,SN Ia,0.0767,18.8636,0.496944,0.27608,0.124236,0.08874,0.000348,0.000756,0.000528,0.004092,0.000276,0.000304,0.000512,0.00088,0.003664,0.001808,0.000832
ZTF23aaqnjej,SN Ia,0.07,18.363,0.612,0.21,0.1,0.078,0.0,0.0,0.0,0.0,0.0,0.0,0.0,0.0,0.0,0.0,0.0
ZTF21aahzspd,SN Ia,0.11,18.9321,0.576,0.186,0.132,0.106,0.0,0.0,0.0,0.0,0.0,0.0,0.0,0.0,0.0,0.0,0.0
ZTF21aazfmxb,SN Ia,0.053,18.0391,0.432,0.208,0.202,0.158,0.0,0.0,0.0,0.0,0.0,0.0,0.0,0.0,0.0,0.0,0.0
ZTF20acwdnbw,SN Ia,0.07,18.3232,0.448,0.218,0.166,0.168,0.0,0.0,0.0,0.0,0.0,0.0,0.0,0.0,0.0,0.0,0.0
ZTF23aaeaptm,SN Ia,0.0332,17.9113,0.278832,0.246804,0.265644,0.15072,0.00084,0.001316,0.00126,0.00966,0.000924,0.008624,0.00484,0.004048,0.013464,0.006424,0.0066
ZTF18abcecfi,SN Ia,0.08,18.7905,0.442,0.346,0.138,0.074,0.0,0.0,0.0,0.0,0.0,0.0,0.0,0.0,0.0,0.0,0.0
ZTF24abjflpz,SN Ia,0.04364,17.8121,0.403192,0.303392,0.201596,0.08982,0.0,0.0,0.0,0.0,0.0,0.000336,0.000336,0.000252,0.00048,0.000196,0.0004
ZTF24abpfzww,SN Ia,0.06309,18.0677,0.34944,0.3003,0.15106,0.1092,0.008184,0.037092,0.012012,0.001188,0.007524,0.004752,0.004464,0.001248,0.00168,0.003024,0.008832
ZTF25aaqgorp,SN Ia,0.082,18.652,0.442,0.208,0.172,0.178,0.0,0.0,0.0,0.0,0.0,0.0,0.0,0.0,0.0,0.0,0.0
ZTF19aarmtgu,SN Ia,0.04185,17.0456,0.3762,0.22176,0.22572,0.16632,1.6e-05,0.000132,0.000332,0.00144,8e-05,0.001376,0.000576,0.000384,0.002704,0.001936,0.001024
ZTF19acbunmk,SN Ia,0.028,16.504,0.54,0.31,0.106,0.044,0.0,0.0,0.0,0.0,0.0,0.0,0.0,0.0,0.0,0.0,0.0
ZTF18aarmnnd,SN Ia,0.051,18.1086,0.271072,0.33884,0.129232,0.048856,0.016884,0.0603,0.027872,0.013132,0.015812,0.02652,0.007488,0.00234,0.008112,0.017784,0.015756
ZTF24aaimlne,SN Ia,0.07876,18.3969,0.264264,0.175692,0.164076,0.121968,0.008704,0.013464,0.005032,0.032776,0.008024,0.062624,0.021836,0.025544,0.03296,0.039552,0.023484
ZTF23abivuzt,SN Ia,0.03237,17.6724,0.2034,0.4122,0.2016,0.0828,0.000768,0.0024,0.002976,0.019104,0.022752,0.003848,0.01352,0.00728,0.012584,0.003536,0.011232
ZTF20aaxahpk,SN Ia,0.07045,17.9559,0.532,0.222,0.164,0.082,0.0,0.0,0.0,0.0,0.0,0.0,0.0,0.0,0.0,0.0,0.0
ZTF19abbvzgr,SN Ia,0.0498,17.7653,0.566864,0.297404,0.10978,0.023952,4e-06,2e-05,8.4e-05,0.001876,1.6e-05,0.0,0.0,0.0,0.0,0.0,0.0
ZTF20adadshh,SN Ia,0.02468,16.6672,0.468,0.286,0.186,0.06,0.0,0.0,0.0,0.0,0.0,0.0,0.0,0.0,0.0,0.0,0.0
ZTF21aakjhcb,SN Ia,0.042,17.4588,0.486,0.294,0.11,0.11,0.0,0.0,0.0,0.0,0.0,0.0,0.0,0.0,0.0,0.0,0.0
ZTF22aaxfqka,SN Ia,-,18.4988,0.346368,0.220416,0.26568,0.151536,0.00066,0.00322,0.0031,0.00188,0.00114,0.000672,0.000912,0.000324,0.000456,0.000708,0.002928
ZTF20abxidyb,SN Ia,0.099,18.9669,0.588,0.28,0.08,0.052,0.0,0.0,0.0,0.0,0.0,0.0,0.0,0.0,0.0,0.0,0.0
ZTF18aazhwnh,SN Ia,0.0907,18.9016,0.050676,0.070356,0.0738,0.051168,0.00788,0.111108,0.1576,0.021276,0.096136,0.02304,0.0432,0.00648,0.0108,0.054,0.22248
ZTF20acpumut,SN Ia,0.082,18.8298,0.656,0.206,0.09,0.048,0.0,0.0,0.0,0.0,0.0,0.0,0.0,0.0,0.0,0.0,0.0
ZTF25acfgool,SN Ia,0.06,17.5657,0.184952,0.1895,0.216788,0.16676,0.007696,0.018928,0.015184,0.029952,0.03224,0.032016,0.018768,0.012144,0.034776,0.011316,0.02898
ZTF21aacxung,SN Ia,0.04611,18.0113,0.554,0.356,0.088,0.002,0.0,0.0,0.0,0.0,0.0,0.0,0.0,0.0,0.0,0.0,0.0
ZTF25abozezv,SN Ia,0.04595,17.7477,0.333544,0.300768,0.241,0.088688,0.000448,0.003392,0.008704,0.001408,0.002048,0.00368,0.00216,0.00112,0.00248,0.00388,0.00668
ZTF22aakynop,SN Ia,0.073,18.6144,0.58,0.27,0.106,0.044,0.0,0.0,0.0,0.0,0.0,0.0,0.0,0.0,0.0,0.0,0.0
ZTF19aavxpbx,SN Ia,0.07,18.8347,0.398,0.224,0.216,0.162,0.0,0.0,0.0,0.0,0.0,0.0,0.0,0.0,0.0,0.0,0.0
ZTF20abfyriw,SN Ia,0.03609,17.9297,0.408,0.446,0.112,0.034,0.0,0.0,0.0,0.0,0.0,0.0,0.0,0.0,0.0,0.0,0.0
ZTF25abqamzb,SN Ia,0.08,18.501,0.433132,0.275448,0.18962,0.0998,0.0,0.0,0.0,0.0,0.0,0.000308,0.000156,0.000168,0.00074,0.000348,0.00028
ZTF22abxacvm,SN Ia,0.048,18.2209,0.381376,0.34928,0.137824,0.07552,0.000572,0.003872,0.012056,0.002068,0.003432,0.00442,0.003672,0.000952,0.000884,0.005576,0.018496
ZTF23aaencty,SN Ia,0.064,18.3383,0.406368,0.22908,0.211152,0.1494,2e-05,5.2e-05,0.000192,0.001688,4.8e-05,0.000584,0.000208,0.000108,0.000344,0.000408,0.000348
ZTF21aapfpod,SN Ia,0.06178,17.8602,0.298,0.218,0.308,0.176,0.0,0.0,0.0,0.0,0.0,0.0,0.0,0.0,0.0,0.0,0.0
ZTF23aadxrid,SN Ia,0.06414,18.1934,0.398784,0.339264,0.142848,0.111104,0.000264,0.000488,0.000336,0.002696,0.000216,0.000128,0.000296,0.000384,0.00196,0.000936,0.000296
ZTF22aahieds,SN Ia,0.051,18.2371,0.161624,0.079904,0.120764,0.091708,0.007416,0.074572,0.08652,0.023072,0.01442,0.01496,0.05916,0.01904,0.03264,0.07072,0.14348
ZTF21achqzub,SN Ia,0.04,17.6898,0.71,0.198,0.078,0.014,0.0,0.0,0.0,0.0,0.0,0.0,0.0,0.0,0.0,0.0,0.0
ZTF19aanhhal,SN II,0.02597,18.1326,0.06496,0.122496,0.58464,0.155904,0.003444,0.011004,0.012348,0.0126,0.002604,0.00348,0.00534,0.00198,0.0057,0.003,0.0105
ZTF20aaurfhs,SN II,0.0352,18.1076,0.296,0.286,0.326,0.092,0.0,0.0,0.0,0.0,0.0,0.0,0.0,0.0,0.0,0.0,0.0
ZTF21abqmrun,SN II,0.036,18.8375,0.173652,0.15968,0.27944,0.385228,3.2e-05,4e-05,0.000172,0.001676,8e-05,0.0,0.0,0.0,0.0,0.0,0.0
ZTF21abhqhqb,SN II,0.05173,18.2674,0.516384,0.22494,0.148656,0.08802,0.000672,0.000816,0.00096,0.008688,0.000864,0.00028,0.0016,0.00334,0.00256,0.00058,0.00164
ZTF18acgvgiq,SN II,0.01026,16.6542,0.08928,0.345216,0.444416,0.113088,1.6e-05,3.2e-05,0.00032,0.003248,0.000384,0.001296,0.000312,0.000296,0.001008,0.000504,0.000584
ZTF23absiytp,SN II,0.04,18.5034,0.229612,0.222908,0.2514,0.13408,0.00432,0.010152,0.012528,0.043416,0.037584,0.016524,0.007344,0.003132,0.014688,0.006696,0.005616
ZTF24aawakwl,SN II,0.025,16.8485,0.077968,0.233904,0.375664,0.198464,0.002852,0.00558,0.02542,0.025296,0.002852,0.011336,0.007176,0.003952,0.01404,0.00572,0.009776
ZTF19abbwfgp,SN II,0.02592,17.163,0.088,0.144,0.622,0.146,0.0,0.0,0.0,0.0,0.0,0.0,0.0,0.0,0.0,0.0,0.0
ZTF19aanlekq,SN II,0.03677,18.0948,0.112,0.166,0.566,0.156,0.0,0.0,0.0,0.0,0.0,0.0,0.0,0.0,0.0,0.0,0.0
ZTF19aatgxjy,SN II,0.04,17.1867,0.248,0.302,0.326,0.124,0.0,0.0,0.0,0.0,0.0,0.0,0.0,0.0,0.0,0.0,0.0
ZTF24aawklme,SN II,0.018,16.661,0.165184,0.363776,0.328512,0.070528,0.00042,0.00102,0.00252,0.01266,0.01338,0.01008,0.007644,0.002856,0.006552,0.00588,0.008988
ZTF24aaozxhx,SN II,0.00584,15.1752,0.12008,0.13072,0.29944,0.20976,0.000684,0.00114,0.009804,0.100776,0.001596,0.040572,0.014364,0.010332,0.026712,0.016128,0.017892
ZTF19acctwpz,SN II,0.017,18.0904,0.157684,0.143712,0.433132,0.263472,0.0,0.0,0.0,0.0,0.0,0.000608,0.000204,0.000136,0.000468,0.000272,0.000312
ZTF20aciwrpn,SN II,0.045,18.0789,0.496,0.272,0.214,0.018,0.0,0.0,0.0,0.0,0.0,0.0,0.0,0.0,0.0,0.0,0.0
ZTF22aakdqqg,SN II,0.01991,17.094,0.14,0.324,0.362,0.174,0.0,0.0,0.0,0.0,0.0,0.0,0.0,0.0,0.0,0.0,0.0
ZTF22abjvyib,SN II,0.018,16.5401,0.404,0.334,0.124,0.138,0.0,0.0,0.0,0.0,0.0,0.0,0.0,0.0,0.0,0.0,0.0
ZTF22aavcvgd,SN II,0.029,17.7396,0.179088,0.2952,0.366048,0.143664,0.000784,0.007476,0.004928,0.00028,0.000532,0.000748,0.000148,5.2e-05,0.000152,0.000352,0.000548
ZTF20acwgxhk,SN II,0.021,17.1607,0.284748,0.158712,0.211616,0.122924,0.004216,0.011696,0.00544,0.039032,0.007616,0.046508,0.013244,0.02002,0.027412,0.034188,0.012628
ZTF21acchbmn,SN II,0.0315,18.0604,0.206,0.154,0.434,0.206,0.0,0.0,0.0,0.0,0.0,0.0,0.0,0.0,0.0,0.0,0.0
ZTF19aamowaf,SN II,0.025,17.9626,0.071712,0.217128,0.47808,0.22908,4.4e-05,0.000124,0.000384,0.001276,0.000172,0.000636,0.000136,9.2e-05,0.000484,0.000352,0.0003
ZTF24abutkox,SN II,0.045,18.7451,0.121656,0.111792,0.154536,0.160016,0.00858,0.03848,0.01092,0.06162,0.0104,0.144256,0.021252,0.023184,0.055384,0.055384,0.02254
ZTF23aadwaiz,SN II,0.0415,18.392,0.16966,0.213572,0.355288,0.25948,0.0,0.0,0.0,0.0,0.0,0.000432,0.000172,0.000116,0.000672,0.000304,0.000304
ZTF21abczimc,SN II,0.03595,18.8279,0.146328,0.106932,0.47838,0.20636,0.002652,0.003604,0.006256,0.019652,0.001836,0.003976,0.00588,0.002184,0.006216,0.003192,0.006552
ZTF22abkbjsb,SN II,0.0145,17.8913,0.057884,0.11976,0.63872,0.181636,2.4e-05,3.2e-05,0.000196,0.001664,8.4e-05,0.0,0.0,0.0,0.0,0.0,0.0
ZTF21aaeoqxf,SN II,0.022,17.5132,0.222656,0.216692,0.365792,0.18886,3.6e-05,7.2e-05,0.000144,0.005652,9.6e-05,0.0,0.0,0.0,0.0,0.0,0.0
ZTF18abxucht,SN II,0.0366,17.2401,0.252476,0.184884,0.36778,0.18886,7.2e-05,9.6e-05,0.000188,0.001552,9.2e-05,0.000528,0.000496,0.000608,0.001064,0.000488,0.000816
ZTF25aaapkzn,SN II,0.047,18.293,0.296,0.28,0.298,0.126,0.0,0.0,0.0,0.0,0.0,0.0,0.0,0.0,0.0,0.0,0.0
ZTF20aayxdse,SN II,0.0865,18.5626,0.415492,0.272356,0.200788,0.105364,1.6e-05,7.2e-05,0.000376,0.003456,8e-05,0.000344,0.000196,0.000124,0.000484,0.000528,0.000324
ZTF23abascqa,SN II,0.01988,17.1622,0.3896,0.313628,0.17532,0.095452,0.00016,0.0003,0.00064,0.0025,0.0064,0.004224,0.002624,0.001312,0.00432,0.001984,0.001536
ZTF20acgnenc,SN II,0.093,17.7663,0.392,0.198,0.3,0.11,0.0,0.0,0.0,0.0,0.0,0.0,0.0,0.0,0.0,0.0,0.0
ZTF22aaemoot,SN II,0.025,17.0022,0.223552,0.141716,0.347304,0.285428,0.0,0.0,0.0,0.0,0.0,0.000612,0.000252,0.000156,0.000408,0.000308,0.000264
ZTF20aagjpmt,SN II,0.015,17.7072,0.204,0.12,0.454,0.222,0.0,0.0,0.0,0.0,0.0,0.0,0.0,0.0,0.0,0.0,0.0
ZTF18abffyqp,SN II,0.03130,18.1386,0.281436,0.273452,0.281436,0.161676,0.0,0.0,0.0,0.0,0.0,0.00012,0.000276,0.000256,0.000904,0.000256,0.000188
ZTF23abjstcg,SN II,0.015,18.7285,0.113364,0.182736,0.348552,0.201348,0.023688,0.01504,0.012032,0.024628,0.018612,0.0036,0.01188,0.0054,0.01176,0.00672,0.02064
ZTF24aagchqx,SN II,0.015,18.2774,0.24366,0.24924,0.29946,0.13764,0.001612,0.005564,0.00286,0.014144,0.00182,0.008976,0.00308,0.003344,0.017336,0.005808,0.005456
ZTF21abfxhrn,SN II,0.041,17.3872,0.021516,0.082152,0.516384,0.357948,0.000272,0.000784,0.00232,0.003184,0.00144,0.005068,0.001036,0.000532,0.0035,0.00154,0.002324
ZTF19aamggmk,SN II,0.03271,18.7457,0.248,0.476,0.218,0.058,0.0,0.0,0.0,0.0,0.0,0.0,0.0,0.0,0.0,0.0,0.0
ZTF22aajeyek,SN II,0.05,18.5248,0.256,0.214,0.362,0.168,0.0,0.0,0.0,0.0,0.0,0.0,0.0,0.0,0.0,0.0,0.0
ZTF25aalyfoi,SN II,0.0155,16.8601,0.0684,0.1566,0.4644,0.2106,0.00264,0.013288,0.008712,0.015576,0.003784,0.00504,0.011648,0.005264,0.006944,0.00392,0.023184
ZTF21aceqrju,SN II,0.156,17.884,0.165004,0.111328,0.252476,0.465192,2e-05,2.4e-05,0.000132,0.001788,3.6e-05,0.000856,0.00048,0.000464,0.001048,0.000536,0.000616
ZTF20accrldu,SN II,0.038,18.715,0.302,0.184,0.352,0.162,0.0,0.0,0.0,0.0,0.0,0.0,0.0,0.0,0.0,0.0,0.0
ZTF21aaipypa,SN II,0.026,17.0515,0.06974,0.10778,0.315732,0.140748,0.000704,0.002464,0.017952,0.148192,0.006688,0.05396,0.02204,0.01444,0.04294,0.02394,0.03268
ZTF20abekcdt,SN II,0.049,18.9433,0.346,0.156,0.344,0.154,0.0,0.0,0.0,0.0,0.0,0.0,0.0,0.0,0.0,0.0,0.0
ZTF21acgpjbx,SN II,0.028,18.1913,0.296,0.308,0.328,0.068,0.0,0.0,0.0,0.0,0.0,0.0,0.0,0.0,0.0,0.0,0.0
ZTF22aajsdkt,SN II,0.02,18.4317,0.029532,0.02996,0.090308,0.0642,0.036584,0.013988,0.033356,0.071016,0.383056,0.047616,0.03968,0.025792,0.075888,0.020336,0.038688
ZTF23abqkppm,SN II,0.017,18.5679,0.05022,0.1395,0.37572,0.36456,0.00108,0.003528,0.006768,0.012888,0.011736,0.0068,0.005644,0.00238,0.006052,0.003808,0.009316
ZTF20aahqbun,SN II,0.028,18.3328,0.07,0.144,0.604,0.182,0.0,0.0,0.0,0.0,0.0,0.0,0.0,0.0,0.0,0.0,0.0
ZTF25aadevqv,SN II,0.0294,17.89,0.11058,0.17848,0.48694,0.194,0.0003,0.00036,0.000732,0.002808,0.0018,0.009456,0.002928,0.001296,0.005904,0.001776,0.00264
ZTF19ablfdwt,SN II,0.026,18.0441,0.252984,0.553776,0.1494,0.03984,1.6e-05,2e-05,8.8e-05,0.001828,4.8e-05,0.000328,0.00018,0.00014,0.000784,0.00036,0.000208
ZTF24abrzgil,SN II,0.035,18.7739,0.325312,0.139672,0.275808,0.143208,0.002112,0.00576,0.002688,0.018048,0.003392,0.030408,0.006384,0.006384,0.01764,0.01764,0.005544
ZTF22aaudjgc,SN II,0.028,17.8202,0.072,0.16,0.584,0.184,0.0,0.0,0.0,0.0,0.0,0.0,0.0,0.0,0.0,0.0,0.0
ZTF22aattfmb,SN II,0.02349,18.6692,0.115536,0.237048,0.480072,0.163344,0.0,0.0,0.0,0.0,0.0,0.001136,0.000232,0.000168,0.001152,0.00072,0.000592
ZTF18acrwheu,SN II,0.034,18.9527,0.223552,0.201596,0.361276,0.211576,0.0,0.0,0.0,0.0,0.0,0.000288,0.000416,0.000404,0.000428,0.000112,0.000352
ZTF24aahsukk,SN II,0.05096,18.3941,0.126664,0.217648,0.360368,0.18732,0.00546,0.03318,0.01624,0.01274,0.00238,0.007372,0.006612,0.001444,0.00152,0.00456,0.016492
ZTF25aawngni,SN II,0.05,17.5835,0.218,0.2,0.332,0.25,0.0,0.0,0.0,0.0,0.0,0.0,0.0,0.0,0.0,0.0,0.0
ZTF20aawgrcu,SN II,0.042,18.6426,0.1988,0.254464,0.393624,0.147112,0.000184,0.000408,0.000856,0.002248,0.000304,0.000204,0.000492,0.0002,0.000464,0.000284,0.000356
ZTF20aahbamv,SN II,0.0452,17.3342,0.353292,0.167664,0.315368,0.161676,0.0,0.0,0.0,0.0,0.0,0.00046,0.000256,0.000192,0.000484,0.000288,0.00032
ZTF21abdmevk,SN II,0.02833,16.9046,0.191672,0.201552,0.371488,0.223288,0.000128,0.000648,0.001048,0.00204,0.000136,0.002016,0.000672,0.000272,0.001552,0.001744,0.001744
ZTF19abqgtqo,SN II,0.036,18.6515,0.112404,0.068476,0.218348,0.246772,0.017056,0.036408,0.019352,0.083312,0.007872,0.04142,0.01596,0.01976,0.06194,0.02432,0.0266
ZTF22abyivxh,SN II,0.03029,18.5161,0.203528,0.1482,0.367536,0.268736,0.000336,0.000264,0.000576,0.004008,0.000816,0.000924,0.00084,0.000768,0.001404,0.000744,0.00132
ZTF21aaqldsj,SN II,0.0316,18.8413,0.123504,0.151392,0.3984,0.322704,0.0,0.0,0.0,0.0,0.0,0.000544,0.000728,0.0004,0.00092,0.000456,0.000952
ZTF23aacydwa,SN II,0.014,18.0598,0.1566,0.243,0.306,0.1944,0.003168,0.00864,0.01008,0.021024,0.029088,0.001064,0.004536,0.002576,0.005992,0.001288,0.012544
ZTF20acnzkxb,SN II,0.02690,18.1255,0.394,0.49,0.088,0.028,0.0,0.0,0.0,0.0,0.0,0.0,0.0,0.0,0.0,0.0,0.0
ZTF20acorjop,SN II,0.058,18.9974,0.222,0.106,0.298,0.374,0.0,0.0,0.0,0.0,0.0,0.0,0.0,0.0,0.0,0.0,0.0
ZTF19abormur,SN II,0.0564,18.9862,0.22374,0.15246,0.38412,0.22968,0.00012,0.00012,0.000336,0.003328,9.6e-05,0.001044,0.000708,0.000648,0.001812,0.000792,0.000996
ZTF25aauvser,SN II,0.05,18.9671,0.05424,0.078648,0.200688,0.118424,0.019764,0.00732,0.035868,0.075396,0.227652,0.051688,0.03094,0.012376,0.034944,0.014924,0.037128
ZTF25aalzmga,SN II,0.00716,15.5651,0.1404,0.3096,0.2898,0.1602,0.000384,0.001392,0.002448,0.010992,0.008784,0.030248,0.008968,0.00532,0.007752,0.008056,0.015656
ZTF19aaloqmd,SN II,0.0335,18.2833,0.175648,0.123752,0.451096,0.247504,2e-05,4.8e-05,0.00016,0.001684,8.8e-05,0.0,0.0,0.0,0.0,0.0,0.0
ZTF23aaqniyk,SN II,0.04,18.8312,0.105504,0.076608,0.059808,0.09408,0.07176,0.284832,0.10488,0.015456,0.075072,0.015456,0.0168,0.017024,0.0112,0.011424,0.040096
ZTF22abfutah,SN II,0.042,18.3299,0.105408,0.105408,0.22448,0.540704,0.000408,0.000768,0.001704,0.008784,0.000336,0.00216,0.001032,0.0012,0.004104,0.001608,0.001896
ZTF22abfwxtr,SN II,0.022,18.2286,0.05952,0.123008,0.632896,0.176576,6.8e-05,7.6e-05,0.000408,0.001324,0.000124,0.001716,0.00042,0.000444,0.001656,0.000912,0.000852
ZTF19aamljom,SN II,0.02,16.1006,0.11,0.194,0.53,0.166,0.0,0.0,0.0,0.0,0.0,0.0,0.0,0.0,0.0,0.0,0.0
ZTF21abfoyac,SN II,0.033,17.5174,0.105576,0.43824,0.205176,0.247008,2.4e-05,4.4e-05,0.000236,0.001596,0.0001,0.000676,0.000132,9.2e-05,0.000436,0.000376,0.000288
ZTF23aaeeugd,SN II,0.03481,17.4865,0.292,0.28,0.298,0.13,0.0,0.0,0.0,0.0,0.0,0.0,0.0,0.0,0.0,0.0,0.0
ZTF19abpxiff,SN II,0.055,18.784,0.267464,0.261476,0.337324,0.131736,0.0,0.0,0.0,0.0,0.0,0.000528,0.000196,8.4e-05,0.000488,0.000388,0.000316
ZTF22acaunur,SN II,0.01605,18.3124,0.117852,0.274344,0.272412,0.301392,0.000504,0.000408,0.001056,0.007104,0.002928,0.002112,0.005236,0.002464,0.00616,0.001584,0.004444
ZTF21abouznj,SN II,0.053,18.0314,0.382,0.222,0.222,0.174,0.0,0.0,0.0,0.0,0.0,0.0,0.0,0.0,0.0,0.0,0.0
ZTF21abptxfk,SN II,0.032,17.0618,0.097968,0.137532,0.506796,0.199704,0.000624,0.000768,0.003552,0.018288,0.000768,0.008432,0.002992,0.0034,0.007752,0.004896,0.006528
ZTF20acfvgdp,SN II,0.026,18.4778,0.025896,0.053784,0.661344,0.254976,0.0,0.0,0.0,0.0,0.0,0.000976,0.000424,0.00032,0.001024,0.000488,0.000768
ZTF23abghttj,SN II,0.05,18.5365,0.318,0.25,0.298,0.134,0.0,0.0,0.0,0.0,0.0,0.0,0.0,0.0,0.0,0.0,0.0
ZTF19acbvisk,SN II,0.0369,18.564,0.04,0.056,0.652,0.252,0.0,0.0,0.0,0.0,0.0,0.0,0.0,0.0,0.0,0.0,0.0
ZTF20acknpig,SN II,0.02437,18.3771,0.033932,0.07984,0.706584,0.177644,0.000104,0.0001,0.000532,0.00118,8.4e-05,0.0,0.0,0.0,0.0,0.0,0.0
ZTF20aapchqy,SN II,0.00388,17.099,0.08464,0.17848,0.44528,0.2116,0.0006,0.00072,0.00498,0.02118,0.00252,0.0105,0.0077,0.0031,0.0113,0.007,0.0104
ZTF22abfzdkz,SN II,0.01,17.1691,0.247504,0.540916,0.15968,0.0499,1.2e-05,2e-05,0.000136,0.00174,9.2e-05,0.0,0.0,0.0,0.0,0.0,0.0
ZTF23aaedvtn,SN II,0.05,18.5391,0.35928,0.241516,0.293412,0.103792,0.000116,0.000512,0.000512,0.000812,4.8e-05,0.0,0.0,0.0,0.0,0.0,0.0
ZTF25aadlhzw,SN II,0.04,18.6961,0.077844,0.211576,0.491016,0.217564,0.0,0.0,0.0,0.0,0.0,0.0004,0.000256,0.000184,0.00044,0.000248,0.000472
ZTF24aampakt,SN II,0.02510,18.833,0.20184,0.192096,0.18096,0.121104,0.018564,0.095004,0.026208,0.031668,0.010556,0.015128,0.020984,0.008296,0.008784,0.0183,0.050508
ZTF25aahmbaq,SN II,0.0561,17.7937,0.05952,0.15552,0.4896,0.25536,0.001008,0.001624,0.009968,0.014448,0.000952,0.003264,0.000888,0.000504,0.003792,0.00156,0.001992
ZTF20actkmks,SN II,0.02815,18.1254,0.08,0.122,0.684,0.114,0.0,0.0,0.0,0.0,0.0,0.0,0.0,0.0,0.0,0.0,0.0
ZTF23abndgbw,SN II,0.01842,18.0471,0.45908,0.253492,0.21956,0.065868,0.0,0.0,0.0,0.0,0.0,5.2e-05,0.000372,0.0003,0.000656,0.000304,0.000316
ZTF21abqmrtm,SN II,0.03347,18.3253,0.204,0.156,0.466,0.174,0.0,0.0,0.0,0.0,0.0,0.0,0.0,0.0,0.0,0.0,0.0
ZTF20aafclxb,SN II,0.0087,16.8504,0.13,0.226,0.492,0.152,0.0,0.0,0.0,0.0,0.0,0.0,0.0,0.0,0.0,0.0,0.0
ZTF19acwbhih,SN II,0.025,17.1093,0.374,0.316,0.204,0.106,0.0,0.0,0.0,0.0,0.0,0.0,0.0,0.0,0.0,0.0,0.0
ZTF23abvnmam,SN II,0.0393,18.3199,0.26852,0.21364,0.33124,0.1666,0.00016,0.000496,0.000688,0.006144,0.000512,0.000936,0.000864,0.000984,0.00564,0.002184,0.001392
ZTF20acectxy,SN II,0.053,18.5241,0.271456,0.187624,0.377244,0.161676,0.0,0.0,0.0,0.0,0.0,0.00042,0.000148,0.000184,0.000684,0.000364,0.0002
ZTF21acdbcxy,SN II,0.059,18.5356,0.333332,0.253492,0.173652,0.237524,0.0,0.0,0.0,0.0,0.0,0.000412,0.000232,0.000208,0.000508,0.000328,0.000312
ZTF24aaaefgv,SN II,0.02,18.5018,0.161676,0.227544,0.381236,0.227544,0.0,0.0,0.0,0.0,0.0,0.000356,0.000184,0.000112,0.00072,0.00028,0.000348
ZTF22abtmrfr,SN II,0.01752,17.4536,0.260428,0.137172,0.463204,0.133196,4.8e-05,0.000128,0.000376,0.00332,0.000128,0.000416,0.000128,0.000136,0.000764,0.000284,0.000272
ZTF22aahnkdv,SN II,0.014,16.6913,0.085904,0.089208,0.424564,0.226324,0.000304,0.000608,0.005624,0.068704,0.00076,0.038808,0.010584,0.006272,0.016072,0.01274,0.013524
ZTF22abkhrkd,SN II,0.0177,18.5895,0.06324,0.09114,0.48546,0.29016,0.002116,0.00184,0.009752,0.03036,0.001932,0.00552,0.00312,0.001872,0.005856,0.00336,0.004272
ZTF23abavosd,SN II,0.04,18.1613,0.302,0.232,0.312,0.154,0.0,0.0,0.0,0.0,0.0,0.0,0.0,0.0,0.0,0.0,0.0
ZTF25abzswyh,SN II,0.037,18.3858,0.127744,0.1497,0.546904,0.173652,0.0,0.0,0.0,0.0,0.0,0.000488,0.000164,0.000116,0.000664,0.00028,0.000288
ZTF19aavjlkx,SN II,0.08344,18.7858,0.325348,0.267464,0.303392,0.101796,0.0,0.0,0.0,0.0,0.0,0.000228,0.0003,0.00026,0.000532,0.000204,0.000476
ZTF20abyzprl,SN II,0.053,18.4084,0.057768,0.087648,0.569712,0.280872,3.6e-05,6e-05,0.000336,0.001492,7.6e-05,0.00054,0.000184,0.000144,0.00056,0.000256,0.000316
ZTF19abgmkef,SN II,0.06,18.6663,0.314,0.208,0.384,0.094,0.0,0.0,0.0,0.0,0.0,0.0,0.0,0.0,0.0,0.0,0.0
ZTF20actpavu,SN II,0.0315,18.4127,0.11976,0.097804,0.495008,0.285428,0.0,0.0,0.0,0.0,0.0,0.000456,0.000184,0.000156,0.00064,0.0003,0.000264
ZTF23aboywdj,SN II,0.042,18.5238,0.291416,0.195608,0.327344,0.183632,8e-06,3.2e-05,9.6e-05,0.001772,9.2e-05,0.0,0.0,0.0,0.0,0.0,0.0
ZTF21acioxcf,SN II,0.02722,18.2993,0.356,0.476,0.1,0.068,0.0,0.0,0.0,0.0,0.0,0.0,0.0,0.0,0.0,0.0,0.0
ZTF20aafclqz,SN II,0.0335,18.0567,0.055776,0.0996,0.545808,0.294816,0.00012,0.000404,0.000572,0.000848,5.6e-05,0.000476,0.0002,0.000212,0.000452,0.000244,0.000416
ZTF20abwdaeo,SN II,0.02060,17.8894,0.032,0.072,0.598,0.298,0.0,0.0,0.0,0.0,0.0,0.0,0.0,0.0,0.0,0.0,0.0
ZTF19aapafqd,SN II,0.0321,18.3289,0.025844,0.087472,0.202776,0.677908,2.8e-05,7.2e-05,0.000212,0.001656,3.2e-05,0.001336,0.00036,0.00028,0.00076,0.000552,0.000712
ZTF23aarktow,SN II,0.03540,18.9349,0.170968,0.46718,0.184884,0.170968,0.000152,0.000144,0.000472,0.002752,0.00048,0.000188,0.000268,0.000144,0.000692,0.000452,0.000256
ZTF19adavzew,SN II,0.04,18.4,0.076,0.148,0.572,0.204,0.0,0.0,0.0,0.0,0.0,0.0,0.0,0.0,0.0,0.0,0.0
ZTF20acgnelh,SN II,0.04,18.4696,0.070704,0.080524,0.522424,0.308348,0.001372,0.002352,0.002856,0.006356,0.001064,0.000672,0.00044,0.00044,0.000896,0.000592,0.00096
ZTF25aacbhct,SN II,0.022,18.2409,0.185744,0.231192,0.33592,0.235144,0.000132,0.000384,0.000516,0.00402,0.000948,0.000552,0.001104,0.000648,0.001776,0.000756,0.001164
ZTF23aabutcv,SN II,0.03231,17.5208,0.21,0.25,0.414,0.126,0.0,0.0,0.0,0.0,0.0,0.0,0.0,0.0,0.0,0.0,0.0
ZTF22aamrkns,SN II,0.041,18.6887,0.062152,0.131616,0.354632,0.3656,0.002484,0.009384,0.014904,0.01702,0.002208,0.00576,0.00632,0.00208,0.00688,0.006,0.01296
ZTF21aanhvpo,SN II,0.0227,18.7564,0.333108,0.2435,0.245448,0.151944,0.001752,0.002712,0.001776,0.004416,0.001344,0.000392,0.003276,0.002576,0.002884,0.000812,0.00406
ZTF19aamhmsx,SN II,0.047,18.5438,0.044,0.102,0.608,0.246,0.0,0.0,0.0,0.0,0.0,0.0,0.0,0.0,0.0,0.0,0.0
ZTF21aaobkmg,SN II,0.01547,18.9839,0.042,0.118,0.584,0.256,0.0,0.0,0.0,0.0,0.0,0.0,0.0,0.0,0.0,0.0,0.0
ZTF23aailjjs,SN II,0.031,17.7601,0.097804,0.105788,0.646704,0.147704,0.0,0.0,0.0,0.0,0.0,0.00068,0.000204,0.000132,0.000388,0.000228,0.000368
ZTF22abbiwrr,SN II,0.04065,18.8426,0.0693,0.08316,0.58806,0.24948,0.000144,0.00016,0.000584,0.002944,0.000168,0.00156,0.000444,0.00042,0.001848,0.00096,0.000768
ZTF19acasuyp,SN II,0.02362,17.2899,0.085536,0.186624,0.468504,0.231336,0.000816,0.002736,0.00264,0.00324,0.002568,0.001568,0.003232,0.001408,0.002208,0.001728,0.005856
ZTF20acitoie,SN II,0.02222,18.1902,0.051792,0.087648,0.635448,0.221112,4.8e-05,6.4e-05,0.000372,0.001432,8.4e-05,0.000684,0.000196,0.000148,0.00038,0.000276,0.000316
ZTF20aatqidk,SN II,0.0339,18.6784,0.087472,0.145124,0.53676,0.224644,0.000152,0.00056,0.000716,0.0005,7.2e-05,0.000624,0.000656,0.000192,0.000304,0.000576,0.001648
ZTF18adachwf,SN II,0.02905,18.8368,0.19,0.232,0.312,0.266,0.0,0.0,0.0,0.0,0.0,0.0,0.0,0.0,0.0,0.0,0.0
ZTF23abmoxlu,SN II,0.01481,16.7693,0.05988,0.203592,0.497004,0.237524,0.0,0.0,0.0,0.0,0.0,0.00054,0.000328,0.000132,0.000384,0.000228,0.000388
ZTF20aamamnp,SN II,0.05,18.1898,0.255936,0.17856,0.333312,0.224192,0.0,0.0,0.0,0.0,0.0,0.001376,0.000672,0.000624,0.003136,0.001216,0.000976
ZTF20aaieyuw,SN II,0.025,17.2762,0.08982,0.203592,0.500996,0.203592,0.0,0.0,0.0,0.0,0.0,0.000692,0.000208,0.00014,0.000356,0.000296,0.000308
ZTF21acafqtj,SN II,0.01490,17.1855,0.03992,0.081836,0.666664,0.20958,0.0,0.0,0.0,0.0,0.0,0.000608,0.000144,0.000116,0.000564,0.000312,0.000256
ZTF20abywoaa,SN II,0.063,18.5805,0.148,0.122,0.468,0.262,0.0,0.0,0.0,0.0,0.0,0.0,0.0,0.0,0.0,0.0,0.0
ZTF20adadlqv,SN II,0.019,18.6374,0.042504,0.0966,0.49266,0.334236,0.002596,0.004092,0.004312,0.008492,0.002508,0.001608,0.001896,0.001128,0.002592,0.001584,0.003192
ZTF18acbwaxk,SN II,0.0024,13.9583,0.10752,0.19392,0.40512,0.25344,2.4e-05,9.6e-05,0.00096,0.010656,0.000264,0.012376,0.002184,0.001008,0.003864,0.005096,0.003472
ZTF18abzrgim,SN II,0.02081,17.9605,0.05544,0.1386,0.421344,0.308616,0.000572,0.001716,0.003224,0.017212,0.003276,0.0069,0.0095,0.007,0.0135,0.0045,0.0086
ZTF25aalpzgd,SN II,0.04,18.472,0.23072,0.117008,0.219184,0.257088,0.015096,0.0408,0.01122,0.029172,0.005712,0.007548,0.012284,0.006512,0.007992,0.007992,0.031672
ZTF22abepfmn,SN II,0.05,18.8346,0.382464,0.153384,0.245016,0.215136,0.000168,0.00012,0.000384,0.00316,0.000168,0.0,0.0,0.0,0.0,0.0,0.0
ZTF22aawptbl,SN II,0.045,18.0543,0.130464,0.284484,0.273612,0.21744,0.000252,0.000924,0.003612,0.034692,0.00252,0.009152,0.004784,0.003744,0.017056,0.010608,0.006656
ZTF24aaxlnut,SN II,0.047,18.9545,0.086976,0.119592,0.456624,0.242808,0.007544,0.049496,0.019872,0.010672,0.004416,0.000696,0.00024,8.4e-05,0.000168,0.000252,0.00056
ZTF19abbnamr,SN II,0.0139,16.7948,0.0492,0.086592,0.635664,0.212544,0.00036,0.000528,0.00372,0.006792,0.0006,0.001096,0.000512,0.000216,0.00096,0.000584,0.000632
ZTF19aapafit,SN II,0.01860,17.6661,0.045816,0.07968,0.621504,0.249,2e-05,4e-05,0.000208,0.001696,3.6e-05,0.000676,0.000224,0.00014,0.000416,0.000256,0.000288
ZTF24aahgkxm,SN II,0.04,18.6312,0.103376,0.182896,0.469168,0.23856,0.000492,0.00114,0.001608,0.002472,0.000288,0.0,0.0,0.0,0.0,0.0,0.0
ZTF24aazpqhq,SN II,0.02914,18.2175,0.29088,0.231088,0.166448,0.119584,0.010368,0.025704,0.012312,0.048168,0.011448,0.005376,0.014616,0.008232,0.00504,0.008568,0.042168
ZTF19aaqdkrm,SN II,0.03422,17.9757,0.066,0.102,0.66,0.172,0.0,0.0,0.0,0.0,0.0,0.0,0.0,0.0,0.0,0.0,0.0
ZTF20acrrssy,SN II,0.02969,18.8583,0.027384,0.129096,0.492912,0.328608,0.0014,0.00266,0.002688,0.005432,0.00182,0.000816,0.00192,0.001184,0.001776,0.000624,0.00168
ZTF21abnudtb,SN II,0.0264,17.4648,0.06986,0.105788,0.650696,0.171656,2.4e-05,3.2e-05,0.00018,0.001736,2.8e-05,0.0,0.0,0.0,0.0,0.0,0.0
ZTF20abbpkpa,SN II,0.033,18.996,0.258,0.14,0.392,0.21,0.0,0.0,0.0,0.0,0.0,0.0,0.0,0.0,0.0,0.0,0.0
ZTF20aclftuo,SN II,0.04391,18.7951,0.37,0.178,0.284,0.168,0.0,0.0,0.0,0.0,0.0,0.0,0.0,0.0,0.0,0.0,0.0
ZTF21aaqmoof,SN II,0.038,18.9329,0.126976,0.156736,0.499968,0.20832,0.000336,0.000448,0.001072,0.001992,0.000152,0.000776,0.000456,0.000328,0.001208,0.00048,0.000752
ZTF18aaqkoyr,SN II,0.02389,17.9096,0.099072,0.06336,0.070272,0.055296,0.046008,0.070632,0.020088,0.17172,0.015552,0.12028,0.020176,0.038024,0.102432,0.076048,0.03104
ZTF19aadtqcd,SN II,0.008,17.9792,0.19,0.522,0.234,0.054,0.0,0.0,0.0,0.0,0.0,0.0,0.0,0.0,0.0,0.0,0.0
ZTF25aavcgfk,SN II,0.049,18.8029,0.269276,0.135464,0.21476,0.2065,0.002592,0.009984,0.003456,0.025632,0.006336,0.045612,0.007308,0.01386,0.017892,0.029484,0.011844
ZTF22aajhkpo,SN II,0.03333,18.4898,0.332992,0.224576,0.278784,0.131648,0.00078,0.00102,0.00134,0.0064,0.00046,0.002596,0.003124,0.002684,0.006688,0.002728,0.00418
ZTF19aawfkeg,SN II,0.047,18.5392,0.38808,0.24156,0.20988,0.15048,0.000376,0.000912,0.00072,0.001528,0.000464,0.000528,0.001044,0.000504,0.00066,0.00078,0.002484
ZTF20aadchdd,SN II,0.04,18.0941,0.188,0.232,0.376,0.204,0.0,0.0,0.0,0.0,0.0,0.0,0.0,0.0,0.0,0.0,0.0
ZTF25abiwbsb,SN II,0.04758,18.7552,0.056,0.09,0.624,0.23,0.0,0.0,0.0,0.0,0.0,0.0,0.0,0.0,0.0,0.0,0.0
ZTF21abvcxid,SN II,0.0315,18.8097,0.104092,0.155156,0.437972,0.28478,0.0005,0.00116,0.00226,0.00476,0.00132,0.001504,0.001216,0.000464,0.001904,0.0012,0.001712
ZTF24absbhfe,SN II,0.023,17.9327,0.099576,0.171492,0.444404,0.206528,0.001196,0.000988,0.003276,0.013468,0.007072,0.020176,0.006344,0.003328,0.012272,0.003744,0.006136
ZTF18abokyfk,SN II,0.01718,17.5416,0.027664,0.033488,0.074984,0.045864,0.036096,0.010152,0.032712,0.12408,0.36096,0.061468,0.047752,0.01778,0.062484,0.024384,0.040132
ZTF18aawgrxz,SN II,0.0267,18.9406,0.10764,0.11868,0.27738,0.1863,0.012412,0.112992,0.03638,0.032956,0.01926,0.011712,0.018624,0.003648,0.009792,0.026112,0.026112
ZTF21aapjphz,SN II,0.02,17.552,0.227544,0.487024,0.197604,0.085828,4e-06,2e-05,0.000104,0.001852,2e-05,0.0,0.0,0.0,0.0,0.0,0.0
ZTF20aayknbc,SN II,0.0467,18.1138,0.448,0.29,0.212,0.05,0.0,0.0,0.0,0.0,0.0,0.0,0.0,0.0,0.0,0.0,0.0
ZTF21aatpsky,SN II,0.031,18.0839,0.376,0.308,0.218,0.098,0.0,0.0,0.0,0.0,0.0,0.0,0.0,0.0,0.0,0.0,0.0
ZTF21abtcgoh,SN II,0.002,14.9859,0.132464,0.18506,0.391548,0.264928,7.2e-05,0.00012,0.001104,0.01008,0.000624,0.0056,0.001428,0.000672,0.002072,0.002212,0.002016
ZTF25abudaqa,SN II,0.01885,18.556,0.056088,0.126936,0.203688,0.105288,0.018612,0.057528,0.043992,0.089112,0.072756,0.013108,0.053336,0.018532,0.034352,0.0113,0.095372
ZTF19abegzry,SN II,0.035,17.2952,0.010824,0.012144,0.028512,0.01452,0.054168,0.30012,0.1098,0.02196,0.245952,0.137764,0.014948,0.001616,0.006464,0.004848,0.03636
ZTF20acedqis,SN II,0.05,18.2198,0.486,0.262,0.218,0.034,0.0,0.0,0.0,0.0,0.0,0.0,0.0,0.0,0.0,0.0,0.0
ZTF25aaluerd,SN II,0.03558,18.2432,0.2664,0.2214,0.2808,0.1314,0.0016,0.00512,0.00368,0.028,0.0016,0.00912,0.0048,0.0048,0.02232,0.00996,0.009
ZTF18abwisaz,SN II,0.028,18.3658,0.13778,0.16102,0.31872,0.21248,0.00952,0.078608,0.019312,0.021488,0.007072,0.008636,0.004488,0.001428,0.0017,0.003808,0.01394
ZTF19aailepg,SN II,0.02981,18.16,0.021956,0.071856,0.516964,0.387224,0.0,0.0,0.0,0.0,0.0,0.00056,0.000216,0.000176,0.000452,0.00024,0.000356
ZTF21abmwzxt,SN II,0.04,17.4048,0.345504,0.281312,0.22656,0.090624,0.00044,0.002464,0.005852,0.012232,0.001012,0.011356,0.0034,0.001836,0.005848,0.007004,0.004556
ZTF23abkixfb,SN II,0.05417,18.7749,0.209456,0.130416,0.351728,0.2964,0.000432,0.00056,0.001232,0.00512,0.000656,0.000336,0.00068,0.000536,0.001232,0.000488,0.000728
ZTF25aatqacd,SN II,0.04883,18.9928,0.093704,0.162656,0.426088,0.201552,0.004352,0.006528,0.008704,0.01536,0.029056,0.018512,0.005824,0.00364,0.011648,0.004472,0.007904
ZTF19acytcsg,SN II,0.0319,18.1322,0.033932,0.067864,0.700596,0.195608,0.0,0.0,0.0,0.0,0.0,0.000536,0.000204,0.000172,0.000436,0.000284,0.000368
ZTF21aapdxxs,SN II,0.04106,18.3377,0.30752,0.341248,0.232128,0.111104,4.8e-05,6.8e-05,0.000156,0.001564,0.000164,0.00012,0.000828,0.000588,0.002796,0.000852,0.000816
ZTF19aapmdwm,SN II,0.021,17.7247,0.3059,0.2204,0.2926,0.1311,0.00102,0.00264,0.00312,0.01182,0.0114,0.00472,0.00276,0.00124,0.006,0.00272,0.00256
ZTF20acuhren,SN II,0.0115,18.4871,0.051896,0.0998,0.592812,0.253492,0.0,0.0,0.0,0.0,0.0,0.000552,0.000156,0.000108,0.000588,0.00028,0.000316
ZTF21aapxogj,SN II,0.06021,18.5542,0.332,0.208,0.338,0.122,0.0,0.0,0.0,0.0,0.0,0.0,0.0,0.0,0.0,0.0,0.0
ZTF25aaixfyj,SN II,0.03426,18.6667,0.1362,0.174336,0.39952,0.197944,0.002088,0.003528,0.005688,0.013392,0.011304,0.021728,0.006608,0.003696,0.012432,0.005488,0.006048
ZTF20acuhgar,SN II,0.053,17.7513,0.057536,0.15872,0.27776,0.497984,8e-05,0.000112,0.00036,0.003376,7.2e-05,0.001376,0.000368,0.000224,0.000664,0.000736,0.000632
ZTF22abmmhdm,SN II,0.03,18.689,0.287532,0.181908,0.279708,0.228852,0.00036,0.000288,0.001104,0.009624,0.000624,0.00094,0.00156,0.00128,0.0033,0.0017,0.00122
ZTF23abioirc,SN II,0.04,18.8907,0.12212,0.22152,0.20874,0.15762,0.043228,0.030388,0.023112,0.043228,0.074044,0.003648,0.017176,0.006232,0.012312,0.00608,0.030552
ZTF21abpxsck,SN II,0.047,18.9889,0.115536,0.097608,0.424296,0.35856,0.000144,0.00014,0.000352,0.001232,0.000132,0.0003,0.000232,0.000224,0.000516,0.000208,0.00052
ZTF20abjonjs,SN II,0.01552,17.8289,0.065868,0.127744,0.630736,0.173652,5.2e-05,0.00016,0.00074,0.000964,8.4e-05,0.0,0.0,0.0,0.0,0.0,0.0
ZTF21aalodzw,SN II,0.056,18.3594,0.0996,0.241032,0.509952,0.145416,2e-05,6e-05,0.000248,0.001576,9.6e-05,0.000568,0.000188,0.000112,0.00052,0.000308,0.000304
ZTF24abrchsb,SN II,0.05,17.9041,0.211576,0.167664,0.435128,0.183632,0.0,0.0,0.0,0.0,0.0,0.00062,0.000192,0.000156,0.000496,0.000272,0.000264
ZTF21aaxxoei,SN II,0.03512,18.5157,0.171656,0.247504,0.393212,0.185628,6e-05,0.000192,0.000388,0.0013,6e-05,0.0,0.0,0.0,0.0,0.0,0.0
ZTF22abdjqlm,SN II,0.026,18.0187,0.134,0.278,0.394,0.194,0.0,0.0,0.0,0.0,0.0,0.0,0.0,0.0,0.0,0.0,0.0
ZTF21abjbfpg,SN II,0.0315,18.1589,0.251496,0.227544,0.385228,0.133732,0.0,0.0,0.0,0.0,0.0,0.000472,0.000124,0.000116,0.000716,0.000288,0.000284
ZTF22abtcphd,SN II,0.025,18.4193,0.09118,0.2231,0.46172,0.194,0.00108,0.00436,0.00432,0.00648,0.00376,0.00102,0.00196,0.00074,0.00158,0.00084,0.00386
ZTF20achnfaa,SN II,0.05553,18.2013,0.378,0.334,0.19,0.098,0.0,0.0,0.0,0.0,0.0,0.0,0.0,0.0,0.0,0.0,0.0
ZTF22aadolby,SN II,0.02,18.1554,0.212288,0.226176,0.2976,0.255936,0.000164,0.00018,0.00028,0.001112,0.000264,0.000672,0.00096,0.000684,0.001344,0.00084,0.0015
ZTF20acfdmex,SN II,0.01848,17.9194,0.071712,0.08964,0.653376,0.181272,0.0,0.0,0.0,0.0,0.0,0.001152,0.000328,0.000224,0.00112,0.000592,0.000584
ZTF18aasxvsg,SN II,0.0248,17.9771,0.33462,0.42372,0.18216,0.0495,0.00024,0.000936,0.001668,0.002688,0.000468,0.000344,0.001304,0.000336,0.00028,0.00048,0.001256
ZTF20aauvjws,SN II,0.0299,17.9808,0.116,0.156,0.588,0.14,0.0,0.0,0.0,0.0,0.0,0.0,0.0,0.0,0.0,0.0,0.0
ZTF19abwamby,SN II,0.05,18.3965,0.187016,0.150384,0.429944,0.196656,0.001184,0.00128,0.00256,0.01024,0.000736,0.00212,0.00236,0.0024,0.0056,0.00272,0.0048
ZTF24abtbalq,SN II,0.0355,18.0701,0.267104,0.155156,0.396728,0.163012,0.000448,0.000816,0.001792,0.00464,0.000304,0.00158,0.001,0.00076,0.0039,0.00146,0.0013
ZTF21abrluay,SN II,0.025,18.2642,0.049632,0.069184,0.434656,0.198528,0.018232,0.117448,0.059784,0.00636,0.010176,0.011592,0.004608,0.001368,0.001872,0.004176,0.012384
ZTF19aayrosj,SN II,0.01506,18.1822,0.14,0.268,0.51,0.082,0.0,0.0,0.0,0.0,0.0,0.0,0.0,0.0,0.0,0.0,0.0
ZTF19adbsblp,SN II,0.0406,18.9307,0.247008,0.3486,0.274896,0.125496,6.8e-05,0.000204,0.000316,0.0013,0.000112,0.000272,0.000244,0.000168,0.0007,0.000348,0.000268
ZTF24aavyicb,SN II,0.031,17.6493,0.193224,0.165336,0.422304,0.215136,3.2e-05,6.8e-05,0.000244,0.001616,4e-05,0.000208,0.000156,0.000196,0.000908,0.000296,0.000236
ZTF21aagtekf,SN II,0.07391,18.9568,0.124,0.134,0.468,0.274,0.0,0.0,0.0,0.0,0.0,0.0,0.0,0.0,0.0,0.0,0.0
ZTF24aahxmmu,SN II,0.056,18.5672,0.11856,0.132392,0.549328,0.18772,0.000228,0.000648,0.001836,0.003096,0.000192,0.00144,0.000492,0.000336,0.001728,0.000864,0.00114
ZTF21aaqugxm,SN II,0.01882,16.624,0.153384,0.211152,0.484056,0.147408,1.2e-05,2.8e-05,0.00014,0.0018,2e-05,0.0006,0.000232,0.000144,0.00042,0.000296,0.000308
ZTF22abyivoq,SN II,0.00526,16.0621,0.116348,0.145928,0.489056,0.234668,9.6e-05,0.00012,0.001008,0.01056,0.000216,0.000704,0.000208,0.000172,0.000368,0.000264,0.000284
ZTF21aamwqim,SN II,0.02587,18.3517,0.19,0.588,0.178,0.044,0.0,0.0,0.0,0.0,0.0,0.0,0.0,0.0,0.0,0.0,0.0
ZTF20acpqbfu,SN II,0.035,18.1341,0.416,0.322,0.198,0.064,0.0,0.0,0.0,0.0,0.0,0.0,0.0,0.0,0.0,0.0,0.0
ZTF18aacnlxz,SN II,0.07247,18.9745,0.326424,0.204484,0.230748,0.176344,0.00896,0.02072,0.011312,0.013664,0.001344,0.000612,0.00114,0.000684,0.000876,0.000612,0.002076
ZTF22aativsd,SN II,0.0183,16.7641,0.188,0.182,0.434,0.196,0.0,0.0,0.0,0.0,0.0,0.0,0.0,0.0,0.0,0.0,0.0
ZTF20abjbgjj,SN II,0.074,18.439,0.322,0.504,0.142,0.032,0.0,0.0,0.0,0.0,0.0,0.0,0.0,0.0,0.0,0.0,0.0
ZTF23abbzhug,SN II,0.04152,18.8867,0.23376,0.188956,0.381808,0.169476,0.000112,0.000168,0.000784,0.012152,0.000784,0.001728,0.001224,0.001032,0.004344,0.001944,0.001728
ZTF19abxnycf,SN II,0.06807,17.8298,0.22586,0.194436,0.38298,0.178724,0.00072,0.00216,0.00276,0.00504,0.00132,0.000564,0.001236,0.0006,0.001056,0.000516,0.002028
ZTF25aasfogb,SN II,0.03,18.6898,0.025168,0.112288,0.42592,0.404624,0.00116,0.00248,0.00624,0.00832,0.0018,0.002064,0.001992,0.001008,0.002616,0.001128,0.003192
ZTF22abybbud,SN II,0.01334,16.8746,0.046956,0.093912,0.274512,0.18662,0.005088,0.039856,0.083104,0.024168,0.059784,0.14322,0.004092,0.002232,0.002604,0.011904,0.021948
ZTF20acvevsn,SN II,0.014,18.3434,0.294,0.508,0.136,0.062,0.0,0.0,0.0,0.0,0.0,0.0,0.0,0.0,0.0,0.0,0.0
ZTF22abaegxq,SN II,0.03330,18.7535,0.033388,0.084452,0.538136,0.326024,0.00054,0.00044,0.00158,0.00706,0.00038,0.002192,0.000544,0.000448,0.002464,0.00112,0.001232
ZTF21abvcxel,SN II,0.0099,17.5836,0.087296,0.21824,0.482112,0.204352,9.6e-05,4.8e-05,0.000432,0.0072,0.000224,0.0,0.0,0.0,0.0,0.0,0.0
ZTF22abcfics,SN II,0.03,17.7231,0.184,0.136,0.51,0.17,0.0,0.0,0.0,0.0,0.0,0.0,0.0,0.0,0.0,0.0,0.0
ZTF21abhhrpj,SN II,0.02916,17.9137,0.088984,0.119856,0.537536,0.161624,0.00364,0.02212,0.02506,0.01218,0.007,0.011,0.001804,0.000484,0.001672,0.003212,0.003828
ZTF25aabaanf,SN II,0.03049,18.0968,0.025344,0.085888,0.318208,0.27456,0.011152,0.027552,0.05084,0.056088,0.018368,0.02112,0.028248,0.007128,0.019536,0.011088,0.04488
ZTF25aafibim,SN II,0.036,15.809,0.1362,0.15436,0.4086,0.20884,0.00102,0.00174,0.00228,0.0201,0.00486,0.02418,0.005704,0.005456,0.012524,0.00682,0.007316
ZTF23abnevza,SN II,0.056,18.1012,0.440548,0.213876,0.179144,0.080432,0.000784,0.000588,0.000728,0.010192,0.001708,0.018864,0.00504,0.006336,0.015264,0.020448,0.006048
ZTF20aahqbsr,SN II,0.02205,18.5346,0.047904,0.165668,0.606784,0.177644,7.2e-05,0.000112,0.000492,0.001172,0.000152,0.0,0.0,0.0,0.0,0.0,0.0
ZTF19aapbfot,SN II,0.03,18.7114,0.094,0.144,0.57,0.192,0.0,0.0,0.0,0.0,0.0,0.0,0.0,0.0,0.0,0.0,0.0
ZTF19abrlvij,SN II,0.045,18.9276,0.230256,0.18696,0.399504,0.16728,0.000528,0.001092,0.001512,0.002652,0.000216,0.00154,0.00136,0.00108,0.00292,0.00106,0.00204
ZTF22aamgumi,SN II,-,15.7451,0.338624,0.180856,0.2405,0.20202,0.000108,3.6e-05,0.000504,0.017208,0.000144,0.0058,0.00284,0.00144,0.0046,0.00308,0.00224
ZTF23aadtzse,SN II,0.035,18.8945,0.06288,0.064976,0.215888,0.180256,0.092004,0.085272,0.053856,0.041888,0.10098,0.01938,0.01224,0.006324,0.02652,0.013464,0.024072
ZTF20abqferm,SN II,0.03,18.7906,0.058,0.074,0.556,0.312,0.0,0.0,0.0,0.0,0.0,0.0,0.0,0.0,0.0,0.0,0.0
ZTF21acdoyqt,SN II,0.01330,18.7358,0.179816,0.1976,0.41496,0.195624,0.000324,0.000636,0.000948,0.003852,0.00024,0.001116,0.000492,0.00048,0.00228,0.00072,0.000912
ZTF25aacldzw,SN II,0.04105,18.5555,0.051688,0.103376,0.574532,0.264404,0.000528,0.001308,0.002016,0.00186,0.000288,0.0,0.0,0.0,0.0,0.0,0.0
ZTF19abjsmmv,SN II,0.02,17.4843,0.390456,0.1972,0.313548,0.084796,0.0004,0.00072,0.000768,0.005616,0.000496,0.000252,0.001176,0.0018,0.001224,0.000288,0.00126
ZTF23aahngej,SN II,0.05,18.5357,0.09,0.1,0.568,0.242,0.0,0.0,0.0,0.0,0.0,0.0,0.0,0.0,0.0,0.0,0.0
ZTF22abnejmu,SN II,0.01,17.3042,0.368,0.434,0.108,0.09,0.0,0.0,0.0,0.0,0.0,0.0,0.0,0.0,0.0,0.0,0.0
ZTF21aagtqna,SN II,0.02349,18.3904,0.032,0.088,0.522,0.358,0.0,0.0,0.0,0.0,0.0,0.0,0.0,0.0,0.0,0.0,0.0
ZTF24aarxxmm,SN II,0.07590,18.4971,0.057168,0.080988,0.374768,0.281076,0.014432,0.04224,0.07568,0.039424,0.004224,0.0081,0.00354,0.00108,0.00534,0.0057,0.00624
ZTF24aapexhw,SN II,0.0572,18.1784,0.203592,0.191616,0.33932,0.263472,0.0,0.0,0.0,0.0,0.0,0.000436,0.00014,0.000164,0.00068,0.000268,0.000312
ZTF21achltea,SN II,0.04,18.9936,0.233532,0.175648,0.373252,0.215568,0.00014,0.00032,0.000276,0.001112,0.000152,0.0,0.0,0.0,0.0,0.0,0.0
ZTF21aamwvhr,SN II,0.04,18.7997,0.138,0.346,0.254,0.262,0.0,0.0,0.0,0.0,0.0,0.0,0.0,0.0,0.0,0.0,0.0
ZTF23aaenlmq,SN II,0.018,18.3713,0.034,0.122,0.446,0.398,0.0,0.0,0.0,0.0,0.0,0.0,0.0,0.0,0.0,0.0,0.0
ZTF24aboafrj,SN II,0.04,18.2987,0.221312,0.201552,0.4446,0.120536,0.000144,0.000336,0.000912,0.00432,0.000288,0.001224,0.000648,0.00042,0.002136,0.000768,0.000804
ZTF20acgided,SN II,0.017,17.1552,0.134,0.13,0.538,0.198,0.0,0.0,0.0,0.0,0.0,0.0,0.0,0.0,0.0,0.0,0.0
ZTF19accbeju,SN II,0.055,18.6322,0.316,0.316,0.28,0.088,0.0,0.0,0.0,0.0,0.0,0.0,0.0,0.0,0.0,0.0,0.0
ZTF23aadndfn,SN II,0.055,18.2404,0.314,0.404,0.184,0.098,0.0,0.0,0.0,0.0,0.0,0.0,0.0,0.0,0.0,0.0,0.0
ZTF20acpgokr,SN II,0.027,18.453,0.336,0.342,0.19,0.132,0.0,0.0,0.0,0.0,0.0,0.0,0.0,0.0,0.0,0.0,0.0
ZTF23aaggwfh,SN II,0.02,18.2824,0.420296,0.143372,0.261212,0.15712,0.00054,0.00068,0.00108,0.00726,0.00044,0.00064,0.00112,0.000832,0.002608,0.001008,0.001792
ZTF19aaugaam,SN II,0.05,17.9831,0.153576,0.209952,0.421848,0.186624,0.002016,0.009456,0.007488,0.002688,0.002352,0.001784,0.000344,8.8e-05,0.000312,0.000544,0.000928
ZTF25aauhbec,SN II,0.0388,18.2786,0.185024,0.209568,0.385152,0.164256,0.002464,0.025608,0.011528,0.002992,0.001408,0.0036,0.001896,0.000528,0.000672,0.001392,0.003912
ZTF19acignlo,SN II,0.0476,17.9454,0.264,0.166,0.422,0.148,0.0,0.0,0.0,0.0,0.0,0.0,0.0,0.0,0.0,0.0,0.0
ZTF22aalorla,SN II,0.06804,18.3094,0.107648,0.215296,0.345216,0.25984,0.000884,0.001224,0.00612,0.024072,0.0017,0.005776,0.00608,0.004256,0.009196,0.004788,0.007904
ZTF19aanfnvl,SN II,0.03167,18.1435,0.198,0.10098,0.34452,0.3465,0.000528,0.000708,0.000684,0.003636,0.000444,0.000664,0.000592,0.000368,0.001048,0.000576,0.000752
ZTF19abjpntj,SN II,0.05468,18.9714,0.06916,0.082992,0.541424,0.294424,0.000624,0.001056,0.001884,0.002172,0.000264,0.001176,0.000732,0.000408,0.001476,0.000864,0.001344
ZTF21abqvzjy,SN II,0.047,17.0686,0.187624,0.465068,0.211576,0.133732,0.0,0.0,0.0,0.0,0.0,0.000772,0.00012,8e-05,0.000468,0.000312,0.000248
ZTF22aagvgwl,SN II,0.025,17.3957,0.128,0.208,0.44,0.224,0.0,0.0,0.0,0.0,0.0,0.0,0.0,0.0,0.0,0.0,0.0
ZTF19abkxeft,SN II,0.0368,18.4367,0.030996,0.109224,0.408852,0.188928,0.015408,0.13054,0.04066,0.023112,0.00428,0.012192,0.00672,0.000864,0.002016,0.005568,0.02064
ZTF19acanzwg,SN II,0.047,18.496,0.0384,0.21312,0.27072,0.43776,0.00068,0.00102,0.004692,0.024888,0.00272,0.001728,0.000576,0.000348,0.000996,0.001332,0.00102
ZTF24abcyfru,SN II,0.03,18.4094,0.265468,0.1497,0.383232,0.1996,6e-05,0.000124,0.000348,0.001392,7.6e-05,0.0,0.0,0.0,0.0,0.0,0.0
ZTF19acwrrvg,SN II,0.027,16.9097,0.154,0.18,0.478,0.188,0.0,0.0,0.0,0.0,0.0,0.0,0.0,0.0,0.0,0.0,0.0
ZTF21aanzcuj,SN II,0.024,18.439,0.01782,0.08118,0.55044,0.34056,0.000224,0.000344,0.00096,0.002248,0.000224,0.00132,0.000912,0.000396,0.001272,0.000612,0.001488
ZTF23aaaigqy,SN II,0.01643,16.9167,0.106272,0.141696,0.4428,0.293232,2e-05,8e-06,0.000132,0.001796,4.4e-05,0.004788,0.001484,0.001484,0.002604,0.001596,0.002044
ZTF19acbwejj,SN II,0.01434,17.2378,0.141716,0.245508,0.341316,0.26946,0.0,0.0,0.0,0.0,0.0,0.000828,0.000164,9.2e-05,0.00034,0.000276,0.0003
ZTF19abpyqog,SN II,0.031,18.8542,0.097412,0.0994,0.453264,0.343924,8.8e-05,0.00014,0.000372,0.001276,0.000124,0.000968,0.000376,0.000416,0.001024,0.000448,0.000768
ZTF19acchaza,SN II,0.035,18.3592,0.206,0.226,0.466,0.102,0.0,0.0,0.0,0.0,0.0,0.0,0.0,0.0,0.0,0.0,0.0
ZTF18aaewdgq,SN Ib,0.08,18.9933,0.293376,0.212392,0.16044,0.097792,0.005124,0.03538,0.05124,0.00732,0.022936,0.005472,0.016644,0.007296,0.00228,0.011856,0.070452
ZTF18aakkrjm,SN Ib,0.02091,17.8459,0.28942,0.499,0.12974,0.07984,8e-05,0.001284,0.000548,4.8e-05,4e-05,0.0,0.0,0.0,0.0,0.0,0.0
ZTF18abeamgv,SN Ib,0.0351,18.6331,0.234112,0.5952,0.071424,0.091264,0.000444,0.000924,0.000888,0.002124,0.00162,0.000228,0.000416,0.000252,0.000416,0.000188,0.0005
ZTF18abjyjdz,SN Ib,0.04,18.6346,0.20384,0.5292,0.11172,0.13524,0.00036,0.000512,0.000752,0.001784,0.000592,0.001472,0.00352,0.001024,0.001408,0.00224,0.006336
ZTF18acnncve,SN Ib,0.0445,18.567,0.296,0.434,0.176,0.094,0.0,0.0,0.0,0.0,0.0,0.0,0.0,0.0,0.0,0.0,0.0
ZTF19aailsge,SN Ib,0.036,18.5362,0.11952,0.575688,0.151392,0.1494,8.8e-05,0.00012,0.000196,0.001336,0.00026,0.000288,0.000396,0.000276,0.000536,0.000176,0.000328
ZTF19aakirwj,SN Ib,0.03165,18.5393,0.09702,0.49698,0.198,0.198,0.000156,0.000348,0.000684,0.004248,0.000564,0.000224,0.000784,0.000728,0.001264,0.000368,0.000632
ZTF19aalouag,SN Ib,0.0549,18.2424,0.032,0.356,0.172,0.44,0.0,0.0,0.0,0.0,0.0,0.0,0.0,0.0,0.0,0.0,0.0
ZTF19aamgghn,SN Ib,0.02968,17.9229,0.177644,0.676644,0.095808,0.047904,5.2e-05,6.4e-05,0.000144,0.001564,0.000176,0.0,0.0,0.0,0.0,0.0,0.0
ZTF19aaoxvfe,SN Ib,0.0364,18.7415,0.194,0.502,0.18,0.124,0.0,0.0,0.0,0.0,0.0,0.0,0.0,0.0,0.0,0.0,0.0
ZTF19aatesgp,SN Ib,0.0043,15.8201,0.183632,0.660676,0.113772,0.03992,1.2e-05,2e-05,8.4e-05,0.00182,6.4e-05,0.0,0.0,0.0,0.0,0.0,0.0
ZTF19abqqrgy,SN Ib,0.0296,18.0806,0.34,0.428,0.176,0.056,0.0,0.0,0.0,0.0,0.0,0.0,0.0,0.0,0.0,0.0,0.0
ZTF19abqwtfu,SN Ib,0.01435,16.3041,0.205504,0.389272,0.219336,0.173888,0.0,0.0,0.0,0.0,0.0,0.00444,0.001032,0.000576,0.002424,0.001944,0.001584
ZTF19abqxibq,SN Ib,0.082,18.0779,0.090624,0.324736,0.32096,0.20768,0.002088,0.011376,0.011376,0.008712,0.002448,0.00524,0.00296,0.0006,0.00148,0.00224,0.00748
ZTF19abrirmk,SN Ib,0.065,18.0069,0.468,0.468,0.052,0.012,0.0,0.0,0.0,0.0,0.0,0.0,0.0,0.0,0.0,0.0,0.0
ZTF19abvdgqo,SN Ib,0.03683,17.8902,0.3,0.54,0.112,0.048,0.0,0.0,0.0,0.0,0.0,0.0,0.0,0.0,0.0,0.0,0.0
ZTF19abztknu,SN Ib,0.0535,18.187,0.096236,0.524388,0.23568,0.125696,0.000336,0.002184,0.00602,0.00308,0.00238,0.002016,0.000216,8e-05,0.000208,0.000704,0.000776
ZTF19acbmojx,SN Ib,0.027,18.7358,0.196,0.674,0.082,0.048,0.0,0.0,0.0,0.0,0.0,0.0,0.0,0.0,0.0,0.0,0.0
ZTF19acdabep,SN Ib,0.0305,18.8507,0.224,0.542,0.156,0.078,0.0,0.0,0.0,0.0,0.0,0.0,0.0,0.0,0.0,0.0,0.0
ZTF19ackjjwf,SN Ib,0.01619,17.4241,0.346,0.496,0.096,0.062,0.0,0.0,0.0,0.0,0.0,0.0,0.0,0.0,0.0,0.0,0.0
ZTF19acmelor,SN Ib,0.02661,17.9982,0.264936,0.519912,0.153384,0.057768,2.8e-05,3.2e-05,0.000104,0.00156,0.000276,0.000244,0.00036,0.000216,0.000556,0.000244,0.00038
ZTF19adcfsad,SN Ib,0.0255,18.1278,0.163672,0.65868,0.125748,0.0499,8e-06,5.6e-05,0.000176,0.001664,9.6e-05,0.0,0.0,0.0,0.0,0.0,0.0
ZTF20aaertpj,SN Ib,0.02875,18.4695,0.26622,0.538356,0.130152,0.051272,8e-05,0.000144,0.00064,0.006912,0.000224,0.000804,0.000744,0.000528,0.001716,0.001344,0.000864
ZTF20aajcdad,SN Ib,0.018,17.0858,0.298,0.548,0.104,0.05,0.0,0.0,0.0,0.0,0.0,0.0,0.0,0.0,0.0,0.0,0.0
ZTF20aakodyh,SN Ib,0.04787,18.8339,0.288,0.472,0.178,0.062,0.0,0.0,0.0,0.0,0.0,0.0,0.0,0.0,0.0,0.0,0.0
ZTF20aalcyih,SN Ib,0.02723,17.9137,0.171656,0.534928,0.15968,0.131736,2.4e-05,5.6e-05,0.000272,0.001516,0.000132,0.0,0.0,0.0,0.0,0.0,0.0
ZTF20aavzffg,SN Ib,0.00524,15.1127,0.17,0.61,0.158,0.062,0.0,0.0,0.0,0.0,0.0,0.0,0.0,0.0,0.0,0.0,0.0
ZTF20aaxvzja,SN Ib,0.033,18.9899,0.47232,0.297168,0.151536,0.062976,0.000624,0.00104,0.001408,0.004448,0.00048,0.0004,0.001744,0.000928,0.002256,0.001056,0.001616
ZTF20aazhyrs,SN Ib,0.0599,18.4186,0.216,0.458,0.198,0.128,0.0,0.0,0.0,0.0,0.0,0.0,0.0,0.0,0.0,0.0,0.0
ZTF20abbpkng,SN Ib,0.0374,18.6463,0.23936,0.49632,0.07392,0.0704,0.002088,0.097904,0.013224,0.000464,0.00232,0.000944,0.000496,9.6e-05,0.000128,0.000528,0.001808
ZTF20abhlncz,SN Ib,0.0308,18.7145,0.276,0.58,0.082,0.062,0.0,0.0,0.0,0.0,0.0,0.0,0.0,0.0,0.0,0.0,0.0
ZTF20abjpvce,SN Ib,0.03128,18.3557,0.223552,0.534928,0.137724,0.101796,4.8e-05,8.4e-05,0.000368,0.001308,0.000192,0.0,0.0,0.0,0.0,0.0,0.0
ZTF20abvquuo,SN Ib,0.03,18.1833,0.173304,0.61752,0.147408,0.057768,0.0,0.0,0.0,0.0,0.0,0.001104,0.000352,0.000104,0.000632,0.000992,0.000816
ZTF20acjbzrh,SN Ib,0.038,18.7396,0.13888,0.543616,0.134912,0.174592,6.8e-05,8.4e-05,0.000208,0.001228,0.000412,0.000672,0.001308,0.00072,0.001428,0.00072,0.001152
ZTF20acpzaoa,SN Ib,0.03,18.6824,0.218892,0.526524,0.132124,0.10846,0.001632,0.003072,0.001368,0.00432,0.001608,4.4e-05,0.000472,0.000448,0.0005,0.000108,0.000428
ZTF20acvebcu,SN Ib,-,18.1781,0.112,0.552,0.26,0.076,0.0,0.0,0.0,0.0,0.0,0.0,0.0,0.0,0.0,0.0,0.0
ZTF20acxqxyw,SN Ib,0.047,18.7282,0.23952,0.662672,0.065868,0.02994,0.0001,0.000108,0.00024,0.001472,8e-05,0.0,0.0,0.0,0.0,0.0,0.0
ZTF21aaqhhfu,SN Ib,0.00621,17.0999,0.264,0.618,0.08,0.038,0.0,0.0,0.0,0.0,0.0,0.0,0.0,0.0,0.0,0.0,0.0
ZTF21aaqwfqe,SN Ib,0.0211,17.8425,0.315368,0.512972,0.117764,0.051896,2.8e-05,4.4e-05,0.000196,0.001648,8.4e-05,0.0,0.0,0.0,0.0,0.0,0.0
ZTF21aarnjyd,SN Ib,0.022,17.5446,0.105364,0.504952,0.157052,0.226632,2.4e-05,2.4e-05,0.000252,0.001504,0.000196,0.00132,0.000392,0.000192,0.000632,0.000744,0.00072
ZTF21aaufwyh,SN Ib,0.028,17.7581,0.345308,0.516964,0.091816,0.043912,0.0,1.6e-05,6.4e-05,0.0019,2e-05,0.0,0.0,0.0,0.0,0.0,0.0
ZTF21aawogdl,SN Ib,0.03127,18.4672,0.214704,0.6958,0.055664,0.027832,0.0,0.0,0.0,0.0,0.0,0.000264,0.001164,0.000684,0.002484,0.000792,0.000612
ZTF21aayddkn,SN Ib,0.05206,18.8423,0.276,0.46,0.122,0.142,0.0,0.0,0.0,0.0,0.0,0.0,0.0,0.0,0.0,0.0,0.0
ZTF21aayqrgx,SN Ib,0.033,18.5521,0.264936,0.595608,0.087648,0.047808,0.000272,0.001144,0.001024,0.001232,0.000328,0.0,0.0,0.0,0.0,0.0,0.0
ZTF21abahiow,SN Ib,0.03,18.0745,0.284,0.484,0.168,0.064,0.0,0.0,0.0,0.0,0.0,0.0,0.0,0.0,0.0,0.0,0.0
ZTF21abccaue,SN Ib,0.03975,18.2522,0.192456,0.190512,0.35964,0.229392,0.000816,0.001056,0.001952,0.003872,0.000304,0.00424,0.00208,0.0016,0.00588,0.0024,0.0038
ZTF21abcgnql,SN Ib,0.01757,18.6895,0.334,0.52,0.09,0.056,0.0,0.0,0.0,0.0,0.0,0.0,0.0,0.0,0.0,0.0,0.0
ZTF21abdkojo,SN Ib,0.02698,18.7912,0.395612,0.449288,0.10934,0.03976,0.0,0.0,0.0,0.0,0.0,0.000348,0.001284,0.000852,0.001932,0.000624,0.00096
ZTF21abieuta,SN Ib,0.024,18.3503,0.270368,0.42742,0.192836,0.103376,0.0,0.0,0.0,0.0,0.0,0.000492,0.001428,0.0006,0.001392,0.000564,0.001524
ZTF21abimnii,SN Ib,0.017,17.2627,0.282,0.398,0.158,0.162,0.0,0.0,0.0,0.0,0.0,0.0,0.0,0.0,0.0,0.0,0.0
ZTF21abmxiuf,SN Ib,0.029,17.443,0.047904,0.16966,0.530936,0.2495,0.0,0.0,0.0,0.0,0.0,0.000728,0.000188,0.000116,0.000392,0.000272,0.000304
ZTF21abngbrl,SN Ib,0.03,18.5866,0.373744,0.314104,0.192836,0.113316,0.0,0.0,0.0,0.0,0.0,0.000312,0.000468,0.00048,0.002604,0.00168,0.000456
ZTF21abplhpw,SN Ib,0.035,18.3856,0.182,0.472,0.198,0.148,0.0,0.0,0.0,0.0,0.0,0.0,0.0,0.0,0.0,0.0,0.0
ZTF21abrqrsz,SN Ib,0.01716,17.8368,0.22704,0.195392,0.17888,0.086688,0.003888,0.002916,0.013608,0.061236,0.080352,0.0189,0.0255,0.0198,0.0459,0.0192,0.0207
ZTF21acdxhuv,SN Ib,0.015,16.9673,0.25,0.498,0.164,0.088,0.0,0.0,0.0,0.0,0.0,0.0,0.0,0.0,0.0,0.0,0.0
ZTF21aceehxt,SN Ib,0.01309,17.4798,0.251496,0.636724,0.081836,0.027944,0.0,0.0,0.0,0.0,0.0,0.000492,0.000164,0.000152,0.000504,0.000388,0.0003
ZTF21achgfbk,SN Ib,0.036,18.5121,0.264784,0.412984,0.18772,0.122512,0.00016,0.000288,0.001088,0.005184,0.00128,0.00048,0.000592,0.00048,0.00108,0.000648,0.00072
ZTF21aciwixf,SN Ib,0.02,18.4699,0.282864,0.420312,0.163344,0.12948,0.0,0.0,0.0,0.0,0.0,0.000136,0.001024,0.000616,0.00084,0.00032,0.001064
ZTF22aadnjsh,SN Ib,0.024,18.4385,0.270164,0.341156,0.220864,0.153816,9.6e-05,0.00032,0.001536,0.005504,0.000544,0.000564,0.000864,0.0006,0.002028,0.001164,0.00078
ZTF22aadoihx,SN Ib,0.01041,17.3903,0.163672,0.36926,0.335328,0.12974,8.4e-05,0.000116,0.00022,0.001036,0.000544,0.0,0.0,0.0,0.0,0.0,0.0
ZTF22aaebkwd,SN Ib,0.0354,18.4687,0.222208,0.295616,0.259904,0.214272,9.2e-05,0.00026,0.000356,0.001172,0.00012,0.00054,0.001104,0.000708,0.001716,0.00072,0.001212
ZTF22aaezyos,SN Ib,0.033,17.8854,0.28,0.446,0.164,0.11,0.0,0.0,0.0,0.0,0.0,0.0,0.0,0.0,0.0,0.0,0.0
ZTF22aakpyqw,SN Ib,0.03,18.012,0.32934,0.387224,0.153692,0.127744,0.0,0.0,0.0,0.0,0.0,0.000316,0.000152,0.000124,0.000676,0.000488,0.000244
ZTF22aaolhhl,SN Ib,0.03,18.17,0.262,0.574,0.12,0.044,0.0,0.0,0.0,0.0,0.0,0.0,0.0,0.0,0.0,0.0,0.0
ZTF22aarbard,SN Ib,0.0356,18.3504,0.364,0.458,0.134,0.044,0.0,0.0,0.0,0.0,0.0,0.0,0.0,0.0,0.0,0.0,0.0
ZTF22aatunnt,SN Ib,0.04,18.6962,0.309604,0.22678,0.234668,0.214948,0.000984,0.00192,0.001632,0.006696,0.000768,0.000316,0.00016,9.2e-05,0.000808,0.0003,0.000324
ZTF22aazuotw,SN Ib,0.03355,18.6453,0.191412,0.296116,0.176688,0.153784,0.00336,0.00196,0.00364,0.04998,0.01106,0.005152,0.018592,0.01008,0.046368,0.016576,0.015232
ZTF22abexkqi,SN Ib,0.1087,17.9558,0.122,0.148,0.3,0.43,0.0,0.0,0.0,0.0,0.0,0.0,0.0,0.0,0.0,0.0,0.0
ZTF22abfuwel,SN Ib,0.025,18.029,0.27,0.424,0.21,0.096,0.0,0.0,0.0,0.0,0.0,0.0,0.0,0.0,0.0,0.0,0.0
ZTF22abfyqsc,SN Ib,0.043,18.5578,0.348432,0.354144,0.175168,0.074256,0.00084,0.003864,0.015624,0.019824,0.001848,0.001272,0.000816,0.000276,0.001392,0.001236,0.001008
ZTF22abkabeh,SN Ib,0.028,18.5146,0.248,0.519808,0.140864,0.083328,5.6e-05,5.2e-05,0.0003,0.001292,0.0003,0.000816,0.000924,0.000528,0.00144,0.001248,0.001044
ZTF22absibqa,SN Ib,0.01441,17.7402,0.241552,0.46752,0.17532,0.089608,0.000112,0.000208,0.000256,0.003616,0.003808,0.002376,0.00342,0.002196,0.003708,0.001944,0.004356
ZTF22absphuu,SN Ib,0.0425,18.4621,0.324,0.43,0.146,0.1,0.0,0.0,0.0,0.0,0.0,0.0,0.0,0.0,0.0,0.0,0.0
ZTF23aaahtnj,SN Ib,0.023,17.2781,0.135516,0.404584,0.30442,0.13748,0.000108,0.000276,0.00066,0.0045,0.000456,0.002376,0.002016,0.00108,0.002568,0.00144,0.00252
ZTF23aadtrzd,SN Ib,0.065,18.5253,0.174,0.24,0.296,0.29,0.0,0.0,0.0,0.0,0.0,0.0,0.0,0.0,0.0,0.0,0.0
ZTF23aajfdxf,SN Ib,0.045,18.3434,0.38024,0.29988,0.21168,0.0882,0.0002,0.00026,0.00076,0.0084,0.00038,0.00072,0.00104,0.00114,0.00422,0.00186,0.00102
ZTF23aanqoyo,SN Ib,0.0218,17.88,0.14356,0.29682,0.28518,0.24444,0.000168,0.00072,0.002064,0.008448,0.0006,0.005868,0.001188,0.000576,0.003708,0.003744,0.002916
ZTF23aapbrrq,SN Ib,0.015,16.9267,0.281728,0.289664,0.279744,0.140864,3.2e-05,4e-05,0.000176,0.00368,7.2e-05,0.00092,0.000592,0.000336,0.001136,0.000368,0.000648
ZTF23aaspcfl,SN Ib,0.03,18.3494,0.134,0.414,0.232,0.22,0.0,0.0,0.0,0.0,0.0,0.0,0.0,0.0,0.0,0.0,0.0
ZTF23aawzdxd,SN Ib,0.007,18.8666,0.08342,0.09894,0.35308,0.43456,0.00292,0.0046,0.00364,0.00696,0.00188,0.00124,0.0012,0.00114,0.00252,0.00096,0.00294
ZTF23aaxuvkn,SN Ib,0.027,17.2186,0.146816,0.293632,0.369024,0.182528,0.00024,0.001872,0.0015,0.001644,0.000744,0.0004,0.000332,6e-05,0.000104,0.000272,0.000832
ZTF23aazuzip,SN Ib,0.03392,18.4834,0.292536,0.42064,0.156784,0.08604,0.001188,0.004092,0.004004,0.00704,0.005676,0.000748,0.005104,0.003432,0.004796,0.001672,0.006248
ZTF23abbpswf,SN Ib,0.01764,17.7092,0.42914,0.481036,0.063872,0.023952,4e-06,0.0,4e-05,0.001924,3.2e-05,0.0,0.0,0.0,0.0,0.0,0.0
ZTF23abjzkmx,SN Ib,0.01759,18.4732,0.392424,0.460152,0.10956,0.033864,0.0,0.0,0.0,0.0,0.0,0.00016,0.000424,0.000256,0.001688,0.0012,0.000272
ZTF23abnpoqp,SN Ib,0.036,18.8288,0.41664,0.402752,0.097216,0.075392,0.000288,0.000252,0.000312,0.00456,0.000588,4.4e-05,0.000256,0.000312,0.000972,0.000176,0.00024
ZTF23abovaur,SN Ib,0.02394,17.6374,0.164128,0.301496,0.29436,0.132016,0.00078,0.00516,0.0069,0.01194,0.00522,0.012168,0.01716,0.00234,0.003432,0.012636,0.030264
ZTF24aaeczdw,SN Ib,0.02967,17.9813,0.292,0.414,0.2,0.094,0.0,0.0,0.0,0.0,0.0,0.0,0.0,0.0,0.0,0.0,0.0
ZTF24aakaiqs,SN Ib,0.03157,17.5298,0.1729,0.3401,0.2755,0.1615,0.000616,0.001716,0.002728,0.007744,0.009196,0.0084,0.004704,0.001624,0.00448,0.00364,0.005152
ZTF24aaymkrs,SN Ib,0.016,16.9596,0.296912,0.256424,0.306552,0.104112,0.000256,0.00016,0.000704,0.010848,0.004032,0.00728,0.00232,0.00176,0.0048,0.00192,0.00192
ZTF25aavahfn,SN Ib,0.03238,18.7266,0.29988,0.40964,0.16268,0.1078,0.000576,0.001408,0.00152,0.00288,0.001616,0.000576,0.002928,0.001464,0.002592,0.001272,0.003168
ZTF18aaxiuyp,SN Ic,0.0303,18.5307,0.353292,0.514968,0.08982,0.03992,0.0,0.0,0.0,0.0,0.0,0.000188,0.000492,0.000428,0.000488,9.2e-05,0.000312
ZTF18abdkkwa,SN Ic,0.02531,18.098,0.248,0.632,0.078,0.042,0.0,0.0,0.0,0.0,0.0,0.0,0.0,0.0,0.0,0.0,0.0
ZTF18abecbks,SN Ic,0.03048,17.898,0.15,0.714,0.108,0.028,0.0,0.0,0.0,0.0,0.0,0.0,0.0,0.0,0.0,0.0,0.0
ZTF18abeyqpr,SN Ic,0.0472,18.8125,0.2495,0.556884,0.077844,0.113772,0.000144,0.000536,0.000292,0.000636,0.000392,0.0,0.0,0.0,0.0,0.0,0.0
ZTF18abfzhct,SN Ic,0.04,17.8832,0.276,0.612,0.068,0.044,0.0,0.0,0.0,0.0,0.0,0.0,0.0,0.0,0.0,0.0,0.0
ZTF18abkjnqy,SN Ic,0.02418,17.9388,0.25948,0.37924,0.177644,0.181636,5.2e-05,7.2e-05,0.000128,0.001312,0.000436,0.0,0.0,0.0,0.0,0.0,0.0
ZTF18aceqrrs,SN Ic,0.0848,18.8195,0.0715,0.0445,0.07,0.064,0.06438,0.09472,0.02886,0.1628,0.01924,0.12312,0.02584,0.03268,0.0912,0.0722,0.03496
ZTF18achcpwu,SN Ic,0.0552,18.414,0.14136,0.28272,0.175584,0.144336,0.003328,0.006656,0.009152,0.06344,0.021424,0.020368,0.0304,0.019456,0.034048,0.01064,0.037088
ZTF18acsjrbc,SN Ic,0.03693,18.5547,0.195216,0.605568,0.0996,0.095616,4.4e-05,6.8e-05,0.000176,0.00114,0.000572,0.000248,0.000428,0.0003,0.000428,0.000216,0.00038
ZTF18aczqzrj,SN Ic,0.0429,17.8137,0.33,0.616,0.048,0.006,0.0,0.0,0.0,0.0,0.0,0.0,0.0,0.0,0.0,0.0,0.0
ZTF18adasisj,SN Ic,0.034,17.7742,0.181056,0.318816,0.23616,0.247968,8e-05,0.000112,0.000704,0.006352,0.000752,0.00072,0.00112,0.000672,0.002688,0.001888,0.000912
ZTF19aafmyow,SN Ic,0.0265,16.9621,0.103792,0.520956,0.205588,0.167664,8e-06,4e-05,0.000232,0.00168,4e-05,0.0,0.0,0.0,0.0,0.0,0.0
ZTF19aailcgs,SN Ic,0.02031,18.3422,0.154,0.552,0.21,0.084,0.0,0.0,0.0,0.0,0.0,0.0,0.0,0.0,0.0,0.0,0.0
ZTF19aakpcuw,SN Ic,0.031,18.0318,0.117764,0.530936,0.233532,0.115768,2.4e-05,3.2e-05,0.000116,0.001776,5.2e-05,0.0,0.0,0.0,0.0,0.0,0.0
ZTF19aamsetj,SN Ic,0.02751,17.368,0.22862,0.53676,0.111328,0.117292,2.4e-05,1.6e-05,0.000104,0.003752,0.000104,0.000144,0.000216,0.00016,0.000636,0.000604,0.00024
ZTF19aanfukh,SN Ic,0.02765,18.0801,0.252,0.438,0.212,0.098,0.0,0.0,0.0,0.0,0.0,0.0,0.0,0.0,0.0,0.0,0.0
ZTF19aanijpu,SN Ic,0.05,17.4986,0.041916,0.441116,0.157684,0.357284,0.0,0.0,0.0,0.0,0.0,0.000588,0.000144,9.2e-05,0.000376,0.000424,0.000376
ZTF19aarfyvc,SN Ic,0.09,18.6317,0.17,0.528,0.142,0.16,0.0,0.0,0.0,0.0,0.0,0.0,0.0,0.0,0.0,0.0,0.0
ZTF19aatheus,SN Ic,0.01836,16.4307,0.1996,0.620756,0.151696,0.025948,2e-05,1.2e-05,0.0001,0.0018,6.8e-05,0.0,0.0,0.0,0.0,0.0,0.0
ZTF19aavoweu,SN Ic,0.0359,18.3404,0.286,0.614,0.06,0.04,0.0,0.0,0.0,0.0,0.0,0.0,0.0,0.0,0.0,0.0,0.0
ZTF19aawsday,SN Ic,0.02915,18.4027,0.15402,0.333408,0.222876,0.195696,0.005452,0.003364,0.007888,0.02784,0.013456,0.002304,0.008496,0.00432,0.007056,0.003384,0.01044
ZTF19aaxzdtw,SN Ic,0.041,18.8904,0.230724,0.554132,0.110432,0.090712,0.000516,0.001416,0.000864,0.00258,0.000624,0.000464,0.001888,0.000784,0.00176,0.000832,0.002272
ZTF19abafmwj,SN Ic,0.034,18.9868,0.198,0.696,0.074,0.032,0.0,0.0,0.0,0.0,0.0,0.0,0.0,0.0,0.0,0.0,0.0
ZTF19abauylg,SN Ic,0.044,16.6989,0.338,0.548,0.052,0.062,0.0,0.0,0.0,0.0,0.0,0.0,0.0,0.0,0.0,0.0,0.0
ZTF19abcegvm,SN Ic,0.073,18.1619,0.039396,0.180096,0.425852,0.292656,0.001292,0.007296,0.01406,0.013072,0.00228,0.009312,0.002784,0.000528,0.002016,0.003744,0.005616
ZTF19abdoior,SN Ic,0.047,18.4578,0.244,0.688,0.058,0.01,0.0,0.0,0.0,0.0,0.0,0.0,0.0,0.0,0.0,0.0,0.0
ZTF19abfiqjg,SN Ic,0.0888,18.9291,0.327936,0.460672,0.121024,0.066368,0.001716,0.01078,0.00286,0.005236,0.001408,0.000352,0.000352,0.000104,0.00012,0.000252,0.00082
ZTF19abqmsbk,SN Ic,0.02723,18.2734,0.29184,0.45888,0.12288,0.0864,0.001536,0.016384,0.004736,0.00608,0.003264,0.0016,0.001056,0.000368,0.000512,0.001232,0.003232
ZTF19abtsnyy,SN Ic,0.04,18.7254,0.075088,0.288496,0.268736,0.35568,0.0,0.0,0.0,0.0,0.0,0.00108,0.002088,0.001104,0.003384,0.00228,0.002064
ZTF19acllsbq,SN Ic,0.0778,18.7165,0.240548,0.194824,0.232596,0.326032,6.8e-05,0.000104,0.000168,0.001292,0.000368,0.000304,0.000816,0.00072,0.00128,0.000232,0.000648
ZTF19acyogrm,SN Ic,0.02,17.7331,0.286272,0.608328,0.07952,0.01988,3.6e-05,4e-05,0.000152,0.001096,0.000676,0.000488,0.000832,0.000336,0.000872,0.00068,0.000792
ZTF20aaekkuv,SN Ic,0.02,18.3735,0.234,0.606,0.108,0.052,0.0,0.0,0.0,0.0,0.0,0.0,0.0,0.0,0.0,0.0,0.0
ZTF20aaelulu,SN Ic,0.0052,13.8596,0.13776,0.525456,0.271584,0.0492,4.8e-05,3.6e-05,0.000144,0.00564,0.000132,0.00332,0.0009,0.0006,0.00226,0.00164,0.00128
ZTF20aagewqr,SN Ic,0.017,18.5037,0.157368,0.535848,0.147408,0.155376,6.8e-05,6.8e-05,0.00018,0.000972,0.000712,8e-05,0.00058,0.000308,0.000472,0.000156,0.000404
ZTF20aaiftgi,SN Ic,0.03370,18.0983,0.361276,0.313372,0.151696,0.171656,0.0,0.0,0.0,0.0,0.0,0.00012,0.000452,0.000428,0.000488,0.000152,0.00036
ZTF20aamdyln,SN Ic,0.041,18.7811,0.161676,0.684628,0.107784,0.043912,5.2e-05,0.000128,0.0002,0.001432,0.000188,0.0,0.0,0.0,0.0,0.0,0.0
ZTF20aammtwx,SN Ic,0.02718,17.8292,0.26,0.554,0.136,0.05,0.0,0.0,0.0,0.0,0.0,0.0,0.0,0.0,0.0,0.0,0.0
ZTF20aamqmhj,SN Ic,0.04759,18.554,0.25026,0.44814,0.14744,0.12416,0.001372,0.00224,0.001932,0.00728,0.001176,0.000256,0.003872,0.002432,0.003968,0.00208,0.003392
ZTF20aavhyel,SN Ic,0.02524,17.8666,0.172,0.554,0.198,0.076,0.0,0.0,0.0,0.0,0.0,0.0,0.0,0.0,0.0,0.0,0.0
ZTF20aazpyhy,SN Ic,0.04,18.0206,0.282,0.588,0.084,0.046,0.0,0.0,0.0,0.0,0.0,0.0,0.0,0.0,0.0,0.0,0.0
ZTF20abefbpl,SN Ic,0.0423,18.1042,0.21364,0.58212,0.13132,0.05292,0.000352,0.011296,0.003424,0.000256,0.000672,0.001112,0.00036,9.6e-05,8e-05,0.000384,0.001968
ZTF20abkiarz,SN Ic,0.02354,17.4294,0.261888,0.559488,0.101184,0.06944,0.0,0.0,0.0,0.0,0.0,0.000352,0.001936,0.00168,0.0016,0.000704,0.001728
ZTF20aborzxc,SN Ic,0.02,18.3411,0.12912,0.186148,0.146336,0.076396,0.012604,0.152892,0.069596,0.009316,0.029592,0.047376,0.034592,0.001504,0.006016,0.022936,0.075576
ZTF20abqdkne,SN Ic,0.02838,17.6274,0.382,0.49,0.102,0.026,0.0,0.0,0.0,0.0,0.0,0.0,0.0,0.0,0.0,0.0,0.0
ZTF20abtkjfw,SN Ic,0.01744,17.9527,0.235056,0.559752,0.163344,0.037848,5.6e-05,7.6e-05,0.000332,0.0014,0.000136,0.000368,0.000344,0.000176,0.00046,0.000364,0.000288
ZTF20abusrwm,SN Ic,0.031,18.691,0.152,0.48,0.21,0.158,0.0,0.0,0.0,0.0,0.0,0.0,0.0,0.0,0.0,0.0,0.0
ZTF20abvvnqh,SN Ic,0.0369,18.6863,0.286,0.526,0.106,0.082,0.0,0.0,0.0,0.0,0.0,0.0,0.0,0.0,0.0,0.0,0.0
ZTF20abwxywy,SN Ic,0.01742,16.7242,0.192,0.64,0.132,0.036,0.0,0.0,0.0,0.0,0.0,0.0,0.0,0.0,0.0,0.0,0.0
ZTF20abxpoxd,SN Ic,0.02208,17.5646,0.05278,0.33124,0.25116,0.27482,0.00132,0.003168,0.009856,0.013376,0.01628,0.010764,0.006624,0.001656,0.006072,0.008004,0.01288
ZTF20abywsut,SN Ic,0.03142,18.1658,0.18962,0.5988,0.133732,0.075848,0.0,0.0,0.0,0.0,0.0,0.000628,0.000236,0.000132,0.000352,0.000324,0.000328
ZTF20abzjcdg,SN Ic,0.04643,18.5795,0.19,0.42,0.19,0.2,0.0,0.0,0.0,0.0,0.0,0.0,0.0,0.0,0.0,0.0,0.0
ZTF20accbsxa,SN Ic,0.074,18.7723,0.366,0.512,0.08,0.042,0.0,0.0,0.0,0.0,0.0,0.0,0.0,0.0,0.0,0.0,0.0
ZTF20accoccp,SN Ic,0.06392,18.5395,0.434,0.476,0.058,0.032,0.0,0.0,0.0,0.0,0.0,0.0,0.0,0.0,0.0,0.0,0.0
ZTF20acfqngt,SN Ic,0.01611,18.3702,0.172,0.69,0.074,0.064,0.0,0.0,0.0,0.0,0.0,0.0,0.0,0.0,0.0,0.0,0.0
ZTF20aclnplo,SN Ic,0.0347,17.3201,0.16744,0.220248,0.168728,0.087584,0.00378,0.026208,0.033516,0.055944,0.006552,0.02714,0.04186,0.00644,0.01978,0.03266,0.10212
ZTF20actekrw,SN Ic,0.033,18.413,0.171312,0.579672,0.133464,0.111552,0.0,0.0,0.0,0.0,0.0,0.000232,0.00112,0.00072,0.000928,0.000256,0.000744
ZTF20actpqgc,SN Ic,0.03277,18.1329,0.136068,0.40426,0.307632,0.13804,8.4e-05,0.000348,0.001056,0.003228,0.001284,0.002112,0.00064,0.000512,0.002,0.001152,0.001584
ZTF20acueziy,SN Ic,0.02330,17.7776,0.34848,0.480128,0.10648,0.032912,0.001848,0.015008,0.008512,0.000504,0.002128,0.001008,0.000496,0.000152,0.000128,0.000704,0.001512
ZTF20acwofhd,SN Ic,0.03281,18.2414,0.23,0.564,0.144,0.062,0.0,0.0,0.0,0.0,0.0,0.0,0.0,0.0,0.0,0.0,0.0
ZTF20adadrhw,SN Ic,0.00750,14.7869,0.226,0.47,0.216,0.088,0.0,0.0,0.0,0.0,0.0,0.0,0.0,0.0,0.0,0.0,0.0
ZTF21aaaosoq,SN Ic,0.03151,17.8271,0.347304,0.520956,0.087824,0.041916,8e-06,2.8e-05,7.6e-05,0.00184,4.8e-05,0.0,0.0,0.0,0.0,0.0,0.0
ZTF21aaaubig,SN Ic,0.00934,16.5227,0.177644,0.590816,0.167664,0.061876,8e-06,0.0,0.000108,0.00182,6.4e-05,0.0,0.0,0.0,0.0,0.0,0.0
ZTF21aacufip,SN Ic,0.045,18.0328,0.416,0.516,0.062,0.006,0.0,0.0,0.0,0.0,0.0,0.0,0.0,0.0,0.0,0.0,0.0
ZTF21aahdqrg,SN Ic,0.02201,17.519,0.314272,0.433344,0.152256,0.076128,4e-05,0.000256,0.000408,0.002504,0.000792,0.0036,0.00364,0.00212,0.00476,0.00172,0.00416
ZTF21aalkjbl,SN Ic,0.03737,18.5679,0.247008,0.61752,0.075696,0.055776,0.0,0.0,0.0,0.0,0.0,0.000192,0.000936,0.0006,0.001032,0.000376,0.000864
ZTF21aannoix,SN Ic,0.026,17.5708,0.122,0.632,0.152,0.094,0.0,0.0,0.0,0.0,0.0,0.0,0.0,0.0,0.0,0.0,0.0
ZTF21aaqldsk,SN Ic,0.03640,18.5309,0.263472,0.506984,0.153692,0.073852,7.6e-05,0.000192,0.000356,0.001332,4.4e-05,0.0,0.0,0.0,0.0,0.0,0.0
ZTF21aaxtctv,SN Ic,0.01356,16.6762,0.187248,0.430272,0.276888,0.101592,2e-05,2.4e-05,0.00014,0.001752,6.4e-05,0.000636,0.000204,0.00014,0.000404,0.00028,0.000336
ZTF21abcgaln,SN Ic,0.00965,16.1361,0.222,0.468,0.234,0.076,0.0,0.0,0.0,0.0,0.0,0.0,0.0,0.0,0.0,0.0,0.0
ZTF21abklcjq,SN Ic,0.02508,18.5343,0.258,0.602,0.104,0.036,0.0,0.0,0.0,0.0,0.0,0.0,0.0,0.0,0.0,0.0,0.0
ZTF21abraccv,SN Ic,0.01904,17.3774,0.366,0.428,0.17,0.036,0.0,0.0,0.0,0.0,0.0,0.0,0.0,0.0,0.0,0.0,0.0
ZTF21acjxzsa,SN Ic,0.041,18.518,0.28,0.358,0.196,0.166,0.0,0.0,0.0,0.0,0.0,0.0,0.0,0.0,0.0,0.0,0.0
ZTF22aagzmcz,SN Ic,0.0242,18.3832,0.226176,0.41664,0.244032,0.105152,6.4e-05,0.0001,0.000188,0.001352,0.000296,0.001116,0.001116,0.00072,0.001236,0.000528,0.001284
ZTF22aalfmec,SN Ic,0.02453,18.5388,0.274,0.594,0.11,0.022,0.0,0.0,0.0,0.0,0.0,0.0,0.0,0.0,0.0,0.0,0.0
ZTF22aaoolua,SN Ic,0.01808,18.1691,0.222,0.35,0.268,0.16,0.0,0.0,0.0,0.0,0.0,0.0,0.0,0.0,0.0,0.0,0.0
ZTF22abbtqnp,SN Ic,0.0169,16.7363,0.112496,0.131008,0.279104,0.189392,0.00814,0.01606,0.03168,0.04466,0.00946,0.029904,0.029548,0.018156,0.040584,0.025988,0.03382
ZTF22abfrkoh,SN Ic,0.022,17.2142,0.37924,0.287424,0.187624,0.143712,8e-06,1.6e-05,4.4e-05,0.001904,2.8e-05,0.0,0.0,0.0,0.0,0.0,0.0
ZTF22abllclb,SN Ic,0.02117,18.3447,0.42592,0.398816,0.100672,0.042592,4.8e-05,0.00016,0.000288,0.007168,0.000336,0.000384,0.003648,0.00312,0.011952,0.003312,0.001584
ZTF22abmonux,SN Ic,0.046,18.2815,0.3456,0.4104,0.0864,0.0576,0.001184,0.017464,0.03404,0.001776,0.019536,0.006292,0.002496,0.000468,0.000832,0.003952,0.01196
ZTF22abwtqeb,SN Ic,0.0252,17.2045,0.268548,0.390264,0.197064,0.110124,0.000288,0.000576,0.001116,0.01512,0.0009,0.001696,0.002656,0.003136,0.00416,0.001184,0.003168
ZTF23aaazffe,SN Ic,0.04,18.1876,0.24,0.538,0.15,0.072,0.0,0.0,0.0,0.0,0.0,0.0,0.0,0.0,0.0,0.0,0.0
ZTF23aadaxfn,SN Ic,0.0023,16.7627,0.220896,0.45864,0.194688,0.061776,0.000728,0.00168,0.002576,0.014952,0.008064,0.008928,0.005256,0.002088,0.00612,0.003816,0.009792
ZTF23aaecgwh,SN Ic,0.0415,18.6404,0.264,0.512,0.184,0.04,0.0,0.0,0.0,0.0,0.0,0.0,0.0,0.0,0.0,0.0,0.0
ZTF23aaemnzd,SN Ic,0.037,18.5228,0.233716,0.388872,0.168904,0.190508,0.000448,0.003584,0.00152,0.002192,0.000256,0.00122,0.00168,0.00046,0.00048,0.00154,0.00462
ZTF23aafwykt,SN Ic,0.02831,18.0068,0.364,0.562,0.062,0.012,0.0,0.0,0.0,0.0,0.0,0.0,0.0,0.0,0.0,0.0,0.0
ZTF23aahnmag,SN Ic,0.0387,18.6216,0.0437,0.2337,0.2736,0.399,0.001664,0.0032,0.006848,0.015808,0.00448,0.004104,0.002988,0.0009,0.003168,0.002196,0.004644
ZTF23aajakys,SN Ic,0.0328,18.6493,0.454,0.464,0.062,0.02,0.0,0.0,0.0,0.0,0.0,0.0,0.0,0.0,0.0,0.0,0.0
ZTF23aakstht,SN Ic,0.0495,18.2314,0.05346,0.37026,0.28116,0.28512,0.000132,0.000336,0.001728,0.003468,0.000336,0.001192,0.000376,0.00012,0.000576,0.000944,0.000792
ZTF23aamzljd,SN Ic,0.035,18.7002,0.372,0.484,0.078,0.066,0.0,0.0,0.0,0.0,0.0,0.0,0.0,0.0,0.0,0.0,0.0
ZTF23aawtmcf,SN Ic,0.0294,18.2438,0.328,0.46,0.154,0.058,0.0,0.0,0.0,0.0,0.0,0.0,0.0,0.0,0.0,0.0,0.0
ZTF23abaxlrz,SN Ic,0.01519,16.8861,0.188,0.416,0.226,0.17,0.0,0.0,0.0,0.0,0.0,0.0,0.0,0.0,0.0,0.0,0.0
ZTF23abbskff,SN Ic,0.02923,18.8765,0.206904,0.413808,0.171488,0.1398,0.002652,0.0017,0.002788,0.010812,0.016048,0.000816,0.009248,0.0051,0.007956,0.003264,0.007616
ZTF23abcglga,SN Ic,0.015,17.4769,0.25792,0.48608,0.172608,0.075392,4e-06,2.4e-05,0.00024,0.00112,0.000612,0.001584,0.00054,0.000396,0.001572,0.000876,0.001032
ZTF23abjrolk,SN Ic,0.02517,18.1858,0.267464,0.421156,0.215568,0.093812,2e-05,2.8e-05,0.00016,0.00172,7.2e-05,0.0,0.0,0.0,0.0,0.0,0.0
ZTF23abomtjc,SN Ic,0.017,17.4487,0.135828,0.33516,0.298116,0.112896,0.003712,0.002552,0.003712,0.02378,0.024244,0.00852,0.01212,0.00924,0.01056,0.00588,0.01368
ZTF23absgcqv,SN Ic,0.057,17.8111,0.35476,0.2254,0.21756,0.18228,0.000648,0.004128,0.002952,0.00324,0.001032,0.001312,0.001312,0.000464,0.001088,0.001536,0.002288
ZTF24aaabybk,SN Ic,0.0336,17.8595,0.28116,0.49104,0.17226,0.04554,8e-05,0.00032,0.001056,0.001808,0.000736,0.001308,0.001128,0.000168,0.00066,0.001068,0.001668
ZTF24aacjcwl,SN Ic,0.0268,18.521,0.238144,0.47824,0.177632,0.081984,0.00024,0.00018,0.0005,0.0041,0.00498,0.001232,0.003164,0.00196,0.003332,0.001904,0.002408
ZTF24aagtmbq,SN Ic,0.0308,18.405,0.246,0.332592,0.1968,0.208608,0.00064,0.0018,0.00144,0.00498,0.00114,0.000432,0.000576,0.000444,0.002484,0.00144,0.000624
ZTF24abhhzrp,SN Ic,0.031,17.3938,0.271296,0.330048,0.179712,0.082944,0.00518,0.01862,0.01092,0.0308,0.00448,0.009768,0.008976,0.003696,0.013464,0.015444,0.014652
ZTF24abiwzzc,SN Ic,0.05,18.7403,0.3332,0.1785,0.2006,0.1377,0.0028,0.0081,0.0034,0.0285,0.0072,0.0156,0.0078,0.0076,0.033,0.0276,0.0084
ZTF24abltheg,SN Ic,0.03586,18.3118,0.32,0.49,0.132,0.058,0.0,0.0,0.0,0.0,0.0,0.0,0.0,0.0,0.0,0.0,0.0
ZTF24abnafgr,SN Ic,0.0387,18.5184,0.314104,0.483084,0.131208,0.065604,0.000164,0.000424,0.000324,0.000712,0.000376,0.000208,0.000912,0.000488,0.00088,0.000376,0.001136
ZTF24abncuhj,SN Ic,0.03,17.7037,0.220224,0.244032,0.35712,0.170624,4.8e-05,0.000184,0.000632,0.00296,0.000176,0.00088,0.0004,0.000304,0.001184,0.000688,0.000544
ZTF24abnsght,SN Ic,0.026,17.9091,0.23808,0.372992,0.226176,0.154752,0.000128,0.000584,0.000776,0.001656,0.000856,0.0004,0.000744,0.000328,0.00064,0.000312,0.001576
ZTF24abqbyxd,SN Ic,0.032,18.8148,0.228528,0.188784,0.21528,0.195408,0.0042,0.011592,0.010584,0.01932,0.038304,0.012672,0.014784,0.009152,0.022704,0.008976,0.019712
ZTF24absznoi,SN Ic,0.04095,18.8318,0.181972,0.232624,0.238252,0.285152,0.00442,0.00612,0.005168,0.015708,0.002584,0.004368,0.004088,0.002352,0.007616,0.00392,0.005656
ZTF24abtnkbi,SN Ic,0.01768,17.2028,0.250848,0.277056,0.288288,0.119808,0.00048,0.0004,0.0018,0.01236,0.00496,0.017336,0.005456,0.003784,0.009328,0.003696,0.0044
ZTF25aaadytl,SN Ic,0.023,16.9691,0.155688,0.455088,0.281436,0.105788,2e-05,2e-05,0.000336,0.001392,0.000232,0.0,0.0,0.0,0.0,0.0,0.0
ZTF25aafdnuf,SN Ic,0.0275,18.0913,0.175296,0.292824,0.326688,0.201192,0.0,0.0,0.0,0.0,0.0,0.000568,0.000784,0.000328,0.00076,0.00052,0.00104
ZTF25abclliu,SN Ic,0.09025,18.7102,0.07296,0.19392,0.38592,0.3072,0.00108,0.0022,0.00344,0.00944,0.00384,0.00188,0.00512,0.00192,0.00464,0.00192,0.00452
ZTF25ablulax,SN Ic,0.055,18.8994,0.080524,0.194436,0.247464,0.459576,0.000288,0.000464,0.001696,0.00496,0.000592,0.00226,0.00106,0.00066,0.00274,0.00166,0.00162
ZTF25abqsbxy,SN Ic,0.03100,17.7884,0.197664,0.253896,0.276048,0.124392,0.00352,0.015488,0.011088,0.043648,0.014256,0.00144,0.01476,0.00612,0.0084,0.00312,0.02616
ZTF25abyevmr,SN Ic,0.01298,16.3518,0.21912,0.372504,0.290832,0.113544,0.0,0.0,0.0,0.0,0.0,0.001088,0.000296,0.000288,0.001096,0.00064,0.000592
ZTF18aawigkf,SN IIb,0.0252,18.0738,0.315368,0.22954,0.20958,0.243512,0.0,0.0,0.0,0.0,0.0,0.000348,0.000224,0.000176,0.00066,0.000296,0.000296
ZTF18abfzfcv,SN IIb,0.038,18.6633,0.292,0.492,0.122,0.094,0.0,0.0,0.0,0.0,0.0,0.0,0.0,0.0,0.0,0.0,0.0
ZTF18abojpnr,SN IIb,0.0375,18.716,0.23232,0.2304,0.27264,0.22464,0.000148,0.000284,0.000324,0.000888,0.000356,0.003268,0.007904,0.002128,0.00342,0.00646,0.01482
ZTF18acbzvpg,SN IIb,0.026,18.5362,0.276,0.548,0.13,0.046,0.0,0.0,0.0,0.0,0.0,0.0,0.0,0.0,0.0,0.0,0.0
ZTF18acnmifq,SN IIb,0.073,18.7783,0.316,0.198,0.278,0.208,0.0,0.0,0.0,0.0,0.0,0.0,0.0,0.0,0.0,0.0,0.0
ZTF18acqxyiq,SN IIb,0.03849,18.5685,0.306,0.472,0.144,0.078,0.0,0.0,0.0,0.0,0.0,0.0,0.0,0.0,0.0,0.0,0.0
ZTF18acrcyqw,SN IIb,0.04,17.8878,0.424,0.294,0.222,0.06,0.0,0.0,0.0,0.0,0.0,0.0,0.0,0.0,0.0,0.0,0.0
ZTF19aadpqnb,SN IIb,0.013,16.9367,0.17848,0.20952,0.25996,0.32204,0.000312,0.000216,0.000744,0.010008,0.00072,0.001332,0.002124,0.00432,0.007344,0.001188,0.001692
ZTF19aaejtof,SN IIb,0.03762,18.8224,0.398,0.382,0.112,0.108,0.0,0.0,0.0,0.0,0.0,0.0,0.0,0.0,0.0,0.0,0.0
ZTF19aaknate,SN IIb,0.01188,17.0787,0.17964,0.42914,0.297404,0.091816,0.0,0.0,0.0,0.0,0.0,0.000612,0.000156,0.00012,0.000492,0.000312,0.000308
ZTF19aanbpus,SN IIb,0.00996,16.1346,0.041832,0.079128,0.079128,0.051912,0.01338,0.242624,0.12934,0.041032,0.019624,0.110532,0.038656,0.005436,0.01208,0.048924,0.086372
ZTF19aapadxs,SN IIb,0.035,18.2407,0.258,0.588,0.11,0.044,0.0,0.0,0.0,0.0,0.0,0.0,0.0,0.0,0.0,0.0,0.0
ZTF19aarfkch,SN IIb,0.051,18.6693,0.134,0.196,0.36,0.31,0.0,0.0,0.0,0.0,0.0,0.0,0.0,0.0,0.0,0.0,0.0
ZTF19aaugupw,SN IIb,0.04058,18.7732,0.296,0.472,0.136,0.096,0.0,0.0,0.0,0.0,0.0,0.0,0.0,0.0,0.0,0.0,0.0
ZTF19aazwnwy,SN IIb,0.08528,17.7569,0.44,0.25,0.218,0.092,0.0,0.0,0.0,0.0,0.0,0.0,0.0,0.0,0.0,0.0,0.0
ZTF19abbthwy,SN IIb,0.025,18.6697,0.25688,0.511784,0.136344,0.082992,0.000348,0.000516,0.000732,0.003192,0.001212,0.000228,0.001692,0.00084,0.001428,0.000528,0.001284
ZTF19abgfuhh,SN IIb,0.0354,18.4883,0.254464,0.540736,0.155064,0.043736,4e-06,1.6e-05,9.6e-05,0.001772,0.000112,0.000184,0.00064,0.000504,0.001728,0.000544,0.0004
ZTF19abqmsnk,SN IIb,0.03561,18.5044,0.363272,0.417164,0.107784,0.10978,0.0,0.0,0.0,0.0,0.0,6e-05,0.00028,0.000128,0.00076,0.000548,0.000224
ZTF19abqykei,SN IIb,0.0355,18.3094,0.16038,0.28908,0.31284,0.2277,0.0,0.0,0.0,0.0,0.0,0.00054,0.00114,0.00044,0.00446,0.00246,0.00096
ZTF19abxjrge,SN IIb,0.02170,17.9117,0.238,0.506,0.152,0.104,0.0,0.0,0.0,0.0,0.0,0.0,0.0,0.0,0.0,0.0,0.0
ZTF19abxtcio,SN IIb,0.0155,18.1494,0.341316,0.453092,0.121756,0.081836,0.0,0.0,0.0,0.0,0.0,0.000396,0.000196,0.000164,0.00056,0.000432,0.000252
ZTF19ackjene,SN IIb,0.0435,17.5287,0.346,0.444,0.144,0.066,0.0,0.0,0.0,0.0,0.0,0.0,0.0,0.0,0.0,0.0,0.0
ZTF19acxxwvi,SN IIb,0.01123,16.921,0.256452,0.502964,0.180908,0.053676,8e-06,5.2e-05,0.000108,0.001684,0.000148,0.00044,0.00072,0.000424,0.00112,0.000512,0.000784
ZTF19acyjjni,SN IIb,0.026,18.8583,0.07584,0.191496,0.430392,0.250272,0.001224,0.002196,0.002808,0.010404,0.001368,0.00374,0.007344,0.0034,0.008636,0.004352,0.006528
ZTF20aahgejq,SN IIb,0.04635,18.9518,0.32,0.522,0.1,0.058,0.0,0.0,0.0,0.0,0.0,0.0,0.0,0.0,0.0,0.0,0.0
ZTF20aatzhhl,SN IIb,0.00752,15.5188,0.14288,0.23124,0.42676,0.13912,9.6e-05,0.000384,0.001968,0.020496,0.001056,0.006408,0.005832,0.004104,0.0072,0.006768,0.005688
ZTF20aaxhzhc,SN IIb,0.037,18.3711,0.396,0.34,0.174,0.09,0.0,0.0,0.0,0.0,0.0,0.0,0.0,0.0,0.0,0.0,0.0
ZTF20abfcrzj,SN IIb,0.023,18.0846,0.26838,0.46718,0.170968,0.087472,0.0,0.0,0.0,0.0,0.0,0.001488,0.00084,0.000564,0.00138,0.000876,0.000852
ZTF20abwzqzo,SN IIb,0.02303,17.8478,0.26656,0.45864,0.16268,0.09212,0.00024,0.00028,0.00088,0.00776,0.00084,0.0008,0.00174,0.001,0.00248,0.00192,0.00206
ZTF20acgiglu,SN IIb,0.02672,18.1512,0.26,0.518,0.11,0.112,0.0,0.0,0.0,0.0,0.0,0.0,0.0,0.0,0.0,0.0,0.0
ZTF20actqnhg,SN IIb,0.031,17.2503,0.292,0.508,0.096,0.104,0.0,0.0,0.0,0.0,0.0,0.0,0.0,0.0,0.0,0.0,0.0
ZTF20acusecr,SN IIb,0.03088,18.915,0.207424,0.38892,0.19446,0.135196,0.002964,0.009804,0.006764,0.015048,0.00342,0.002088,0.010872,0.00288,0.002664,0.002664,0.014832
ZTF20acwhpmj,SN IIb,0.03025,18.841,0.286848,0.50796,0.107568,0.093624,0.0,0.0,0.0,0.0,0.0,0.000264,0.000912,0.000544,0.0012,0.000352,0.000728
ZTF20acwnqcy,SN IIb,0.04078,18.9758,0.24064,0.3948,0.188,0.11656,0.002176,0.003604,0.0051,0.013124,0.009996,0.00156,0.006344,0.003224,0.0052,0.002704,0.006968
ZTF20acwqqjs,SN IIb,0.0079,15.2453,0.205176,0.372504,0.30876,0.10956,0.0,0.0,0.0,0.0,0.0,0.001296,0.000376,0.000248,0.000952,0.0006,0.000528
ZTF21aalimya,SN IIb,0.055,18.5915,0.11,0.328,0.32,0.242,0.0,0.0,0.0,0.0,0.0,0.0,0.0,0.0,0.0,0.0,0.0
ZTF21aanrhag,SN IIb,0.03972,18.7653,0.36,0.3,0.262,0.078,0.0,0.0,0.0,0.0,0.0,0.0,0.0,0.0,0.0,0.0,0.0
ZTF21aaoiaar,SN IIb,0.03,18.4863,0.388,0.41,0.162,0.04,0.0,0.0,0.0,0.0,0.0,0.0,0.0,0.0,0.0,0.0,0.0
ZTF21aaquyqa,SN IIb,0.029,18.5733,0.11856,0.409032,0.233168,0.22724,6e-05,0.000204,0.000648,0.00432,0.000768,0.001356,0.000444,0.000324,0.001848,0.001164,0.000864
ZTF21aaqvsvw,SN IIb,0.02664,17.366,0.30752,0.3472,0.251968,0.085312,0.0,3.2e-05,4.8e-05,0.003832,8.8e-05,0.000328,0.000368,0.000216,0.001864,0.000904,0.00032
ZTF21aastzsn,SN IIb,0.05103,18.0082,0.353424,0.220224,0.23088,0.083472,0.0013,0.002548,0.001768,0.017992,0.002392,0.034228,0.00602,0.003268,0.017028,0.01978,0.005676
ZTF21aaxxmvs,SN IIb,0.053,18.794,0.482064,0.312744,0.147408,0.053784,9.6e-05,0.000368,0.00048,0.000972,8.4e-05,0.000336,0.0003,9.2e-05,0.000356,0.00054,0.000376
ZTF21aayfnjz,SN IIb,0.023,17.1312,0.23952,0.487024,0.145708,0.125748,0.0,0.0,0.0,0.0,0.0,0.000496,0.000132,7.6e-05,0.000508,0.00052,0.000268
ZTF21abfjlxb,SN IIb,0.03984,18.5093,0.278052,0.212976,0.337212,0.15776,9.6e-05,0.000208,0.00036,0.003176,0.00016,0.00074,0.0011,0.00136,0.00378,0.0018,0.00122
ZTF21abfoace,SN IIb,0.03,18.5501,0.268,0.552,0.132,0.048,0.0,0.0,0.0,0.0,0.0,0.0,0.0,0.0,0.0,0.0,0.0
ZTF21abidrcn,SN IIb,0.058,18.1298,0.502,0.234,0.182,0.082,0.0,0.0,0.0,0.0,0.0,0.0,0.0,0.0,0.0,0.0,0.0
ZTF21abmxkcq,SN IIb,0.04148,18.3961,0.304612,0.206228,0.219472,0.215688,0.002496,0.008164,0.003068,0.00806,0.004212,0.001344,0.004424,0.004088,0.00532,0.00336,0.009464
ZTF21abnuldi,SN IIb,0.035,17.6037,0.442,0.308,0.164,0.086,0.0,0.0,0.0,0.0,0.0,0.0,0.0,0.0,0.0,0.0,0.0
ZTF21abotose,SN IIb,0.0412,18.5601,0.2869,0.2736,0.2109,0.1786,0.001012,0.004884,0.003124,0.01188,0.0011,0.001008,0.007896,0.004536,0.002744,0.003136,0.00868
ZTF21abrgbex,SN IIb,0.03234,18.302,0.322704,0.299376,0.1944,0.15552,0.000192,0.000224,0.0008,0.014464,0.00032,0.00024,0.001512,0.002592,0.005184,0.001224,0.001248
ZTF21abyqrli,SN IIb,0.02925,18.2042,0.306,0.588,0.07,0.036,0.0,0.0,0.0,0.0,0.0,0.0,0.0,0.0,0.0,0.0,0.0
ZTF21acizlcg,SN IIb,0.029,18.4857,0.222208,0.45632,0.146816,0.166656,0.00032,0.0004,0.000576,0.00408,0.002624,0.0,0.0,0.0,0.0,0.0,0.0
ZTF22aaecdin,SN IIb,0.03,18.0808,0.224,0.47,0.204,0.102,0.0,0.0,0.0,0.0,0.0,0.0,0.0,0.0,0.0,0.0,0.0
ZTF22aafrjnw,SN IIb,0.0192,17.8836,0.226,0.47,0.226,0.078,0.0,0.0,0.0,0.0,0.0,0.0,0.0,0.0,0.0,0.0,0.0
ZTF22aahgvlx,SN IIb,0.056,18.8759,0.4437,0.321436,0.12818,0.092684,4.8e-05,0.00016,0.000384,0.007056,0.000352,8.4e-05,0.000936,0.00096,0.002832,0.000828,0.00036
ZTF22aaotgrc,SN IIb,0.009,16.4819,0.064,0.192,0.566,0.178,0.0,0.0,0.0,0.0,0.0,0.0,0.0,0.0,0.0,0.0,0.0
ZTF22aasjwqv,SN IIb,0.0605,17.9901,0.444,0.212,0.2,0.144,0.0,0.0,0.0,0.0,0.0,0.0,0.0,0.0,0.0,0.0,0.0
ZTF22aawcmcr,SN IIb,0.019,17.8057,0.456,0.472,0.052,0.02,0.0,0.0,0.0,0.0,0.0,0.0,0.0,0.0,0.0,0.0,0.0
ZTF22aazuuin,SN IIb,0.019,17.0172,0.235144,0.468312,0.189696,0.094848,1.6e-05,4.8e-05,0.000272,0.0076,6.4e-05,0.001136,0.000352,0.000208,0.000912,0.000728,0.000664
ZTF22abbtzfm,SN IIb,0.01688,18.3057,0.18078,0.1179,0.311256,0.176064,0.002112,0.006952,0.003256,0.0286,0.00308,0.09146,0.00884,0.00986,0.02618,0.0272,0.00646
ZTF22abgibib,SN IIb,0.045,18.9995,0.423152,0.447104,0.077844,0.0499,0.000124,0.000196,0.000204,0.001208,0.000268,0.0,0.0,0.0,0.0,0.0,0.0
ZTF22ablvnwa,SN IIb,0.04522,18.0596,0.266392,0.419468,0.21868,0.08946,4.8e-05,8.8e-05,0.000192,0.001324,0.000348,0.000488,0.000808,0.000352,0.001192,0.000392,0.000768
ZTF22abnvncn,SN IIb,0.033,18.1236,0.26136,0.21582,0.30096,0.21186,3.2e-05,0.000112,0.000496,0.00728,8e-05,0.000376,0.000172,0.000144,0.000664,0.00042,0.000224
ZTF23aaawbsc,SN IIb,0.025,16.5243,0.154548,0.135468,0.179352,0.484632,3.2e-05,9.6e-05,0.000736,0.014976,0.00016,0.01092,0.00234,0.00114,0.00474,0.00648,0.00438
ZTF23aadtrws,SN IIb,0.0304,18.7976,0.374808,0.334236,0.166152,0.090804,0.001456,0.0013,0.003692,0.00936,0.010192,0.001424,0.00128,0.001296,0.002448,0.000688,0.000864
ZTF23aaesmsf,SN IIb,0.02,17.3152,0.138,0.286,0.396,0.18,0.0,0.0,0.0,0.0,0.0,0.0,0.0,0.0,0.0,0.0,0.0
ZTF23aaialcw,SN IIb,0.0346,18.3458,0.283392,0.379824,0.21648,0.104304,0.00048,0.00112,0.00126,0.0064,0.00074,9.6e-05,0.000864,0.000552,0.001848,0.001512,0.001128
ZTF23aazjwtl,SN IIb,0.035,18.3762,0.347304,0.443112,0.131736,0.075848,0.0,0.0,0.0,0.0,0.0,0.000216,0.000256,0.000192,0.000556,0.000488,0.000292
ZTF23abfpegt,SN IIb,0.04245,18.0529,0.484128,0.322752,0.135792,0.041328,2.4e-05,3.6e-05,0.000252,0.005568,0.00012,0.00062,0.00088,0.00102,0.0044,0.00214,0.00094
ZTF23abjrolf,SN IIb,0.027,18.1396,0.345308,0.477044,0.107784,0.067864,5.6e-05,0.000216,0.000372,0.00122,0.000136,0.0,0.0,0.0,0.0,0.0,0.0
ZTF23abobwsd,SN IIb,0.024,18.0426,0.483032,0.251496,0.195608,0.067864,4e-05,0.000104,0.000208,0.00154,0.000108,0.0,0.0,0.0,0.0,0.0,0.0
ZTF23abspaqj,SN IIb,0.02968,18.9667,0.07654,0.21004,0.43788,0.16554,0.00952,0.012376,0.012512,0.017952,0.01564,0.005628,0.0084,0.004368,0.008652,0.00378,0.011172
ZTF23abtdizt,SN IIb,0.02,17.3805,0.292032,0.305136,0.1872,0.151632,7.2e-05,3.6e-05,0.001116,0.01674,3.6e-05,0.005612,0.009476,0.003312,0.009936,0.009568,0.008096
ZTF24aahaanm,SN IIb,0.0444,18.5041,0.31744,0.281728,0.194432,0.1984,0.000112,0.000292,0.000204,0.00126,0.000132,0.000324,0.000684,0.000408,0.002652,0.001308,0.000624
ZTF24aaknlar,SN IIb,0.02563,17.9471,0.260952,0.296808,0.247008,0.191232,7.2e-05,0.000296,0.00072,0.002832,8e-05,0.0,0.0,0.0,0.0,0.0,0.0
ZTF24aaoosca,SN IIb,0.04,18.2861,0.19352,0.19516,0.28536,0.14596,0.00576,0.00888,0.0132,0.0516,0.04056,0.01848,0.00912,0.00408,0.0156,0.00576,0.00696
ZTF24abkbany,SN IIb,0.018,18.6012,0.25844,0.528808,0.145124,0.061628,0.0,0.0,0.0,0.0,0.0,0.000624,0.001416,0.000564,0.001344,0.000636,0.001416
ZTF24abzsuck,SN IIb,0.031,18.2711,0.2871,0.45342,0.15642,0.09306,0.0,0.0,0.0,0.0,0.0,0.00082,0.00198,0.0004,0.00222,0.00274,0.00184
ZTF25aagzocg,SN IIb,0.02834,18.145,0.38016,0.35244,0.17424,0.08316,0.000112,0.000368,0.000608,0.002552,0.00036,0.00042,0.001344,0.000156,0.000996,0.001692,0.001392
ZTF25aatclux,SN IIb,0.0544,17.7858,0.07488,0.147888,0.241488,0.471744,0.00128,0.001536,0.009536,0.017984,0.001664,0.007872,0.002368,0.001152,0.009664,0.006656,0.004288
ZTF25abogteg,SN IIb,0.022,18.8054,0.1924,0.13312,0.10712,0.08736,0.022184,0.03948,0.01692,0.07332,0.036096,0.00876,0.04672,0.044968,0.077088,0.073,0.041464
ZTF25abwjtwc,SN IIb,0.0123,16.0719,0.20708,0.10788,0.18848,0.11656,0.001792,0.003328,0.002432,0.051456,0.004992,0.12956,0.012008,0.026544,0.073312,0.05688,0.017696
ZTF25abwkieo,SN IIb,0.037,16.8316,0.226,0.286,0.332,0.156,0.0,0.0,0.0,0.0,0.0,0.0,0.0,0.0,0.0,0.0,0.0
ZTF25acctbaz,SN IIb,0.0116,17.3555,0.230724,0.228752,0.392428,0.134096,0.000108,0.000432,0.000744,0.003504,0.001212,0.000864,0.000832,0.000704,0.003232,0.001248,0.00112
ZTF25ackyfnb,SN IIb,0.00455,15.6483,0.39006,0.36828,0.14652,0.08514,0.0,0.0,0.0,0.0,0.0,0.00074,0.00126,0.00076,0.00372,0.00254,0.00098
ZTF18aadmssd,SN IIn,0.01885,16.5088,0.227424,0.21424,0.270272,0.112064,0.002968,0.047276,0.014416,0.003392,0.037948,0.03024,0.00434,0.00224,0.00588,0.01428,0.01302
ZTF18abltfho,SN IIn,0.055,18.3157,0.24,0.164,0.328,0.268,0.0,0.0,0.0,0.0,0.0,0.0,0.0,0.0,0.0,0.0,0.0
ZTF18acvgjqv,SN IIn,0.091,18.7073,0.02988,0.0498,0.414336,0.501984,0.000168,0.000248,0.000784,0.002624,0.000176,0.0,0.0,0.0,0.0,0.0,0.0
ZTF18aczuooo,SN IIn,0.094,18.8304,0.217116,0.242544,0.30318,0.21516,0.00052,0.0008,0.00094,0.00612,0.00162,0.002256,0.001728,0.001416,0.002784,0.001176,0.00264
ZTF18adbmrug,SN IIn,0.02396,17.8258,0.622,0.238,0.118,0.022,0.0,0.0,0.0,0.0,0.0,0.0,0.0,0.0,0.0,0.0,0.0
ZTF19aacjbsj,SN IIn,0.052,17.0831,0.042416,0.08676,0.399096,0.435728,6.4e-05,9.6e-05,0.001632,0.013856,0.000352,0.00668,0.0024,0.00132,0.0038,0.00296,0.00284
ZTF19aadgimr,SN IIn,0.035,16.3072,0.174,0.314,0.364,0.148,0.0,0.0,0.0,0.0,0.0,0.0,0.0,0.0,0.0,0.0,0.0
ZTF19aaksxgp,SN IIn,0.0467,18.7472,0.062,0.064,0.328,0.546,0.0,0.0,0.0,0.0,0.0,0.0,0.0,0.0,0.0,0.0,0.0
ZTF19aamkmxv,SN IIn,0.014,16.5433,0.149996,0.333108,0.35064,0.140256,8e-05,0.00038,0.000696,0.00034,0.000504,0.014256,0.001296,0.000288,0.000912,0.00384,0.003408
ZTF19aanfqug,SN IIn,0.046,18.9417,0.172304,0.129712,0.325248,0.340736,0.00528,0.006816,0.00264,0.005376,0.003888,0.000384,0.001328,0.001536,0.001808,0.000496,0.002448
ZTF19aanqzhm,SN IIn,0.049,18.61,0.291128,0.42416,0.167736,0.080976,0.00088,0.002772,0.003784,0.01254,0.002024,0.000784,0.005124,0.000952,0.001624,0.001512,0.004004
ZTF19aaozsuh,SN IIn,0.057,17.4162,0.272,0.212,0.366,0.15,0.0,0.0,0.0,0.0,0.0,0.0,0.0,0.0,0.0,0.0,0.0
ZTF19aapzbjr,SN IIn,0.0305,17.9907,0.025948,0.03992,0.285428,0.646704,2e-05,8.8e-05,0.000308,0.001528,5.6e-05,0.0,0.0,0.0,0.0,0.0,0.0
ZTF19aasekcx,SN IIn,0.118,18.8123,0.055888,0.097804,0.465068,0.37924,7.2e-05,8.4e-05,0.000532,0.001268,4.4e-05,0.0,0.0,0.0,0.0,0.0,0.0
ZTF19aavjukt,SN IIn,0.036,17.7584,0.09216,0.14016,0.36288,0.3648,0.001568,0.01148,0.00672,0.007,0.001232,0.003672,0.001008,0.00048,0.001248,0.002112,0.00348
ZTF19abdviwl,SN IIn,0.03,18.2743,0.105576,0.10956,0.32868,0.452184,3.2e-05,0.0001,0.00038,0.001448,4e-05,0.000396,0.000112,8.4e-05,0.000712,0.000376,0.00032
ZTF19abecaca,SN IIn,0.03241,16.4411,0.12974,0.211576,0.395208,0.261476,1.2e-05,8e-06,0.000108,0.001836,3.6e-05,0.0,0.0,0.0,0.0,0.0,0.0
ZTF19abgndlf,SN IIn,0.03,17.5937,0.462,0.258,0.222,0.058,0.0,0.0,0.0,0.0,0.0,0.0,0.0,0.0,0.0,0.0,0.0
ZTF19ablojrw,SN IIn,0.0488,18.6487,0.516,0.336,0.134,0.014,0.0,0.0,0.0,0.0,0.0,0.0,0.0,0.0,0.0,0.0,0.0
ZTF19abpidqn,SN IIn,0.01458,18.075,0.326624,0.262432,0.220896,0.134048,0.0006,0.00026,0.0005,0.00652,0.00212,0.00092,0.008372,0.013984,0.013616,0.001748,0.00736
ZTF19abstsvm,SN IIn,0.039,18.4741,0.147552,0.141984,0.218544,0.18792,0.012028,0.068676,0.044232,0.060528,0.008536,0.0242,0.01408,0.0077,0.00726,0.01496,0.0418
ZTF19abulzhy,SN IIn,0.1055,18.5752,0.17748,0.16762,0.37468,0.26622,0.00056,0.00336,0.002144,0.00176,0.000176,0.001572,0.00066,0.000192,0.000864,0.001236,0.001476
ZTF19acapech,SN IIn,0.075,18.1105,0.02862,0.118296,0.27666,0.530424,0.000884,0.00102,0.005712,0.024412,0.001972,0.004008,0.001032,0.000552,0.001992,0.002136,0.00228
ZTF19aceqlxc,SN IIn,0.06,17.1379,0.101088,0.08112,0.254592,0.1872,0.006612,0.018444,0.024708,0.116928,0.007308,0.04848,0.017776,0.013736,0.071508,0.031108,0.019392
ZTF19acftude,SN IIn,0.04,18.4897,0.078,0.066,0.266,0.59,0.0,0.0,0.0,0.0,0.0,0.0,0.0,0.0,0.0,0.0,0.0
ZTF19acukucu,SN IIn,0.064,18.7987,0.33858,0.18414,0.18612,0.28116,4.8e-05,0.000132,0.00036,0.005232,0.000228,0.000192,0.000624,0.000528,0.00136,0.000936,0.00036
ZTF19acyjviz,SN IIn,0.0216,17.6679,0.032,0.088,0.3,0.58,0.0,0.0,0.0,0.0,0.0,0.0,0.0,0.0,0.0,0.0,0.0
ZTF19acyjysk,SN IIn,0.06,17.501,0.064872,0.089676,0.341532,0.45792,0.0,0.000768,0.002592,0.020352,0.000288,0.005148,0.00264,0.002156,0.004796,0.003124,0.004136
ZTF19acyldun,SN IIn,0.05727,18.9038,0.207584,0.251496,0.321356,0.217564,0.0,0.0,0.0,0.0,0.0,0.000188,0.000248,0.000212,0.0008,0.000372,0.00018
ZTF19adannbl,SN IIn,0.048,17.9603,0.312,0.182,0.268,0.238,0.0,0.0,0.0,0.0,0.0,0.0,0.0,0.0,0.0,0.0,0.0
ZTF20aaaddgy,SN IIn,0.1029,18.8638,0.16286,0.151364,0.25866,0.385116,0.001144,0.002236,0.002964,0.017368,0.002288,0.001792,0.002848,0.001568,0.00416,0.002336,0.003296
ZTF20aacbyec,SN IIn,0.0362,17.0286,0.214452,0.401856,0.18354,0.166152,8e-05,0.00046,0.00164,0.00616,0.00166,0.00312,0.003504,0.001392,0.00744,0.004032,0.004512
ZTF20aadtarr,SN IIn,0.077,17.855,0.062848,0.082488,0.361376,0.475288,0.000128,0.000192,0.00096,0.006544,0.000176,0.00326,0.00082,0.00066,0.00244,0.00132,0.0015
ZTF20aadxrvb,SN IIn,0.081,18.3551,0.0998,0.093812,0.405188,0.3992,6e-05,0.000112,0.000376,0.001392,6e-05,0.0,0.0,0.0,0.0,0.0,0.0
ZTF20aadyyvk,SN IIn,0.0675,18.8477,0.062592,0.070416,0.219072,0.62592,0.000288,0.00056,0.001792,0.005088,0.000272,0.003136,0.001512,0.001176,0.003668,0.0021,0.002408
ZTF20aamrreb,SN IIn,0.023,18.3491,0.043684,0.043684,0.119968,0.118664,0.054808,0.060112,0.049504,0.109616,0.16796,0.017168,0.034336,0.038976,0.043152,0.018096,0.080272
ZTF20aattztb,SN IIn,0.1116,18.6918,0.034776,0.092736,0.34776,0.490728,0.00108,0.003852,0.007128,0.005328,0.000612,0.003936,0.002304,0.000288,0.001536,0.00208,0.005856
ZTF20aaurfwa,SN IIn,0.0935,17.4332,0.034848,0.129712,0.49368,0.30976,0.000736,0.005696,0.006752,0.00208,0.000736,0.005888,0.002144,0.000384,0.00096,0.002112,0.004512
ZTF20aavhixe,SN IIn,0.051,17.8205,0.12,0.122,0.502,0.256,0.0,0.0,0.0,0.0,0.0,0.0,0.0,0.0,0.0,0.0,0.0
ZTF20aawijco,SN IIn,0.02485,18.3969,0.063744,0.1494,0.503976,0.27888,0.000128,0.000632,0.000912,0.00096,0.001368,0.0,0.0,0.0,0.0,0.0,0.0
ZTF20abonvte,SN IIn,0.053,18.2036,0.188,0.12,0.232,0.46,0.0,0.0,0.0,0.0,0.0,0.0,0.0,0.0,0.0,0.0,0.0
ZTF20abpmqnr,SN IIn,0.022,16.0657,0.254976,0.330672,0.262944,0.147408,0.0,0.0,0.0,0.0,0.0,0.001584,0.000384,0.0002,0.000592,0.000656,0.000584
ZTF20abqgbum,SN IIn,0.068,18.6513,0.341736,0.161048,0.28478,0.194436,4.8e-05,8.4e-05,0.000348,0.005412,0.000108,0.000408,0.001176,0.0012,0.00552,0.002616,0.00108
ZTF20abtjjhb,SN IIn,0.064,18.4406,0.133824,0.116112,0.40344,0.330624,0.0003,0.0003,0.00168,0.00736,0.00036,0.001152,0.000468,0.000456,0.00192,0.001188,0.000816
ZTF20abyxjvm,SN IIn,0.079,18.8229,0.075192,0.071336,0.374032,0.44344,0.002128,0.0084,0.007952,0.008456,0.001064,0.001744,0.00104,0.000272,0.001616,0.00144,0.001888
ZTF20abzjoxd,SN IIn,0.0577,18.9066,0.184,0.126,0.29,0.4,0.0,0.0,0.0,0.0,0.0,0.0,0.0,0.0,0.0,0.0,0.0
ZTF20acbekkx,SN IIn,0.087,18.8416,0.12974,0.107784,0.253492,0.506984,3.6e-05,3.2e-05,0.000208,0.00158,0.000144,0.0,0.0,0.0,0.0,0.0,0.0
ZTF20achjwqt,SN IIn,0.119,18.7149,0.181888,0.155904,0.326656,0.263552,0.00078,0.00048,0.00318,0.009,0.01656,0.0168,0.004536,0.001932,0.009156,0.005628,0.003948
ZTF20acklcyp,SN IIn,0.0415,17.4871,0.065088,0.175376,0.403184,0.260352,0.00408,0.005168,0.013464,0.013736,0.031552,0.00672,0.005488,0.00084,0.004312,0.002296,0.008344
ZTF20aclkvjy,SN IIn,0.075,18.5496,0.423152,0.17964,0.203592,0.191616,0.0,0.0,0.0,0.0,0.0,0.000212,0.000268,0.00028,0.00074,0.000324,0.000176
ZTF20acqgklx,SN IIn,0.14,18.6582,0.03848,0.121212,0.371332,0.430976,0.00096,0.001824,0.006768,0.011952,0.002496,0.002856,0.00182,0.000812,0.003332,0.001568,0.003612
ZTF20acqqdkl,SN IIn,0.078,18.4125,0.042152,0.139868,0.273988,0.501992,0.000884,0.000468,0.0039,0.019708,0.00104,0.004288,0.001664,0.000704,0.004864,0.002272,0.002208
ZTF20actkulc,SN IIn,0.0757,18.226,0.072372,0.164304,0.42054,0.320784,0.00032,0.00048,0.002528,0.011872,0.0008,0.001836,0.000384,0.000312,0.00156,0.000972,0.000936
ZTF20acveyyv,SN IIn,0.193,18.1329,0.066,0.112,0.49,0.332,0.0,0.0,0.0,0.0,0.0,0.0,0.0,0.0,0.0,0.0,0.0
ZTF20acwobku,SN IIn,0.035,17.9577,0.279424,0.237888,0.30208,0.124608,5.2e-05,0.0,0.000208,0.025584,0.000156,0.00066,0.00468,0.00504,0.015,0.00246,0.00216
ZTF21aagnqnz,SN IIn,0.0339,17.0148,0.141328,0.172304,0.371712,0.282656,4e-05,8e-05,0.00064,0.00906,0.00018,0.006072,0.003168,0.00176,0.004532,0.003124,0.003344
ZTF21aahfjrr,SN IIn,0.194,18.8085,0.03536,0.074256,0.199784,0.5746,0.00588,0.022148,0.039592,0.027832,0.002548,0.00792,0.0009,0.000324,0.001548,0.004176,0.003132
ZTF21aakupth,SN IIn,0.023,18.46,0.1497,0.397204,0.3493,0.101796,0.0,0.0,0.0,0.0,0.0,0.000616,0.000172,0.000104,0.000392,0.000344,0.000372
ZTF21aaoqbbw,SN IIn,0.05016,18.3788,0.084,0.11,0.376,0.43,0.0,0.0,0.0,0.0,0.0,0.0,0.0,0.0,0.0,0.0,0.0
ZTF21aaowaxx,SN IIn,0.068,18.3443,0.07954,0.17654,0.46754,0.24638,0.000624,0.001508,0.006656,0.016536,0.000676,0.0012,0.000376,0.00012,0.000832,0.000736,0.000736
ZTF21aappkns,SN IIn,0.0424,18.671,0.122,0.182,0.33,0.366,0.0,0.0,0.0,0.0,0.0,0.0,0.0,0.0,0.0,0.0,0.0
ZTF21aaqhqke,SN IIn,0.075,17.6281,0.058032,0.228384,0.35568,0.293904,0.001152,0.003136,0.011968,0.014272,0.001472,0.007616,0.003584,0.000512,0.003584,0.0096,0.007104
ZTF21aaradzm,SN IIn,0.03,18.0112,0.041748,0.097412,0.316092,0.538748,0.0,0.0,0.0,0.0,0.0,0.00144,0.000432,0.000336,0.001308,0.001656,0.000828
ZTF21aarcobt,SN IIn,0.054,18.4208,0.154,0.176,0.436,0.234,0.0,0.0,0.0,0.0,0.0,0.0,0.0,0.0,0.0,0.0,0.0
ZTF21aautijg,SN IIn,0.106,18.8694,0.02178,0.06336,0.30294,0.60192,0.000252,0.000396,0.001572,0.003588,0.000192,0.000928,0.000432,0.00036,0.001016,0.00052,0.000744
ZTF21aavuqzr,SN IIn,0.1013,18.0428,0.015936,0.185256,0.193224,0.601584,4.8e-05,5.6e-05,0.000276,0.001532,8.8e-05,0.000728,0.000152,8e-05,0.000352,0.000384,0.000304
ZTF21aaxtije,SN IIn,0.051,17.8996,0.055936,0.127604,0.347852,0.342608,0.00774,0.02666,0.01892,0.029068,0.003612,0.00696,0.00336,0.0036,0.01144,0.00624,0.0084
ZTF21aaydxoo,SN IIn,0.02175,16.8837,0.282,0.474,0.182,0.062,0.0,0.0,0.0,0.0,0.0,0.0,0.0,0.0,0.0,0.0,0.0
ZTF21aaygmrl,SN IIn,0.025,17.9191,0.064,0.112,0.17,0.654,0.0,0.0,0.0,0.0,0.0,0.0,0.0,0.0,0.0,0.0,0.0
ZTF21aazgkjf,SN IIn,0.142,18.882,0.023488,0.083676,0.27158,0.355256,0.008736,0.048984,0.053664,0.036816,0.0078,0.03322,0.01738,0.00176,0.00704,0.01562,0.03498
ZTF21abccdld,SN IIn,0.03501,17.0716,0.118888,0.068376,0.07084,0.049896,0.0585,0.2601,0.0342,0.0432,0.054,0.055176,0.035816,0.020812,0.015488,0.041624,0.073084
ZTF21abebgfr,SN IIn,0.08545,18.0316,0.19788,0.39382,0.1843,0.194,0.00242,0.00154,0.002464,0.009944,0.005632,0.000608,0.002368,0.001072,0.00184,0.000624,0.001488
ZTF21abghumo,SN IIn,0.055,17.8026,0.06986,0.147704,0.211576,0.56886,2.4e-05,5.2e-05,0.000204,0.00168,4e-05,0.0,0.0,0.0,0.0,0.0,0.0
ZTF21abgjldn,SN IIn,0.041,17.045,0.112752,0.2916,0.219672,0.347976,0.000448,0.000512,0.002368,0.011264,0.001408,0.003408,0.00132,0.000816,0.002928,0.00192,0.001608
ZTF21abhibro,SN IIn,0.057,17.3197,0.0499,0.173652,0.493012,0.281436,7.6e-05,0.000144,0.000556,0.000872,0.000352,0.0,0.0,0.0,0.0,0.0,0.0
ZTF21abhqqfa,SN IIn,0.029,18.2962,0.336648,0.314736,0.260952,0.083664,2.4e-05,6.4e-05,0.000304,0.003448,0.00016,0.0,0.0,0.0,0.0,0.0,0.0
ZTF21abjhiqp,SN IIn,0.069,18.7245,0.067032,0.05292,0.169344,0.592704,0.004508,0.0147,0.038808,0.036064,0.00392,0.00692,0.00132,0.00068,0.0028,0.00456,0.00372
ZTF21abpmlxu,SN IIn,0.054,17.394,0.01782,0.07326,0.36432,0.5346,4e-05,0.000108,0.000432,0.001304,0.000116,0.00224,0.000816,0.000544,0.001904,0.001248,0.001248
ZTF21abpxquj,SN IIn,0.01288,15.9679,0.27522,0.27324,0.19206,0.24948,6e-05,3.6e-05,0.000432,0.005352,0.00012,0.001584,0.000424,0.00016,0.000584,0.000648,0.0006
ZTF21abtorlk,SN IIn,0.031,18.2228,0.063872,0.095808,0.38922,0.4491,8e-05,0.000132,0.000416,0.001292,8e-05,0.0,0.0,0.0,0.0,0.0,0.0
ZTF21abujgmr,SN IIn,0.048,18.4207,0.201552,0.284544,0.27664,0.225264,0.000576,0.005784,0.003096,0.002256,0.000288,0.0,0.0,0.0,0.0,0.0,0.0
ZTF21abxlmuw,SN IIn,0.055,17.7865,0.113088,0.102144,0.207936,0.488832,0.001276,0.00348,0.015312,0.035496,0.002436,0.00882,0.00288,0.00156,0.00516,0.00654,0.00504
ZTF21accgsbf,SN IIn,0.093,17.6493,0.05964,0.131208,0.389648,0.413504,0.000336,0.000708,0.002772,0.001944,0.00024,0.0,0.0,0.0,0.0,0.0,0.0
ZTF21acckcni,SN IIn,0.04329,16.857,0.184632,0.184632,0.359844,0.212892,0.0006,0.0009,0.00246,0.02118,0.00486,0.011648,0.002968,0.001792,0.005544,0.00308,0.002968
ZTF22aadesjc,SN IIn,0.1035,18.3595,0.02236,0.06364,0.1892,0.5848,0.003108,0.0074,0.03256,0.027824,0.003108,0.015444,0.007656,0.002376,0.011748,0.01584,0.012936
ZTF22aaetqzk,SN IIn,0.089,18.2369,0.034888,0.036668,0.061588,0.044856,0.114256,0.475552,0.080288,0.012352,0.089552,0.0221,0.0063,0.002,0.0035,0.0022,0.0139
ZTF22aafnzvd,SN IIn,0.054,17.9504,0.264,0.348,0.246,0.142,0.0,0.0,0.0,0.0,0.0,0.0,0.0,0.0,0.0,0.0,0.0
ZTF22aagvtzz,SN IIn,0.018,16.6656,0.21,0.178,0.336,0.276,0.0,0.0,0.0,0.0,0.0,0.0,0.0,0.0,0.0,0.0,0.0
ZTF22aagvxjc,SN IIn,0.025,18.0487,0.088,0.09,0.358,0.464,0.0,0.0,0.0,0.0,0.0,0.0,0.0,0.0,0.0,0.0,0.0
ZTF22aahedwz,SN IIn,0.067,18.1524,0.493012,0.21956,0.187624,0.097804,2e-05,4.8e-05,0.000124,0.00176,4.8e-05,0.0,0.0,0.0,0.0,0.0,0.0
ZTF22aajcupz,SN IIn,0.0748,18.3685,0.12672,0.0891,0.2475,0.52668,0.000108,0.000156,0.000708,0.004908,0.00012,0.000976,0.000456,0.00028,0.000984,0.000512,0.000792
ZTF22aanesux,SN IIn,0.0745,18.5669,0.100064,0.181248,0.390816,0.271872,0.004256,0.005092,0.006308,0.010716,0.011628,0.003708,0.003132,0.001836,0.003528,0.002088,0.003708
ZTF22aanjyae,SN IIn,0.068,18.6385,0.064812,0.168904,0.447792,0.300492,0.0002,0.00042,0.00228,0.0065,0.0006,0.001824,0.00104,0.00056,0.002224,0.00104,0.001312
ZTF22aanwibf,SN IIn,0.038,15.8514,0.086856,0.1848,0.28644,0.365904,0.000228,0.000684,0.002508,0.03382,0.00076,0.012084,0.002888,0.0019,0.010032,0.0057,0.005396
ZTF22aaohilj,SN IIn,0.0371,18.7594,0.033796,0.103376,0.302176,0.554652,8e-05,0.000136,0.000404,0.00128,0.0001,0.000816,0.000464,0.000336,0.001016,0.000648,0.00072
ZTF22aapkbkl,SN IIn,0.134,18.5102,0.00996,0.0913,0.1743,0.55444,0.003648,0.018696,0.047196,0.038988,0.005472,0.020384,0.005376,0.000224,0.003136,0.013776,0.013104
ZTF22aapmawo,SN IIn,0.106,18.9772,0.557136,0.259488,0.087768,0.049608,0.000648,0.000432,0.00108,0.014796,0.001044,0.00028,0.00532,0.007,0.009744,0.00252,0.003136
ZTF22aarrawv,SN IIn,0.03,18.3321,0.042,0.144,0.24,0.574,0.0,0.0,0.0,0.0,0.0,0.0,0.0,0.0,0.0,0.0,0.0
ZTF22aasoali,SN IIn,0.118,18.9111,0.023424,0.072224,0.314272,0.56608,0.000756,0.001152,0.004032,0.01116,0.0009,0.001608,0.0006,0.000408,0.0015,0.000876,0.001008
ZTF22aatfjcy,SN IIn,0.066,18.1123,0.101796,0.131736,0.499,0.265468,5.2e-05,5.6e-05,0.000256,0.001552,8.4e-05,0.0,0.0,0.0,0.0,0.0,0.0
ZTF22aawfeov,SN IIn,0.06,18.6942,0.0686,0.10388,0.29988,0.50764,0.000624,0.002208,0.0048,0.003672,0.000696,0.001632,0.001152,0.00032,0.001664,0.00152,0.001712
ZTF22aazbxmi,SN IIn,0.058,18.3601,0.232,0.236,0.192,0.34,0.0,0.0,0.0,0.0,0.0,0.0,0.0,0.0,0.0,0.0,0.0
ZTF22abeyzcl,SN IIn,0.052,17.9542,0.428,0.296,0.166,0.11,0.0,0.0,0.0,0.0,0.0,0.0,0.0,0.0,0.0,0.0,0.0
ZTF22abfnfud,SN IIn,0.034,17.8403,0.064,0.142,0.362,0.432,0.0,0.0,0.0,0.0,0.0,0.0,0.0,0.0,0.0,0.0,0.0
ZTF22abfyvhf,SN IIn,0.079,18.514,0.354576,0.296808,0.25896,0.085656,4e-06,2.4e-05,8e-05,0.001852,4e-05,0.0003,0.00018,0.000176,0.000716,0.000368,0.00026
ZTF22abghrui,SN IIn,0.1968,18.9643,0.011424,0.029988,0.209916,0.462672,0.02088,0.018,0.04284,0.09,0.00828,0.017384,0.016536,0.007844,0.029892,0.010388,0.023956
ZTF22abizuah,SN IIn,0.0935,18.329,0.03224,0.06812,0.08216,0.07748,0.038232,0.46728,0.158592,0.001416,0.04248,0.005632,0.00512,0.000896,0.001536,0.004416,0.0144
ZTF22abqseiq,SN IIn,0.028,17.5554,0.332,0.304,0.188,0.176,0.0,0.0,0.0,0.0,0.0,0.0,0.0,0.0,0.0,0.0,0.0
ZTF22abtcpig,SN IIn,0.063,18.2648,0.050464,0.150064,0.282864,0.180608,0.02304,0.036,0.03648,0.05088,0.0936,0.00768,0.019392,0.007488,0.02016,0.008832,0.032448
ZTF22abtsypf,SN IIn,0.135,18.1418,0.02688,0.06144,0.29952,0.57216,0.000816,0.001344,0.005616,0.014976,0.001248,0.004928,0.001824,0.000928,0.00368,0.002112,0.002528
ZTF23aaabzea,SN IIn,0.105,18.7972,0.012524,0.018584,0.073528,0.097364,0.020928,0.24852,0.370164,0.00654,0.007848,0.018144,0.018432,0.004032,0.008064,0.016704,0.078624
ZTF23aaarwbd,SN IIn,0.05,17.983,0.36926,0.185628,0.23952,0.203592,1.2e-05,3.2e-05,0.000164,0.001764,2.8e-05,0.0,0.0,0.0,0.0,0.0,0.0
ZTF23aablgzj,SN IIn,0.01360,17.2421,0.203008,0.327936,0.32208,0.122976,4.4e-05,8e-05,0.000164,0.001508,0.000204,0.004928,0.003388,0.002552,0.004444,0.001804,0.004884
ZTF23aadtvmb,SN IIn,0.148,18.9549,0.01218,0.028536,0.07134,0.061944,0.017248,0.68208,0.075264,0.006272,0.003136,0.009828,0.006048,0.000672,0.00126,0.00378,0.020412
ZTF23aaecexq,SN IIn,0.067,18.8601,0.067864,0.105788,0.38922,0.435128,0.0,0.0,0.0,0.0,0.0,0.000584,0.000172,0.000148,0.000532,0.000292,0.000272
ZTF23aajjzbm,SN IIn,0.0198,16.7596,0.083832,0.097804,0.21956,0.596804,0.0,2e-05,0.00012,0.001804,5.6e-05,0.0,0.0,0.0,0.0,0.0,0.0
ZTF23aajkisd,SN IIn,0.029,18.4563,0.076596,0.121768,0.190508,0.593128,0.00044,0.00136,0.00274,0.00484,0.00062,0.001744,0.000768,0.000608,0.001712,0.001632,0.001536
ZTF23aalgqsq,SN IIn,0.054,17.1546,0.13206,0.16472,0.23714,0.17608,0.016896,0.025344,0.021504,0.020736,0.10752,0.012152,0.01666,0.012348,0.027048,0.010976,0.018816
ZTF23aansdlc,SN IIn,0.05466,18.4225,0.441116,0.231536,0.161676,0.163672,0.0,0.0,0.0,0.0,0.0,0.000232,0.000192,0.000196,0.000836,0.00034,0.000204
ZTF23aapsuva,SN IIn,0.095,18.7548,0.031296,0.072372,0.326652,0.54768,0.000504,0.000672,0.0036,0.0066,0.000624,0.0022,0.00126,0.00072,0.00276,0.00156,0.0015
ZTF23aaquolj,SN IIn,0.04206,18.399,0.132,0.1,0.334,0.434,0.0,0.0,0.0,0.0,0.0,0.0,0.0,0.0,0.0,0.0,0.0
ZTF23aatdcey,SN IIn,0.06918,17.6949,0.063872,0.15968,0.353292,0.421156,4e-05,0.000108,0.00036,0.001388,0.000104,0.0,0.0,0.0,0.0,0.0,0.0
ZTF23aavmthe,SN IIn,0.0834,18.4521,0.004608,0.013248,0.042624,0.03552,0.027968,0.676476,0.127604,0.0,0.041952,0.00816,0.00342,0.00048,0.0009,0.00198,0.01506
ZTF23aavtugd,SN IIn,0.083,18.83,0.067404,0.141384,0.300852,0.31236,0.00408,0.029376,0.07752,0.017952,0.007072,0.016884,0.003444,0.000756,0.004368,0.007476,0.009072
ZTF23aavvckk,SN IIn,0.09,17.8595,0.033184,0.10736,0.413824,0.421632,7.2e-05,0.000192,0.000736,0.002768,0.000232,0.00524,0.00152,0.00136,0.00584,0.0034,0.00264
ZTF23aaxldkr,SN IIn,0.111,18.6296,0.222,0.112,0.266,0.4,0.0,0.0,0.0,0.0,0.0,0.0,0.0,0.0,0.0,0.0,0.0
ZTF23abfglcy,SN IIn,0.037,18.55,0.34,0.4,0.194,0.066,0.0,0.0,0.0,0.0,0.0,0.0,0.0,0.0,0.0,0.0,0.0
ZTF23abgnxri,SN IIn,0.0877,17.9874,0.131328,0.202176,0.32832,0.202176,0.01062,0.018,0.01818,0.02088,0.02232,0.014168,0.00644,0.002852,0.010948,0.003404,0.008188
ZTF23abjhwem,SN IIn,0.06,16.514,0.112176,0.220416,0.301104,0.350304,2.4e-05,7.2e-05,0.000456,0.005352,9.6e-05,0.0026,0.001,0.00078,0.00256,0.00156,0.0015
ZTF23abjikaf,SN IIn,0.033,18.1848,0.41778,0.24552,0.16434,0.16236,0.000132,0.00018,0.000456,0.004908,0.000324,0.000144,0.000568,0.000528,0.001552,0.000712,0.000496
ZTF23abjvuwc,SN IIn,0.06,18.2065,0.129712,0.226512,0.375584,0.236192,0.000468,0.000828,0.003384,0.012456,0.000864,0.002856,0.001932,0.000924,0.004144,0.001848,0.002296
ZTF23absdibx,SN IIn,0.047,18.8643,0.078,0.052,0.252,0.618,0.0,0.0,0.0,0.0,0.0,0.0,0.0,0.0,0.0,0.0,0.0
ZTF24aaabljq,SN IIn,0.021,15.5811,0.080196,0.181908,0.385332,0.330564,0.00014,0.000168,0.00154,0.011816,0.000336,0.002848,0.000992,0.0004,0.00144,0.001088,0.001232
ZTF24aafqxmg,SN IIn,0.1,18.4303,0.101184,0.113088,0.202368,0.57536,3.2e-05,9.6e-05,0.000336,0.003432,0.000104,0.00056,0.000576,0.00052,0.00132,0.00048,0.000544
ZTF24aahdfdo,SN IIn,0.0873,18.3506,0.03312,0.08496,0.39024,0.21168,0.010488,0.160512,0.039216,0.010944,0.00684,0.014144,0.008008,0.000832,0.001976,0.006448,0.020592
ZTF24aaifila,SN IIn,0.114,17.9144,0.043516,0.096492,0.357588,0.448404,0.00138,0.0054,0.00822,0.01398,0.00102,0.004128,0.004272,0.002448,0.005136,0.002352,0.005664
ZTF24aaisnlp,SN IIn,0.0517,17.4369,0.056956,0.113912,0.483144,0.327988,0.000756,0.002688,0.004396,0.0056,0.00056,0.000832,0.000496,0.000264,0.000928,0.000536,0.000944
ZTF24aaleeji,SN IIn,0.016,17.2885,0.348552,0.17766,0.182736,0.137052,0.00276,0.00768,0.00264,0.04332,0.0036,0.030644,0.007708,0.007896,0.024064,0.019176,0.004512
ZTF24aatjphv,SN IIn,0.0655,18.4668,0.156348,0.117564,0.176952,0.155136,0.007424,0.027136,0.0128,0.072192,0.008448,0.133532,0.01862,0.01064,0.046284,0.043624,0.0133
ZTF24aayqrow,SN IIn,0.144,18.6105,0.01352,0.08788,0.254176,0.320424,0.012168,0.0351,0.0936,0.080028,0.013104,0.03582,0.0072,0.00126,0.0117,0.01566,0.01836
ZTF24abkpuna,SN IIn,0.01789,17.5798,0.155648,0.083968,0.157696,0.114688,0.022352,0.067564,0.019812,0.105156,0.039116,0.05382,0.029484,0.039312,0.025272,0.031356,0.054756
ZTF24abpiwwi,SN IIn,0.155,18.5526,0.091264,0.126976,0.325376,0.448384,3.6e-05,6.4e-05,0.000316,0.00152,6.4e-05,0.001812,0.000516,0.000372,0.001692,0.000804,0.000804
ZTF24abrumcf,SN IIn,0.1045,18.7557,0.175448,0.080012,0.119536,0.107004,0.019,0.146,0.0275,0.026,0.0315,0.118992,0.01876,0.013936,0.023048,0.054672,0.038592
ZTF24abuvlqg,SN IIn,0.09,18.6969,0.032256,0.052992,0.251136,0.239616,0.021888,0.052288,0.113696,0.088768,0.02736,0.02112,0.02856,0.00288,0.00864,0.0144,0.0444
ZTF24abxpkhb,SN IIn,0.017,15.5215,0.387156,0.19274,0.15922,0.098884,0.000432,0.002376,0.00072,0.0288,0.003672,0.012852,0.009072,0.01008,0.04158,0.046872,0.005544
ZTF25aafofmu,SN IIn,0.0637,17.1362,0.27864,0.20898,0.18306,0.13932,0.00666,0.05058,0.01332,0.01494,0.0045,0.0306,0.0108,0.0058,0.0186,0.0174,0.0168
ZTF25aagbrpb,SN IIn,0.0675,18.2857,0.06902,0.092684,0.431868,0.392428,0.00018,0.00038,0.00194,0.00734,0.00016,0.001184,0.000344,0.000208,0.001136,0.000528,0.0006
ZTF25aagtjfn,SN IIn,0.075,17.4801,0.056376,0.1458,0.365472,0.404352,0.000312,0.00036,0.002232,0.008736,0.00036,0.004064,0.00144,0.000768,0.005152,0.002624,0.001952
ZTF25aapsisw,SN IIn,0.11763,17.9729,0.04944,0.10712,0.392224,0.275216,0.007632,0.016324,0.033496,0.034344,0.014204,0.00854,0.01386,0.00588,0.01134,0.00546,0.02492
ZTF25aaqqfkv,SN IIn,0.02358,18.798,0.13456,0.09744,0.16472,0.18328,0.0049,0.018032,0.00686,0.054488,0.01372,0.117208,0.027692,0.033488,0.073416,0.050876,0.01932
ZTF25abbzfjz,SN IIn,0.03234,18.1125,0.090712,0.110432,0.356932,0.427924,0.000272,0.000512,0.001632,0.005296,0.000288,0.001476,0.000408,0.000444,0.001752,0.001044,0.000876
ZTF25abcznka,SN IIn,0.129,18.3366,0.071856,0.103792,0.2994,0.522952,5.2e-05,0.000116,0.000352,0.001372,0.000108,0.0,0.0,0.0,0.0,0.0,0.0
ZTF25abgvdwu,SN IIn,0.0162,17.8288,0.23622,0.17298,0.22692,0.29388,8e-05,0.00032,0.00112,0.03712,0.00136,0.00162,0.0033,0.00306,0.01284,0.00612,0.00306
ZTF25abjjlgl,SN IIn,0.01874,16.7931,0.2952,0.2034,0.2754,0.126,0.0006,0.0015,0.0023,0.0336,0.012,0.0186,0.0063,0.0036,0.0115,0.006,0.004
ZTF25abpzwne,SN IIn,0.0379,17.9539,0.23652,0.2511,0.21384,0.10854,0.004256,0.003496,0.008512,0.025992,0.033744,0.02052,0.019152,0.015732,0.027132,0.01254,0.018924
ZTF25abxqslz,SN IIn,0.035,18.0488,0.211408,0.120184,0.212856,0.179552,0.0024,0.00396,0.0036,0.04296,0.00708,0.101088,0.013392,0.01512,0.038016,0.037584,0.0108
ZTF25acgorke,SN IIn,0.096,18.2406,0.15642,0.15444,0.26928,0.40986,0.000304,0.000784,0.001392,0.004752,0.000768,0.000168,0.000344,0.000252,0.000504,0.0003,0.000432
ZTF18aapifti,SN IIP,0.0216,18.5164,0.025576,0.018032,0.023,0.025392,0.260192,0.312832,0.051136,0.103776,0.024064,0.018096,0.031512,0.026832,0.033696,0.016536,0.029328
ZTF18aaszvfn,SN IIP,0.02690,18.56,0.196,0.114,0.396,0.294,0.0,0.0,0.0,0.0,0.0,0.0,0.0,0.0,0.0,0.0,0.0
ZTF18aatlfus,SN IIP,0.0451,18.3244,0.09396,0.15876,0.19548,0.0918,0.014208,0.043512,0.029748,0.098124,0.036408,0.008092,0.065688,0.04522,0.053788,0.010948,0.054264
ZTF18abcfdzu,SN IIP,0.125,18.7639,0.08536,0.1843,0.38218,0.31816,0.000616,0.001204,0.005236,0.006132,0.000812,0.003264,0.002688,0.001248,0.003648,0.002208,0.002944
ZTF18abckutn,SN IIP,0.0401,18.9885,0.1497,0.173652,0.431136,0.243512,0.0,0.0,0.0,0.0,0.0,0.000404,0.000212,0.000132,0.000796,0.00018,0.000276
ZTF18abcpmwh,SN IIP,0.01543,16.691,0.19008,0.23166,0.38214,0.18612,9.6e-05,0.000168,0.000504,0.005088,0.000144,0.001248,0.000432,0.0004,0.000752,0.000616,0.000552
ZTF18abfzixe,SN IIP,0.034,18.778,0.059832,0.113016,0.207196,0.173956,0.01476,0.054,0.03384,0.05328,0.02412,0.035644,0.051072,0.011172,0.038304,0.050008,0.0798
ZTF18abrlljc,SN IIP,0.05,18.282,0.318,0.164,0.286,0.232,0.0,0.0,0.0,0.0,0.0,0.0,0.0,0.0,0.0,0.0,0.0
ZTF18acbwasc,SN IIP,0.02,17.6647,0.12834,0.13392,0.43152,0.23622,0.002064,0.001728,0.00384,0.007248,0.00912,0.012144,0.006624,0.004692,0.011592,0.002852,0.008096
ZTF18accnmri,SN IIP,0.01969,18.2249,0.05454,0.036764,0.058984,0.051712,0.078492,0.096216,0.035448,0.183992,0.027852,0.10904,0.017296,0.040608,0.092496,0.070688,0.045872
ZTF18adowxvg,SN IIP,0.01376,17.0292,0.062872,0.100812,0.26558,0.112736,0.006816,0.194824,0.05396,0.003408,0.024992,0.057768,0.016704,0.003132,0.005568,0.01914,0.071688
ZTF19aadnxog,SN IIP,0.02014,16.6877,0.15904,0.216692,0.461216,0.157052,1.6e-05,3.2e-05,0.000224,0.003616,0.000112,0.00072,0.000212,0.000144,0.000344,0.000248,0.000332
ZTF19aauqwna,SN IIP,0.041,18.5174,0.1,0.282,0.468,0.15,0.0,0.0,0.0,0.0,0.0,0.0,0.0,0.0,0.0,0.0,0.0
ZTF19aavbkly,SN IIP,0.0407,18.9067,0.158,0.152,0.494,0.196,0.0,0.0,0.0,0.0,0.0,0.0,0.0,0.0,0.0,0.0,0.0
ZTF19aavjzrz,SN IIP,0.018,17.8238,0.021424,0.030076,0.087344,0.067156,0.049536,0.014448,0.034056,0.101136,0.316824,0.051152,0.045592,0.023908,0.070056,0.035584,0.051708
ZTF19aavkptg,SN IIP,0.03787,18.872,0.181272,0.155376,0.400392,0.25896,0.00048,0.000608,0.000536,0.002256,0.00012,0.0,0.0,0.0,0.0,0.0,0.0
ZTF19abiahko,SN IIP,0.023,18.7106,0.094,0.248,0.45,0.208,0.0,0.0,0.0,0.0,0.0,0.0,0.0,0.0,0.0,0.0,0.0
ZTF19abqyoxj,SN IIP,0.0379,18.266,0.065472,0.160704,0.492032,0.273792,0.000408,0.002856,0.001272,0.000996,0.000468,0.000644,0.000248,4.4e-05,6.8e-05,0.00024,0.000756
ZTF19abrtjsf,SN IIP,0.05374,18.3471,0.436,0.334,0.166,0.064,0.0,0.0,0.0,0.0,0.0,0.0,0.0,0.0,0.0,0.0,0.0
ZTF19abtslqm,SN IIP,0.0319,17.9135,0.278,0.262,0.288,0.172,0.0,0.0,0.0,0.0,0.0,0.0,0.0,0.0,0.0,0.0,0.0
ZTF19abzgdfu,SN IIP,0.033,18.7394,0.159408,0.37392,0.279456,0.171216,0.000832,0.00072,0.001168,0.003328,0.001952,0.000864,0.00176,0.001088,0.001504,0.000592,0.002192
ZTF19acbhvgi,SN IIP,0.031,18.2917,0.04944,0.04944,0.353496,0.165624,0.00418,0.0114,0.03458,0.13642,0.00342,0.062592,0.02688,0.011136,0.032256,0.025728,0.033408
ZTF19aceckht,SN IIP,0.02,18.3696,0.136896,0.184512,0.438464,0.232128,0.0,0.0,0.0,0.0,0.0,0.000816,0.001936,0.001408,0.001488,0.000464,0.001888
ZTF19acftfav,SN IIP,0.013,17.4791,0.052,0.144,0.62,0.184,0.0,0.0,0.0,0.0,0.0,0.0,0.0,0.0,0.0,0.0,0.0
ZTF19achjqbk,SN IIP,0.05,18.7836,0.27776,0.17856,0.255936,0.279744,0.00048,0.000232,0.000392,0.002032,0.000864,0.000224,0.000576,0.00084,0.001112,0.00036,0.000888
ZTF19actfxcd,SN IIP,0.0401,18.4975,0.055552,0.249984,0.488064,0.1984,0.0,0.0,0.0,0.0,0.0,0.00088,0.001664,0.00056,0.001536,0.000576,0.002784
ZTF20aaspvan,SN IIP,0.03857,18.9966,0.050232,0.102396,0.44436,0.369012,0.000464,0.001056,0.001152,0.004256,0.001072,0.00364,0.003276,0.001976,0.010088,0.002704,0.004316
ZTF20abwftit,SN IIP,0.05,18.9183,0.03564,0.08514,0.6237,0.24552,0.000296,0.00068,0.001248,0.00152,0.000256,0.001212,0.000696,0.000636,0.00156,0.00072,0.001176
ZTF20abxmwwd,SN IIP,0.03,18.8381,0.20496,0.152256,0.402112,0.216672,0.00016,0.000192,0.000816,0.006304,0.000528,0.001856,0.001728,0.001408,0.005824,0.002816,0.002368
ZTF20accmutv,SN IIP,0.041,16.3954,0.10712,0.133488,0.410352,0.17304,0.00164,0.002952,0.004592,0.052808,0.020008,0.03854,0.01034,0.004512,0.022748,0.008272,0.009588
ZTF20acfkzcg,SN IIP,0.0187,17.8904,0.033796,0.077532,0.63616,0.246512,4.8e-05,4.8e-05,0.000344,0.00152,4e-05,0.001328,0.000432,0.000232,0.000848,0.000528,0.000632
ZTF20acngnrs,SN IIP,0.069,18.9308,0.083832,0.101796,0.333332,0.47904,0.0,0.0,0.0,0.0,0.0,0.000548,0.000244,0.000152,0.000448,0.000312,0.000296
ZTF20acprmuv,SN IIP,0.015,18.2996,0.195464,0.167804,0.389084,0.169648,0.001064,0.001748,0.002888,0.010944,0.021356,0.0148,0.00576,0.002,0.0092,0.00416,0.00408
ZTF21aaabwem,SN IIP,0.03179,18.9668,0.122,0.152,0.478,0.248,0.0,0.0,0.0,0.0,0.0,0.0,0.0,0.0,0.0,0.0,0.0
ZTF21aajgdeu,SN IIP,0.02792,18.297,0.166692,0.327636,0.348712,0.11496,0.00126,0.00576,0.003492,0.00396,0.003528,0.001488,0.004464,0.002544,0.003696,0.002208,0.0096
ZTF21aakvroo,SN IIP,0.03168,18.7857,0.071856,0.085828,0.504988,0.335328,0.0,0.0,0.0,0.0,0.0,0.00042,0.000232,0.000184,0.000556,0.000224,0.000384
ZTF21acceboj,SN IIP,0.01162,17.3963,0.03564,0.10098,0.7029,0.15048,0.000132,0.000252,0.001008,0.004344,0.000264,0.001216,0.0004,0.000304,0.000856,0.000496,0.000728
ZTF21acheiti,SN IIP,0.03,18.3834,0.336,0.44,0.126,0.098,0.0,0.0,0.0,0.0,0.0,0.0,0.0,0.0,0.0,0.0,0.0
ZTF21aciobmz,SN IIP,0.02,17.8144,0.13972,0.223552,0.405188,0.22954,0.0,0.0,0.0,0.0,0.0,0.000308,0.000348,0.000204,0.000372,0.000196,0.000572
ZTF21acjxiqw,SN IIP,0.03141,18.794,0.173528,0.100296,0.187856,0.33432,0.037668,0.016352,0.013432,0.062196,0.016352,0.00232,0.010324,0.00928,0.01276,0.004176,0.01914
ZTF22aaijrci,SN IIP,0.0301,18.8867,0.103792,0.11976,0.42914,0.345308,4e-05,8e-05,0.000288,0.001492,0.0001,0.0,0.0,0.0,0.0,0.0,0.0
ZTF22aajivyw,SN IIP,0.04,18.3717,0.076,0.12,0.506,0.298,0.0,0.0,0.0,0.0,0.0,0.0,0.0,0.0,0.0,0.0,0.0
ZTF22aapqaqe,SN IIP,0.02517,17.3084,0.034776,0.113988,0.382536,0.4347,0.00044,0.00068,0.00432,0.01364,0.00092,0.00364,0.002156,0.000812,0.003556,0.001904,0.001932
ZTF22abhsxph,SN IIP,0.02630,18.7948,0.06748,0.117608,0.55912,0.219792,0.00136,0.00312,0.0038,0.01068,0.00104,0.003552,0.001248,0.00096,0.005568,0.002304,0.002368
ZTF22abykdbm,SN IIP,0.03124,17.8129,0.043648,0.107136,0.517824,0.323392,0.0,0.0,0.0,0.0,0.0,0.00168,0.00096,0.00056,0.002144,0.001136,0.00152
ZTF23aaelqpq,SN IIP,0.02800,18.7175,0.059008,0.108796,0.403836,0.35036,0.012412,0.012412,0.009744,0.020416,0.003016,0.00184,0.00332,0.00136,0.004,0.00196,0.00752
ZTF23abawdgm,SN IIP,0.02,18.1348,0.047712,0.065604,0.520856,0.359828,0.00012,0.00012,0.001092,0.004524,0.000144,0.0,0.0,0.0,0.0,0.0,0.0
ZTF23abjrdem,SN IIP,0.084,18.7957,0.029444,0.079672,0.308296,0.448588,0.009568,0.01104,0.02852,0.037904,0.004968,0.008568,0.006888,0.002604,0.008316,0.00546,0.010164
ZTF23abkhajf,SN IIP,0.02521,18.0515,0.052304,0.164384,0.28954,0.427772,0.000684,0.001748,0.0076,0.021356,0.006612,0.008736,0.002632,0.002128,0.00588,0.004536,0.004088
ZTF23absirul,SN IIP,0.0188,18.1531,0.054404,0.157584,0.405216,0.320796,0.00112,0.00356,0.00344,0.00848,0.0034,0.005712,0.004872,0.002352,0.014196,0.006384,0.008484
ZTF24aaejjps,SN IIP,0.02129,18.8612,0.282048,0.245888,0.222384,0.15368,0.004012,0.009996,0.003944,0.013532,0.002516,0.009548,0.005332,0.00744,0.016988,0.010664,0.012028
ZTF24aahewml,SN IIP,0.022,18.8341,0.128464,0.22568,0.237832,0.276024,0.00714,0.00406,0.00714,0.02814,0.02352,0.004464,0.011656,0.008556,0.013144,0.00682,0.01736
ZTF24aaibcrw,SN IIP,0.027,18.2313,0.3348,0.189,0.1818,0.1944,0.005512,0.005304,0.001976,0.029328,0.00988,0.00144,0.009216,0.00912,0.0096,0.003648,0.014976
ZTF24abljlku,SN IIP,0.02,16.975,0.163184,0.222208,0.336784,0.145824,0.0009,0.0002,0.0023,0.026,0.0206,0.03362,0.00984,0.006396,0.016892,0.0082,0.007052
ZTF24abqlxaf,SN IIP,0.04,18.5093,0.211248,0.211248,0.260148,0.295356,0.00244,0.00256,0.00272,0.00828,0.004,0.000112,0.000348,0.000304,0.000488,0.00026,0.000488
ZTF25abbslda,SN IIP,0.025,18.7841,0.046944,0.08802,0.467484,0.375552,0.001632,0.001984,0.003808,0.007232,0.001344,0.001152,0.000768,0.000432,0.001476,0.00072,0.001452
ZTF25abwjmwj,SN IIP,0.026,18.2745,0.215156,0.135736,0.207936,0.163172,0.010856,0.033512,0.010384,0.045548,0.0177,0.03456,0.0192,0.02272,0.0192,0.02752,0.0368
ZTF18aahatvc,SN Ia-91T,0.0778,18.1146,0.476216,0.233168,0.17784,0.100776,0.000312,0.00102,0.001716,0.002736,0.000216,0.00132,0.000612,0.000276,0.00138,0.001284,0.001128
ZTF18aapictz,SN Ia-91T,0.09,18.1307,0.089544,0.104468,0.182532,0.197456,0.004784,0.010304,0.026128,0.07544,0.067344,0.061468,0.025652,0.0121,0.069696,0.034364,0.03872
ZTF18aaqqoqs,SN Ia-91T,0.08,18.3035,0.443112,0.405188,0.091816,0.057884,0.0,0.0,0.0,0.0,0.0,8.8e-05,0.000488,0.000396,0.0006,0.0001,0.000328
ZTF18aaumeys,SN Ia-91T,0.03754,16.6581,0.322,0.224,0.272,0.182,0.0,0.0,0.0,0.0,0.0,0.0,0.0,0.0,0.0,0.0,0.0
ZTF18aavrmlf,SN Ia-91T,0.113,18.6683,0.092988,0.080892,0.118692,0.085428,0.01096,0.083844,0.086036,0.064116,0.029044,0.01392,0.054984,0.026448,0.02784,0.044544,0.180264
ZTF18aaytovs,SN Ia-91T,0.076,18.1696,0.453884,0.346744,0.124672,0.0487,0.000936,0.002304,0.006228,0.003492,0.00504,0.00304,0.000576,0.000544,0.000688,0.001792,0.00136
ZTF18abauprj,SN Ia-91T,0.028,15.5681,0.216996,0.1926,0.125832,0.106572,0.0,0.000248,0.000496,0.122512,0.000744,0.070668,0.022464,0.01404,0.050076,0.03978,0.036972
ZTF18abfcsjs,SN Ia-91T,0.07,18.1458,0.42874,0.22698,0.1552,0.15908,0.00024,0.001216,0.001648,0.004176,0.00072,0.00132,0.003432,0.001848,0.003564,0.00528,0.006556
ZTF18abgmcmv,SN Ia-91T,0.01850,16.3722,0.374,0.484,0.086,0.056,0.0,0.0,0.0,0.0,0.0,0.0,0.0,0.0,0.0,0.0,0.0
ZTF18abhgrff,SN Ia-91T,0.102,18.5937,0.10488,0.13224,0.1881,0.14478,0.005712,0.042024,0.070584,0.068952,0.016728,0.016272,0.033448,0.00904,0.009944,0.040228,0.117068
ZTF18abmkaps,SN Ia-91T,0.074,17.9956,0.498,0.354,0.086,0.062,0.0,0.0,0.0,0.0,0.0,0.0,0.0,0.0,0.0,0.0,0.0
ZTF18accngee,SN Ia-91T,0.08325,18.6717,0.023056,0.014432,0.025696,0.024816,0.3266,0.17892,0.03834,0.13206,0.03408,0.040804,0.027876,0.029088,0.033532,0.029896,0.040804
ZTF18acmvcme,SN Ia-91T,0.0332,17.2289,0.084,0.16464,0.11088,0.06048,0.003492,0.01164,0.016296,0.059752,0.10282,0.030108,0.110396,0.045548,0.067936,0.029336,0.102676
ZTF18acnbgpw,SN Ia-91T,0.055,17.6172,0.386,0.268,0.194,0.152,0.0,0.0,0.0,0.0,0.0,0.0,0.0,0.0,0.0,0.0,0.0
ZTF19aalzmmt,SN Ia-91T,0.061,17.9306,0.412,0.288,0.178,0.122,0.0,0.0,0.0,0.0,0.0,0.0,0.0,0.0,0.0,0.0,0.0
ZTF19aamfxby,SN Ia-91T,0.07,18.073,0.57,0.23,0.124,0.076,0.0,0.0,0.0,0.0,0.0,0.0,0.0,0.0,0.0,0.0,0.0
ZTF19aaocbes,SN Ia-91T,0.08,18.645,0.2716,0.36278,0.1746,0.16102,0.00034,6e-05,0.00102,0.00636,0.00222,0.00272,0.00392,0.002,0.00516,0.00212,0.00408
ZTF19aarifvr,SN Ia-91T,0.071,17.9233,0.43,0.276,0.176,0.118,0.0,0.0,0.0,0.0,0.0,0.0,0.0,0.0,0.0,0.0,0.0
ZTF19aarprog,SN Ia-91T,0.0542,17.4352,0.484,0.33,0.1,0.086,0.0,0.0,0.0,0.0,0.0,0.0,0.0,0.0,0.0,0.0,0.0
ZTF19aavidqf,SN Ia-91T,0.098,18.5344,0.492,0.25,0.158,0.1,0.0,0.0,0.0,0.0,0.0,0.0,0.0,0.0,0.0,0.0,0.0
ZTF19aawwlxc,SN Ia-91T,0.0557,18.1114,0.514,0.182,0.172,0.132,0.0,0.0,0.0,0.0,0.0,0.0,0.0,0.0,0.0,0.0,0.0
ZTF19aaxffum,SN Ia-91T,0.05498,17.6337,0.518,0.314,0.112,0.056,0.0,0.0,0.0,0.0,0.0,0.0,0.0,0.0,0.0,0.0,0.0
ZTF19abdkdir,SN Ia-91T,0.1,18.9792,0.536,0.252,0.112,0.1,0.0,0.0,0.0,0.0,0.0,0.0,0.0,0.0,0.0,0.0,0.0
ZTF19abjarhj,SN Ia-91T,0.108,18.7473,0.65,0.224,0.066,0.06,0.0,0.0,0.0,0.0,0.0,0.0,0.0,0.0,0.0,0.0,0.0
ZTF19abjswdz,SN Ia-91T,0.09,18.7714,0.464136,0.27888,0.131472,0.121512,0.0,0.0,0.0,0.0,0.0,5.6e-05,0.000416,0.000736,0.001952,0.000472,0.000368
ZTF19abqrrto,SN Ia-91T,0.04,17.5187,0.168656,0.117856,0.13716,0.084328,0.002964,0.011856,0.006612,0.080712,0.011856,0.14742,0.019656,0.021168,0.097524,0.065016,0.027216
ZTF19abqsojs,SN Ia-91T,0.063,17.851,0.477044,0.273452,0.173652,0.073852,1.6e-05,6.4e-05,0.00014,0.001736,4.4e-05,0.0,0.0,0.0,0.0,0.0,0.0
ZTF19abzvvkb,SN Ia-91T,0.094,18.6256,0.578,0.296,0.09,0.036,0.0,0.0,0.0,0.0,0.0,0.0,0.0,0.0,0.0,0.0,0.0
ZTF19acbjlnt,SN Ia-91T,0.056,18.3726,0.376488,0.310752,0.201192,0.107568,9.6e-05,0.000348,0.000304,0.000784,0.000468,1.6e-05,0.000524,0.00038,0.000292,8.8e-05,0.0007
ZTF19acgemqj,SN Ia-91T,0.061,18.2308,0.42978,0.22446,0.12354,0.09222,0.000308,0.000352,0.000572,0.019052,0.001716,0.003888,0.010584,0.011448,0.054432,0.0162,0.011448
ZTF19achjpyc,SN Ia-91T,0.095,18.6721,0.46,0.272,0.142,0.126,0.0,0.0,0.0,0.0,0.0,0.0,0.0,0.0,0.0,0.0,0.0
ZTF19acigkma,SN Ia-91T,0.1,18.7798,0.3567,0.17922,0.13224,0.20184,0.0072,0.0184,0.01376,0.02624,0.0144,0.0026,0.01,0.0073,0.0044,0.0055,0.0202
ZTF19acordoi,SN Ia-91T,0.089,18.5093,0.533752,0.200644,0.130516,0.109088,0.00046,0.0022,0.0022,0.00428,0.00086,0.00064,0.002304,0.001248,0.001056,0.002144,0.008608
ZTF19acxxwiz,SN Ia-91T,0.086,18.5799,0.32,0.292,0.19,0.198,0.0,0.0,0.0,0.0,0.0,0.0,0.0,0.0,0.0,0.0,0.0
ZTF20aaiaaoi,SN Ia-91T,0.1375,18.7647,0.3992,0.191616,0.211576,0.195608,8.8e-05,0.0002,0.000348,0.001264,0.0001,0.0,0.0,0.0,0.0,0.0,0.0
ZTF20aakodiq,SN Ia-91T,0.04594,17.3868,0.444,0.32,0.142,0.094,0.0,0.0,0.0,0.0,0.0,0.0,0.0,0.0,0.0,0.0,0.0
ZTF20aamfpcj,SN Ia-91T,0.0885,18.5476,0.391216,0.21956,0.247504,0.13972,0.0,0.0,0.0,0.0,0.0,0.00018,0.000324,0.000248,0.000592,0.000308,0.000348
ZTF20aaosoct,SN Ia-91T,0.059,18.0469,0.534928,0.287424,0.103792,0.071856,6.8e-05,8e-05,0.000144,0.001536,0.000172,0.0,0.0,0.0,0.0,0.0,0.0
ZTF20abkrwdu,SN Ia-91T,0.075,18.7363,0.542,0.322,0.096,0.04,0.0,0.0,0.0,0.0,0.0,0.0,0.0,0.0,0.0,0.0,0.0
ZTF20abvqibv,SN Ia-91T,0.0665,18.069,0.335328,0.203592,0.263472,0.195608,3.6e-05,6.8e-05,0.000268,0.00154,8.8e-05,0.0,0.0,0.0,0.0,0.0,0.0
ZTF20acbttnt,SN Ia-91T,0.099,18.4785,0.625488,0.147408,0.133464,0.08964,0.000136,0.000328,0.000736,0.002632,0.000168,0.0,0.0,0.0,0.0,0.0,0.0
ZTF20achrklb,SN Ia-91T,0.07,18.3,0.612,0.184,0.124,0.08,0.0,0.0,0.0,0.0,0.0,0.0,0.0,0.0,0.0,0.0,0.0
ZTF20acobxlz,SN Ia-91T,0.09,18.8049,0.582,0.21,0.144,0.064,0.0,0.0,0.0,0.0,0.0,0.0,0.0,0.0,0.0,0.0,0.0
ZTF20acopmey,SN Ia-91T,0.08,18.8771,0.500996,0.165668,0.135728,0.195608,0.0,0.0,0.0,0.0,0.0,6.8e-05,0.00022,0.000312,0.00108,0.00016,0.00016
ZTF20acpwjus,SN Ia-91T,0.075,18.0282,0.516,0.326,0.096,0.062,0.0,0.0,0.0,0.0,0.0,0.0,0.0,0.0,0.0,0.0,0.0
ZTF20acqfssi,SN Ia-91T,0.059,17.9784,0.516964,0.275448,0.127744,0.077844,0.0,4e-06,2.8e-05,0.001916,5.2e-05,0.0,0.0,0.0,0.0,0.0,0.0
ZTF20acwnrty,SN Ia-91T,0.065,18.0184,0.572,0.252,0.12,0.056,0.0,0.0,0.0,0.0,0.0,0.0,0.0,0.0,0.0,0.0,0.0
ZTF20aczgoml,SN Ia-91T,0.04531,17.1923,0.368,0.302,0.156,0.174,0.0,0.0,0.0,0.0,0.0,0.0,0.0,0.0,0.0,0.0,0.0
ZTF21aaahliy,SN Ia-91T,0.10579,18.846,0.367872,0.291232,0.237584,0.061312,0.001408,0.002432,0.001472,0.023104,0.003584,0.0002,0.00252,0.00156,0.0028,0.00034,0.00258
ZTF21aaahyjj,SN Ia-91T,0.095,18.3387,0.395208,0.213572,0.183632,0.205588,2.4e-05,4.8e-05,0.000204,0.001644,8e-05,0.0,0.0,0.0,0.0,0.0,0.0
ZTF21aagpbkj,SN Ia-91T,0.087,18.6285,0.408,0.33,0.178,0.084,0.0,0.0,0.0,0.0,0.0,0.0,0.0,0.0,0.0,0.0,0.0
ZTF21aagtqgz,SN Ia-91T,0.06232,17.9576,0.616,0.284,0.068,0.032,0.0,0.0,0.0,0.0,0.0,0.0,0.0,0.0,0.0,0.0,0.0
ZTF21aagxmfv,SN Ia-91T,0.066,18.2686,0.524,0.246,0.154,0.076,0.0,0.0,0.0,0.0,0.0,0.0,0.0,0.0,0.0,0.0,0.0
ZTF21aajtsba,SN Ia-91T,0.07,18.2883,0.434,0.352,0.094,0.12,0.0,0.0,0.0,0.0,0.0,0.0,0.0,0.0,0.0,0.0,0.0
ZTF21aamucom,SN Ia-91T,0.025,16.462,0.467064,0.275448,0.163672,0.091816,1.2e-05,1.2e-05,5.2e-05,0.001916,8e-06,0.0,0.0,0.0,0.0,0.0,0.0
ZTF21aanrvcq,SN Ia-91T,0.068,17.9816,0.512,0.256,0.142,0.09,0.0,0.0,0.0,0.0,0.0,0.0,0.0,0.0,0.0,0.0,0.0
ZTF21aapjmpq,SN Ia-91T,0.13,18.8398,0.626,0.256,0.078,0.04,0.0,0.0,0.0,0.0,0.0,0.0,0.0,0.0,0.0,0.0,0.0
ZTF21aapvxnf,SN Ia-91T,0.085,18.1471,0.479208,0.227916,0.151944,0.114932,0.000456,0.003984,0.005304,0.00132,0.000936,0.001764,0.001036,0.000392,0.001176,0.003696,0.005936
ZTF21aatnxwt,SN Ia-91T,0.11,18.5296,0.446,0.288,0.116,0.15,0.0,0.0,0.0,0.0,0.0,0.0,0.0,0.0,0.0,0.0,0.0
ZTF21aauapli,SN Ia-91T,0.02,16.3996,0.38016,0.41976,0.09504,0.09504,0.0,2.4e-05,9.6e-05,0.005796,8.4e-05,0.00116,0.00032,0.000168,0.000952,0.000848,0.000552
ZTF21aavhlok,SN Ia-91T,0.11,18.8547,0.572,0.22,0.13,0.078,0.0,0.0,0.0,0.0,0.0,0.0,0.0,0.0,0.0,0.0,0.0
ZTF21aaxtrlt,SN Ia-91T,0.08,18.2352,0.462,0.246,0.178,0.114,0.0,0.0,0.0,0.0,0.0,0.0,0.0,0.0,0.0,0.0,0.0
ZTF21abbxdcm,SN Ia-91T,0.05,16.9705,0.269376,0.271328,0.261568,0.173728,0.00012,0.001104,0.002784,0.007488,0.000504,0.003552,0.000672,0.000216,0.001632,0.003816,0.002112
ZTF21abegynu,SN Ia-91T,0.082,18.8053,0.656,0.254,0.054,0.036,0.0,0.0,0.0,0.0,0.0,0.0,0.0,0.0,0.0,0.0,0.0
ZTF21abfflmp,SN Ia-91T,0.107,18.8916,0.598,0.252,0.084,0.066,0.0,0.0,0.0,0.0,0.0,0.0,0.0,0.0,0.0,0.0,0.0
ZTF21abhshmt,SN Ia-91T,0.055,17.2902,0.325952,0.172236,0.251872,0.17594,0.0,0.000304,0.002052,0.035036,0.000608,0.004824,0.00504,0.00396,0.011376,0.006048,0.004752
ZTF21abienbe,SN Ia-91T,0.029,17.4131,0.378,0.534,0.066,0.022,0.0,0.0,0.0,0.0,0.0,0.0,0.0,0.0,0.0,0.0,0.0
ZTF21abqsysj,SN Ia-91T,0.04,16.7468,0.412,0.284,0.164,0.14,0.0,0.0,0.0,0.0,0.0,0.0,0.0,0.0,0.0,0.0,0.0
ZTF21abujefa,SN Ia-91T,0.088,18.4567,0.5,0.168,0.194,0.138,0.0,0.0,0.0,0.0,0.0,0.0,0.0,0.0,0.0,0.0,0.0
ZTF21acdalyp,SN Ia-91T,0.03743,16.9023,0.48384,0.26112,0.12864,0.0864,0.00054,0.002556,0.006408,0.005472,0.003024,0.01144,0.001628,0.000924,0.00176,0.002948,0.0033
ZTF21acfccil,SN Ia-91T,0.045,16.9818,0.317524,0.2922,0.261032,0.103244,0.00064,0.001344,0.002752,0.009888,0.001376,0.0014,0.00242,0.00102,0.00142,0.00088,0.00286
ZTF21acfqldh,SN Ia-91T,0.092,18.7453,0.469396,0.259248,0.143372,0.109984,0.000132,0.000156,0.000372,0.004116,0.001224,0.0006,0.002256,0.002352,0.00384,0.00108,0.001872
ZTF21acgyciq,SN Ia-91T,0.09,18.4945,0.552,0.266,0.134,0.048,0.0,0.0,0.0,0.0,0.0,0.0,0.0,0.0,0.0,0.0,0.0
ZTF21achaxze,SN Ia-91T,0.092,18.6512,0.581312,0.196416,0.115072,0.0992,0.0001,0.000348,0.000364,0.000948,0.00024,0.000504,0.001188,0.00114,0.000576,0.00066,0.001932
ZTF21achcwnd,SN Ia-91T,0.12,18.9247,0.526,0.268,0.112,0.094,0.0,0.0,0.0,0.0,0.0,0.0,0.0,0.0,0.0,0.0,0.0
ZTF21achdxdn,SN Ia-91T,0.071,18.0551,0.606,0.186,0.13,0.078,0.0,0.0,0.0,0.0,0.0,0.0,0.0,0.0,0.0,0.0,0.0
ZTF22aaettxg,SN Ia-91T,0.09,18.8847,0.534,0.264,0.12,0.082,0.0,0.0,0.0,0.0,0.0,0.0,0.0,0.0,0.0,0.0,0.0
ZTF22aahhvqj,SN Ia-91T,0.0141,14.3727,0.23712,0.211584,0.231648,0.231648,9.2e-05,0.00046,0.00092,0.043424,0.001104,0.014028,0.004704,0.002268,0.00798,0.008484,0.004536
ZTF22aaijnqy,SN Ia-91T,0.082,18.3771,0.456,0.292,0.134,0.118,0.0,0.0,0.0,0.0,0.0,0.0,0.0,0.0,0.0,0.0,0.0
ZTF22aakndny,SN Ia-91T,0.047,17.7969,0.656,0.242,0.06,0.042,0.0,0.0,0.0,0.0,0.0,0.0,0.0,0.0,0.0,0.0,0.0
ZTF22aalizik,SN Ia-91T,0.096,18.6636,0.586,0.258,0.082,0.074,0.0,0.0,0.0,0.0,0.0,0.0,0.0,0.0,0.0,0.0,0.0
ZTF22aalpfln,SN Ia-91T,0.08628,18.4912,0.722,0.194,0.052,0.032,0.0,0.0,0.0,0.0,0.0,0.0,0.0,0.0,0.0,0.0,0.0
ZTF22aasppdz,SN Ia-91T,0.087,18.3453,0.502,0.242,0.154,0.102,0.0,0.0,0.0,0.0,0.0,0.0,0.0,0.0,0.0,0.0,0.0
ZTF22aaznbmz,SN Ia-91T,0.077,18.3651,0.337324,0.353292,0.217564,0.08982,1.2e-05,4e-05,0.000144,0.001748,5.6e-05,0.0,0.0,0.0,0.0,0.0,0.0
ZTF22abegjkl,SN Ia-91T,0.08,18.2422,0.614,0.204,0.112,0.07,0.0,0.0,0.0,0.0,0.0,0.0,0.0,0.0,0.0,0.0,0.0
ZTF22abghdno,SN Ia-91T,0.071,17.9271,0.54,0.308,0.088,0.064,0.0,0.0,0.0,0.0,0.0,0.0,0.0,0.0,0.0,0.0,0.0
ZTF22abmygmc,SN Ia-91T,0.0237,15.796,0.45472,0.25284,0.1764,0.09604,0.0,6.4e-05,0.000144,0.007664,0.000128,0.002688,0.001104,0.000792,0.0036,0.002304,0.001512
ZTF22abnehge,SN Ia-91T,0.08591,18.2793,0.394,0.298,0.158,0.15,0.0,0.0,0.0,0.0,0.0,0.0,0.0,0.0,0.0,0.0,0.0
ZTF22abnfsjo,SN Ia-91T,0.04,16.9827,0.578,0.224,0.12,0.078,0.0,0.0,0.0,0.0,0.0,0.0,0.0,0.0,0.0,0.0,0.0
ZTF22abnxovx,SN Ia-91T,0.1,18.5883,0.536,0.234,0.126,0.104,0.0,0.0,0.0,0.0,0.0,0.0,0.0,0.0,0.0,0.0,0.0
ZTF22aboapcj,SN Ia-91T,0.077,18.238,0.512,0.368,0.08,0.04,0.0,0.0,0.0,0.0,0.0,0.0,0.0,0.0,0.0,0.0,0.0
ZTF22absygcs,SN Ia-91T,0.06,17.6676,0.5,0.284,0.15,0.066,0.0,0.0,0.0,0.0,0.0,0.0,0.0,0.0,0.0,0.0,0.0
ZTF22abubrek,SN Ia-91T,0.0832,18.2113,0.516964,0.225548,0.127744,0.127744,0.0,0.0,0.0,0.0,0.0,5.6e-05,0.000244,0.000168,0.000868,0.000536,0.000128
ZTF22abynlvk,SN Ia-91T,0.08,17.9856,0.452,0.26,0.176,0.112,0.0,0.0,0.0,0.0,0.0,0.0,0.0,0.0,0.0,0.0,0.0
ZTF23aadjpsn,SN Ia-91T,0.0534,17.5853,0.38,0.284,0.236,0.1,0.0,0.0,0.0,0.0,0.0,0.0,0.0,0.0,0.0,0.0,0.0
ZTF23aadvpwt,SN Ia-91T,0.03,16.4353,0.57,0.32,0.092,0.018,0.0,0.0,0.0,0.0,0.0,0.0,0.0,0.0,0.0,0.0,0.0
ZTF23aaeieqk,SN Ia-91T,0.03294,16.6276,0.44426,0.26384,0.15132,0.11058,0.0,2.4e-05,2.4e-05,0.011952,0.0,0.003456,0.00288,0.001404,0.0054,0.002628,0.002232
ZTF23aaghvsv,SN Ia-91T,0.05,17.1838,0.59,0.246,0.098,0.066,0.0,0.0,0.0,0.0,0.0,0.0,0.0,0.0,0.0,0.0,0.0
ZTF23aakprat,SN Ia-91T,0.1244,18.9376,0.606,0.198,0.112,0.084,0.0,0.0,0.0,0.0,0.0,0.0,0.0,0.0,0.0,0.0,0.0
ZTF23aaynddf,SN Ia-91T,0.081,18.3631,0.427144,0.191616,0.26946,0.10978,0.0,0.0,0.0,0.0,0.0,0.000412,0.000156,0.000192,0.00046,0.000392,0.000388
ZTF23abankfn,SN Ia-91T,0.065,17.9339,0.446,0.28,0.138,0.136,0.0,0.0,0.0,0.0,0.0,0.0,0.0,0.0,0.0,0.0,0.0
ZTF23abauieq,SN Ia-91T,0.0822,18.6968,0.390836,0.210148,0.17676,0.204256,0.00032,0.00088,0.000992,0.004592,0.001216,0.0003,0.00202,0.00182,0.00324,0.00056,0.00206
ZTF23abcvqkd,SN Ia-91T,0.03,16.4821,0.39,0.264,0.228,0.118,0.0,0.0,0.0,0.0,0.0,0.0,0.0,0.0,0.0,0.0,0.0
ZTF23abffvrm,SN Ia-91T,0.044,17.195,0.53892,0.25948,0.123752,0.075848,4e-06,2.4e-05,7.2e-05,0.001868,3.2e-05,0.0,0.0,0.0,0.0,0.0,0.0
ZTF23abjxqwr,SN Ia-91T,0.042,17.0245,0.189696,0.331968,0.271776,0.11856,0.002016,0.014592,0.00768,0.01632,0.007392,0.00424,0.0072,0.0012,0.00128,0.00688,0.0192
ZTF23abofyzh,SN Ia-91T,0.065,17.8784,0.40152,0.292536,0.166344,0.0956,0.00048,0.001024,0.000832,0.012512,0.001152,0.002408,0.002016,0.002464,0.012264,0.00672,0.002128
ZTF23abqbpob,SN Ia-91T,0.064,18.1345,0.509952,0.221112,0.171312,0.093624,1.2e-05,1.6e-05,5.6e-05,0.00186,5.6e-05,7.6e-05,0.000252,0.000208,0.000828,0.00048,0.000156
ZTF23abvbwys,SN Ia-91T,0.049,16.8974,0.266,0.266,0.266,0.202,0.0,0.0,0.0,0.0,0.0,0.0,0.0,0.0,0.0,0.0,0.0
ZTF24aaheeel,SN Ia-91T,0.02991,16.2287,0.341736,0.161048,0.249428,0.229788,0.000144,0.0002,0.00024,0.003008,0.000408,0.000756,0.002688,0.002492,0.003416,0.001288,0.00336
ZTF24aahnnsa,SN Ia-91T,0.056,17.3339,0.271872,0.175584,0.307744,0.1888,0.001904,0.003696,0.002632,0.018816,0.000952,0.00728,0.001624,0.002576,0.010304,0.003584,0.002632
ZTF24aaiaaxr,SN Ia-91T,0.048,18.0845,0.2682,0.2808,0.2142,0.1368,0.001232,0.001736,0.00364,0.009912,0.01148,0.023472,0.01008,0.005184,0.016992,0.006768,0.009504
ZTF24aaosmwq,SN Ia-91T,0.09,18.7155,0.23088,0.175084,0.357864,0.198172,0.00152,0.01132,0.00492,0.00104,0.0012,0.00558,0.002556,0.000684,0.0009,0.002232,0.006048
ZTF24aaqzycc,SN Ia-91T,0.06,17.5005,0.347628,0.202292,0.20622,0.22586,0.000208,0.000672,0.000912,0.005376,0.000832,0.00036,0.0014,0.00134,0.00282,0.00182,0.00226
ZTF24abqqoxy,SN Ia-91T,0.0945,18.6393,0.254528,0.212624,0.211072,0.097776,0.01152,0.036,0.02592,0.02328,0.02328,0.034736,0.015184,0.004992,0.01352,0.009152,0.026416
ZTF24abzsmux,SN Ia-91T,0.083,18.2945,0.381808,0.255188,0.181164,0.15584,0.000672,0.00272,0.003904,0.007424,0.00128,0.00098,0.00204,0.00048,0.00134,0.00224,0.00292
ZTF25aaqgddb,SN Ia-91T,0.07,18.5855,0.397176,0.243048,0.191672,0.156104,0.000936,0.003192,0.003144,0.00384,0.000888,0.0,0.0,0.0,0.0,0.0,0.0
ZTF25aaudpzv,SN Ia-91T,0.11649,18.7957,0.399616,0.1784,0.153424,0.16056,0.004,0.0088,0.00312,0.0208,0.00328,0.009656,0.006256,0.005712,0.020672,0.020536,0.005168
ZTF25aawterb,SN Ia-91T,0.104,18.3249,0.245016,0.165336,0.290832,0.294816,3.2e-05,0.000112,0.000356,0.001452,4.8e-05,0.000484,0.000232,8.8e-05,0.000528,0.0004,0.000268
ZTF25abuvoav,SN Ia-91T,0.033,16.9332,0.235528,0.393212,0.287424,0.081836,2.4e-05,2.8e-05,0.000152,0.001736,6e-05,0.0,0.0,0.0,0.0,0.0,0.0
ZTF25acgqggy,SN Ia-91T,0.09,18.5944,0.38,0.2,0.246,0.174,0.0,0.0,0.0,0.0,0.0,0.0,0.0,0.0,0.0,0.0,0.0
ZTF25acgqhjx,SN Ia-91T,0.0812,18.4539,0.498,0.224,0.168,0.11,0.0,0.0,0.0,0.0,0.0,0.0,0.0,0.0,0.0,0.0,0.0
ZTF18abltdfj,SN Ia-91bg,0.03038,17.9937,0.306,0.508,0.134,0.052,0.0,0.0,0.0,0.0,0.0,0.0,0.0,0.0,0.0,0.0,0.0
ZTF19aanhgqg,SN Ia-91bg,0.02777,17.031,0.412,0.406,0.114,0.068,0.0,0.0,0.0,0.0,0.0,0.0,0.0,0.0,0.0,0.0,0.0
ZTF19abhibzk,SN Ia-91bg,0.0596,18.755,0.624748,0.28942,0.071856,0.011976,0.0,0.0,0.0,0.0,0.0,0.000144,0.000156,0.000188,0.000808,0.000528,0.000176
ZTF20abegopd,SN Ia-91bg,0.048,18.7977,0.254092,0.435064,0.1371,0.087744,0.002024,0.009936,0.0207,0.003036,0.010304,0.0136,0.00544,0.00128,0.00272,0.00552,0.01144
ZTF20abjapav,SN Ia-91bg,0.03395,18.7252,0.3479,0.469168,0.121268,0.055664,0.000144,0.000176,0.000264,0.002608,0.000808,5.6e-05,0.000516,0.000308,0.000672,0.00016,0.000288
ZTF20acgkuay,SN Ia-91bg,0.04846,18.4952,0.406,0.488,0.08,0.026,0.0,0.0,0.0,0.0,0.0,0.0,0.0,0.0,0.0,0.0,0.0
ZTF20acvbrbv,SN Ia-91bg,0.05,18.5774,0.280024,0.42398,0.155788,0.126208,0.000464,0.000656,0.00096,0.004336,0.001584,9.6e-05,0.001536,0.001032,0.00174,0.000516,0.00108
ZTF21aawihwx,SN Ia-91bg,0.044,18.6399,0.392,0.436,0.108,0.064,0.0,0.0,0.0,0.0,0.0,0.0,0.0,0.0,0.0,0.0,0.0
ZTF21abulrsl,SN Ia-91bg,0.0478,18.4544,0.389272,0.37544,0.130416,0.092872,0.00012,0.000108,0.000432,0.005016,0.000324,0.000156,0.000528,0.000396,0.002904,0.001572,0.000444
ZTF21abyguqw,SN Ia-91bg,0.01541,15.2512,0.318688,0.237284,0.197448,0.11258,0.000864,0.002376,0.002592,0.025128,0.00504,0.002156,0.010976,0.009212,0.038024,0.030576,0.007056
ZTF21acincqb,SN Ia-91bg,0.01808,16.2552,0.38844,0.400392,0.147408,0.05976,0.0,1.2e-05,4e-05,0.001888,6e-05,0.000364,0.00026,0.000132,0.000568,0.000408,0.000268
ZTF22aajjdkr,SN Ia-91bg,0.03589,18.7107,0.28,0.576,0.1,0.044,0.0,0.0,0.0,0.0,0.0,0.0,0.0,0.0,0.0,0.0,0.0
ZTF22aakejxf,SN Ia-91bg,0.0687,18.9804,0.365148,0.369012,0.137172,0.094668,0.00324,0.01452,0.00684,0.00408,0.00132,0.000624,0.00064,0.000216,0.000288,0.00056,0.001672
ZTF22abfwihc,SN Ia-91bg,0.052,18.6134,0.5,0.286,0.116,0.098,0.0,0.0,0.0,0.0,0.0,0.0,0.0,0.0,0.0,0.0,0.0
ZTF22abmdqzf,SN Ia-91bg,0.0315,17.8514,0.408804,0.397068,0.121272,0.050856,7.2e-05,0.000196,0.000628,0.000692,0.000412,0.00116,0.00352,0.00088,0.00132,0.0038,0.00932
ZTF22abtcsar,SN Ia-91bg,0.01932,16.8483,0.298284,0.324548,0.20636,0.108808,0.001088,0.014784,0.013632,0.000512,0.001984,0.00888,0.0033,0.00042,0.00096,0.00504,0.0114
ZTF22abunjts,SN Ia-91bg,0.02721,17.7852,0.351864,0.441288,0.128304,0.050544,9.6e-05,0.000156,0.000588,0.004836,0.000324,0.00154,0.002948,0.002288,0.00616,0.005588,0.003476
ZTF22abveefy,SN Ia-91bg,0.01212,17.4467,0.43392,0.3072,0.15552,0.06336,0.00016,0.000192,0.000544,0.013312,0.001792,0.001536,0.003696,0.003504,0.007584,0.003696,0.003984
ZTF23aafgazi,SN Ia-91bg,0.02646,17.8514,0.319748,0.317856,0.168388,0.140008,0.000392,0.001232,0.000812,0.011172,0.000392,0.00624,0.00416,0.00384,0.01304,0.00752,0.0052
ZTF23ablrwcj,SN Ia-91bg,0.019,17.5908,0.33864,0.450192,0.163344,0.043824,4e-06,2.4e-05,0.000164,0.001476,0.000332,0.000164,0.0002,0.000184,0.000672,0.000556,0.000224
ZTF25aacaoby,SN Ia-91bg,0.05,18.3588,0.291416,0.48902,0.165668,0.051896,4.8e-05,5.6e-05,0.000196,0.001184,0.000516,0.0,0.0,0.0,0.0,0.0,0.0
ZTF18acyxnyw,SLSN-I,0.108,18.241,0.034272,0.062832,0.091392,0.763504,0.001216,0.005244,0.010944,0.019152,0.001444,0.00306,0.00074,0.0003,0.00228,0.00194,0.00168
ZTF19aanesgt,SLSN-I,0.153,18.4521,0.141984,0.090712,0.080852,0.672452,0.00016,8.8e-05,0.000184,0.00296,0.000608,0.00056,0.00204,0.00194,0.003,0.0006,0.00186
ZTF19aarphwc,SLSN-I,0.3057,18.568,0.013972,0.061876,0.141716,0.780436,2.8e-05,7.2e-05,0.000272,0.001576,5.2e-05,0.0,0.0,0.0,0.0,0.0,0.0
ZTF19aavouyw,SLSN-I,0.1816,18.6958,0.152,0.038,0.088,0.722,0.0,0.0,0.0,0.0,0.0,0.0,0.0,0.0,0.0,0.0,0.0
ZTF19aawfbtg,SLSN-I,0.0866,18.1912,0.026,0.036,0.058,0.88,0.0,0.0,0.0,0.0,0.0,0.0,0.0,0.0,0.0,0.0,0.0
ZTF19abfvnns,SLSN-I,0.14,18.088,0.054776,0.065464,0.162992,0.384768,0.001392,0.004524,0.014616,0.1479,0.005568,0.0474,0.013588,0.012324,0.041396,0.016432,0.02686
ZTF19abnacvf,SLSN-I,0.19,18.4537,0.063616,0.043736,0.085484,0.801164,8e-05,5.6e-05,0.000256,0.003456,0.000152,0.000396,0.000228,0.000152,0.000552,0.000332,0.00034
ZTF19abpbopt,SLSN-I,0.1075,17.0762,0.154,0.088,0.052,0.706,0.0,0.0,0.0,0.0,0.0,0.0,0.0,0.0,0.0,0.0,0.0
ZTF19abxgmzr,SLSN-I,0.1136,17.8308,0.296808,0.374496,0.1494,0.175296,0.0,0.0,0.0,0.0,0.0,0.000416,0.000352,0.000328,0.001672,0.000896,0.000336
ZTF19acbonaa,SLSN-I,0.1178,18.639,0.022,0.056,0.112,0.81,0.0,0.0,0.0,0.0,0.0,0.0,0.0,0.0,0.0,0.0,0.0
ZTF19acfwynw,SLSN-I,0.213,18.659,0.027664,0.025688,0.07904,0.855608,0.00028,0.000424,0.000672,0.002392,0.000232,0.001536,0.00064,0.000688,0.00264,0.001248,0.001248
ZTF19acgjpgh,SLSN-I,0.0635,17.3218,0.06,0.054,0.116,0.77,0.0,0.0,0.0,0.0,0.0,0.0,0.0,0.0,0.0,0.0,0.0
ZTF19ackjrru,SLSN-I,0.1647,18.6974,0.043824,0.03984,0.077688,0.834648,5.6e-05,0.000104,0.000408,0.003272,0.00016,0.0,0.0,0.0,0.0,0.0,0.0
ZTF19adaivcf,SLSN-I,0.37,18.998,0.005952,0.023808,0.113088,0.849152,0.000768,0.001164,0.001392,0.002424,0.000252,0.00036,0.000304,0.00018,0.0005,0.000188,0.000468
ZTF20aahbfmf,SLSN-I,0.2485,18.4279,0.08964,0.071712,0.083664,0.750984,1.2e-05,1.6e-05,8e-05,0.001828,6.4e-05,0.000196,0.000288,0.00026,0.000668,0.000312,0.000276
ZTF20aaifybu,SLSN-I,0.25,18.6677,0.08442,0.078792,0.101304,0.673484,0.001632,0.003876,0.011356,0.015708,0.001428,0.005712,0.004088,0.001736,0.007056,0.004368,0.00504
ZTF20aattyuz,SLSN-I,0.133,18.4452,0.098,0.064,0.104,0.734,0.0,0.0,0.0,0.0,0.0,0.0,0.0,0.0,0.0,0.0,0.0
ZTF20aayprqz,SLSN-I,0.06,16.7193,0.176,0.1,0.064,0.66,0.0,0.0,0.0,0.0,0.0,0.0,0.0,0.0,0.0,0.0,0.0
ZTF20abobpcb,SLSN-I,0.159,17.2262,0.044896,0.03904,0.089792,0.802272,0.000144,0.000216,0.001296,0.010008,0.000336,0.003648,0.000912,0.000624,0.002208,0.002832,0.001776
ZTF20abpuwxl,SLSN-I,0.27,18.7429,0.011664,0.013608,0.089424,0.857304,0.000864,0.001512,0.003672,0.01116,0.000792,0.00252,0.0008,0.00056,0.00248,0.00178,0.00186
ZTF20acphdcg,SLSN-I,0.1,17.0398,0.046464,0.05808,0.176176,0.68728,0.000308,0.000176,0.001936,0.018964,0.000616,0.00338,0.00098,0.00076,0.00176,0.00144,0.00168
ZTF20acpyldh,SLSN-I,0.219,18.9971,0.0091,0.01274,0.06916,0.819,0.003696,0.002772,0.008904,0.024276,0.002352,0.009984,0.002208,0.00336,0.013344,0.009792,0.009312
ZTF21aaarmti,SLSN-I,0.193,18.7942,0.096,0.038,0.104,0.762,0.0,0.0,0.0,0.0,0.0,0.0,0.0,0.0,0.0,0.0,0.0
ZTF21aagpymw,SLSN-I,0.098,17.3936,0.053892,0.031936,0.175648,0.736524,0.0,0.0,0.0,0.0,0.0,0.000612,0.000164,0.000148,0.000524,0.000264,0.000288
ZTF21aalhtgv,SLSN-I,0.281,18.7359,0.051896,0.03992,0.223552,0.682632,2.8e-05,0.000112,0.000264,0.001528,6.8e-05,0.0,0.0,0.0,0.0,0.0,0.0
ZTF21aavdqgf,SLSN-I,0.159,18.8086,0.183264,0.157368,0.290832,0.364536,0.000208,0.00048,0.00084,0.002352,0.00012,0.0,0.0,0.0,0.0,0.0,0.0
ZTF21abbqeea,SLSN-I,0.28,18.7448,0.0385,0.07084,0.20328,0.45738,0.007452,0.01458,0.07128,0.064152,0.004536,0.01564,0.010608,0.001768,0.008704,0.010336,0.020944
ZTF21abcpsjy,SLSN-I,0.15,18.6825,0.03564,0.04158,0.20394,0.70884,4.8e-05,8.8e-05,0.000456,0.001356,5.2e-05,0.002032,0.00072,0.000544,0.002096,0.001232,0.001376
ZTF21abrqria,SLSN-I,0.2,18.721,0.067728,0.037848,0.420312,0.470112,2.8e-05,5.2e-05,0.000224,0.001636,6e-05,0.000476,0.000172,0.000136,0.000536,0.000388,0.000292
ZTF21absyjff,SLSN-I,0.32,18.866,0.017244,0.026824,0.183936,0.729996,0.00176,0.001452,0.004092,0.013552,0.001144,0.00388,0.00244,0.00172,0.00504,0.00272,0.0042
ZTF21accwovq,SLSN-I,0.117,18.398,0.093812,0.075848,0.17964,0.6487,0.0,0.0,0.0,0.0,0.0,0.000444,0.000212,0.000136,0.000544,0.000316,0.000348
ZTF22aadeuwu,SLSN-I,0.15,18.5089,0.07722,0.13068,0.47916,0.30294,0.000104,0.000208,0.00064,0.002776,0.000272,0.001932,0.000468,0.000504,0.001356,0.000912,0.000828
ZTF22aadqgoa,SLSN-I,0.39,18.8432,0.14796,0.081,0.15012,0.16092,0.14322,0.03366,0.02508,0.10164,0.0264,0.00364,0.02158,0.02938,0.03042,0.0039,0.04108
ZTF22aakyeps,SLSN-I,0.0949,17.6968,0.375536,0.226088,0.222256,0.13412,0.00052,0.00292,0.00576,0.00928,0.00152,0.001848,0.002508,0.001672,0.005192,0.005984,0.004796
ZTF22aarqrxf,SLSN-I,0.26,18.7562,0.017352,0.046272,0.175448,0.724928,0.000224,0.000544,0.002464,0.012544,0.000224,0.00468,0.00192,0.00168,0.00488,0.00336,0.00348
ZTF22abcvfgs,SLSN-I,0.1,17.3684,0.212784,0.211172,0.167648,0.214396,0.0002,0.0014,0.0086,0.0874,0.0024,0.019176,0.005076,0.003572,0.032336,0.020492,0.013348
ZTF22abkbmob,SLSN-I,0.31,18.7584,0.015456,0.03864,0.156492,0.755412,0.000216,0.000552,0.001656,0.008904,0.000672,0.003916,0.001848,0.001848,0.006204,0.004576,0.003608
ZTF22abvcnnl,SLSN-I,0.13,18.3515,0.095808,0.101796,0.185628,0.614768,0.0,0.0,0.0,0.0,0.0,0.00044,0.000188,0.000176,0.000568,0.000328,0.0003
ZTF23aaccacy,SLSN-I,0.22,18.195,0.056724,0.060636,0.217116,0.643524,0.00012,0.00048,0.0015,0.00738,0.00052,0.003096,0.001152,0.000936,0.003528,0.001752,0.001536
ZTF23aazodoj,SLSN-I,0.161,18.6135,0.128104,0.173992,0.25812,0.395784,0.0004,0.00216,0.004,0.01256,0.00088,0.007104,0.001488,0.000624,0.004368,0.005856,0.00456
ZTF23abjhbcr,SLSN-I,0.167,18.2981,0.592668,0.230808,0.125184,0.02934,9.6e-05,0.000288,0.00036,0.005064,0.000192,0.00016,0.00272,0.002208,0.007072,0.002336,0.001504
ZTF23abvokyz,SLSN-I,0.0888,17.6985,0.1497,0.08982,0.22954,0.52894,0.0,0.0,0.0,0.0,0.0,0.000304,0.000204,0.000212,0.000704,0.000296,0.00028
ZTF24aacrbua,SLSN-I,0.1,17.142,0.130824,0.121344,0.145992,0.54984,0.00012,0.00048,0.00186,0.02694,0.0006,0.005016,0.002552,0.00198,0.005896,0.003608,0.002948
ZTF24aadfmaf,SLSN-I,0.067,17.5986,0.132,0.224,0.446,0.198,0.0,0.0,0.0,0.0,0.0,0.0,0.0,0.0,0.0,0.0,0.0
ZTF24aagfeti,SLSN-I,0.054,17.0353,0.084968,0.199576,0.3952,0.308256,5.2e-05,8.4e-05,0.000328,0.001484,5.2e-05,0.00286,0.00066,0.00042,0.00298,0.0016,0.00148
ZTF24aagterj,SLSN-I,0.142,18.611,0.295788,0.180864,0.186516,0.278832,0.002464,0.007128,0.00154,0.008932,0.001936,0.001584,0.005112,0.005832,0.01008,0.004896,0.008496
ZTF24aaysowl,SLSN-I,0.14,16.9186,0.0999,0.089244,0.197136,0.27972,0.003248,0.002784,0.006728,0.097672,0.005568,0.010028,0.023108,0.017004,0.103768,0.046216,0.017876
ZTF24abtmueg,SLSN-I,0.109,17.8225,0.02976,0.047616,0.170624,0.744,2.4e-05,4.4e-05,0.000204,0.001704,2.4e-05,0.001632,0.00066,0.00048,0.00156,0.00072,0.000948
ZTF25aajbcmc,SLSN-I,0.077,17.8076,0.157368,0.0948,0.229416,0.466416,0.00026,0.00042,0.00174,0.00746,0.00012,0.00588,0.005628,0.00378,0.012012,0.007308,0.007392
ZTF25aanxtou,SLSN-I,0.1734,18.9604,0.175536,0.175536,0.34344,0.259488,0.000864,0.001632,0.002784,0.009312,0.009408,0.0077,0.00264,0.001452,0.005368,0.002464,0.002376
ZTF25aaxegmh,SLSN-I,0.2563,18.7821,0.39,0.258,0.188,0.164,0.0,0.0,0.0,0.0,0.0,0.0,0.0,0.0,0.0,0.0,0.0
ZTF25abixhdc,SLSN-I,0.22,18.1903,0.14062,0.14596,0.36846,0.23496,0.00192,0.0024,0.00564,0.02256,0.02748,0.0197,0.0056,0.0032,0.0114,0.0049,0.0052
ZTF25abmjfcf,SLSN-I,0.11,18.2922,0.375248,0.247504,0.223552,0.151696,0.0,0.0,0.0,0.0,0.0,0.000156,0.00028,0.000272,0.000652,0.00034,0.0003
ZTF25abxfsza,SLSN-I,0.17,18.0249,0.05556,0.059264,0.21298,0.598196,0.000704,0.001056,0.005016,0.036256,0.000968,0.0069,0.0033,0.00318,0.0084,0.0039,0.00432
ZTF25acemaph,SLSN-I,0.1335,16.9384,0.186456,0.179144,0.327212,0.221188,0.001152,0.002232,0.003312,0.022464,0.00684,0.018,0.0053,0.0036,0.0123,0.0051,0.0057
ZTF17aaazdba,TDE,0.022,15.2769,0.020832,0.049104,0.104656,0.073408,0.004708,0.007704,0.0321,0.143808,0.02568,0.074244,0.08608,0.030128,0.08608,0.119436,0.142032
ZTF19aabbnzo,TDE,0.091,18.6643,0.196988,0.117216,0.180708,0.319088,0.006336,0.0216,0.00792,0.029664,0.00648,0.021888,0.013452,0.011628,0.028728,0.017784,0.02052
ZTF19aapreis,TDE,0.0512,17.8466,0.05576,0.0902,0.31816,0.35588,0.00462,0.04048,0.0473,0.0088,0.0088,0.01414,0.0098,0.00364,0.00798,0.01246,0.02198
ZTF19aarioci,TDE,0.074,18.1438,0.150012,0.179644,0.214832,0.381512,0.000784,0.001736,0.0056,0.018816,0.001064,0.009292,0.00276,0.00138,0.008372,0.01334,0.010856
ZTF19abidbya,TDE,0.117,18.8589,0.35,0.16,0.28,0.21,0.0,0.0,0.0,0.0,0.0,0.0,0.0,0.0,0.0,0.0,0.0
ZTF19abzrhgq,TDE,0.0151,15.7882,0.129344,0.16544,0.269216,0.188,0.002196,0.007808,0.036112,0.070028,0.005856,0.036036,0.013608,0.009072,0.019152,0.022428,0.025704
ZTF20aabqihu,TDE,0.068,18.7141,0.322704,0.237048,0.221112,0.215136,0.000144,0.000768,0.000512,0.0005,7.6e-05,0.000576,0.000264,8e-05,0.000192,0.000312,0.000576
ZTF20abfcszi,TDE,0.07,18.2459,0.034368,0.088784,0.211936,0.380912,0.007384,0.039192,0.061344,0.025276,0.008804,0.017608,0.014768,0.007384,0.00994,0.035216,0.057084
ZTF20abgwfek,TDE,0.062,17.7914,0.56826,0.17424,0.17424,0.07326,0.0,0.0,0.0,0.0,0.0,0.00034,0.00146,0.00094,0.00396,0.0018,0.0015
ZTF20acaazkt,TDE,0.044,16.8808,0.402192,0.305172,0.1323,0.042336,0.000144,0.00024,0.00048,0.022416,0.00072,0.001504,0.006768,0.006016,0.05452,0.021244,0.003948
ZTF20acitpfz,TDE,0.02738,17.9364,0.39376,0.21528,0.13432,0.17664,0.004104,0.013068,0.012744,0.020736,0.003348,0.002184,0.002392,0.002288,0.004368,0.006656,0.008112
ZTF20acnznms,TDE,0.204,18.5241,0.049896,0.086856,0.17556,0.611688,0.002704,0.008008,0.018928,0.020072,0.002288,0.007152,0.001104,0.00048,0.004128,0.006528,0.004608
ZTF21abcgnqn,TDE,0.047,18.4192,0.140264,0.132384,0.245856,0.269496,0.00946,0.03278,0.0253,0.0374,0.00506,0.00918,0.014688,0.007548,0.014484,0.014688,0.041412
ZTF21abhrchb,TDE,0.0805,18.7332,0.26892,0.161352,0.247008,0.31872,9.6e-05,0.000256,0.000464,0.001064,0.00012,0.000272,0.000244,0.0002,0.000544,0.00034,0.0004
ZTF21abjrysr,TDE,0.059,18.6177,0.54514,0.20564,0.12804,0.09118,0.001568,0.018928,0.00532,0.00056,0.001624,0.000584,0.000228,0.0001,0.000164,0.000368,0.000556
ZTF21abqtckk,TDE,0.127,18.6079,0.065736,0.081672,0.21912,0.629472,8.8e-05,0.000132,0.000416,0.001332,3.2e-05,0.000532,0.000148,0.000148,0.000616,0.000256,0.0003
ZTF21abxngcz,TDE,0.286,18.8816,0.034672,0.029944,0.203304,0.52008,0.008208,0.019872,0.028944,0.047952,0.003024,0.023712,0.013104,0.005408,0.020384,0.015392,0.026
ZTF22aagvrlq,TDE,0.395,18.8505,0.193148,0.127584,0.262256,0.303012,0.003608,0.009328,0.004488,0.024112,0.002464,0.01568,0.00546,0.00658,0.02394,0.01022,0.00812
ZTF22aagyuao,TDE,0.12,16.4307,0.380584,0.19366,0.183556,0.0842,0.00024,0.00056,0.00152,0.03696,0.00072,0.003068,0.02006,0.025252,0.043188,0.013216,0.013216
ZTF22aavvqyh,TDE,0.095,18.1276,0.054656,0.15616,0.456768,0.308416,0.000744,0.00228,0.00372,0.004776,0.00048,0.002712,0.000912,0.000648,0.002904,0.002376,0.002448
ZTF22abegjtx,TDE,0.054,18.1113,0.0606,0.082416,0.286032,0.176952,0.016848,0.072072,0.06318,0.052884,0.029016,0.01344,0.03136,0.01536,0.02592,0.01568,0.05824
ZTF22abkfhua,TDE,0.049,18.0771,0.05642,0.119288,0.272428,0.357864,0.0056,0.0122,0.0324,0.0434,0.0064,0.015416,0.007896,0.00564,0.029516,0.016732,0.0188
ZTF23aapyidj,TDE,0.087,18.2653,0.13468,0.15834,0.29848,0.3185,0.0024,0.015648,0.022368,0.004512,0.003072,0.00504,0.003612,0.001932,0.0042,0.007728,0.019488
ZTF23aaqdjhi,TDE,0.0482,15.8255,0.4002,0.27144,0.11658,0.08178,0.000616,0.002072,0.000644,0.009772,0.000896,0.002552,0.015544,0.016936,0.03364,0.03132,0.016008
ZTF24aajvvhj,TDE,0.12,17.9365,0.063616,0.053676,0.27832,0.598388,3.6e-05,9.2e-05,0.000316,0.001508,4.8e-05,0.000792,0.00044,0.000376,0.001232,0.000568,0.000592
ZTF24abjfuew,TDE,0.063,18.4995,0.23562,0.16632,0.34254,0.24552,0.0,0.0,0.0,0.0,0.0,0.00224,0.00098,0.0006,0.00232,0.00162,0.00224
ZTF24abmybnp,TDE,0.06168,17.8212,0.110896,0.166344,0.309744,0.369016,0.000532,0.003024,0.004284,0.005572,0.000588,0.00696,0.00276,0.00156,0.00804,0.00396,0.00672
ZTF24abyhjvc,TDE,0.0835,18.0461,0.15968,0.165668,0.341316,0.331336,0.0,0.0,0.0,0.0,0.0,0.00054,0.000156,0.00012,0.000564,0.000336,0.000284
ZTF25aajfjhm,TDE,0.089,17.9273,0.19552,0.10716,0.27448,0.36284,0.001872,0.010152,0.009936,0.01188,0.00216,0.002352,0.003264,0.002112,0.001872,0.003072,0.011328
ZTF25aaymnha,TDE,0.093,18.8102,0.162708,0.137676,0.309324,0.284292,0.00448,0.01288,0.0175,0.03262,0.00252,0.00504,0.004896,0.0036,0.006336,0.007128,0.009
